indicador,ano,nivel_territorial,codigo_localidade,localidade,variavel,unidade,valor,classificacao,categoria
Distribuição por faixas de renda,2022,Unidade da Federação,25,Paraíba,"Moradores em domicílios particulares permanentes ocupados, exclusive os cuja condição no domicílio era pensionista, empregado(a) doméstico(a) ou parente do(a) empregado(a) doméstico(a)",Pessoas,3958794,Classes de rendimento nominal mensal domiciliar per capita,Total
Distribuição por faixas de renda,2022,Município,2500106,Água Branca (PB),"Moradores em domicílios particulares permanentes ocupados, exclusive os cuja condição no domicílio era pensionista, empregado(a) doméstico(a) ou parente do(a) empregado(a) doméstico(a)",Pessoas,9335,Classes de rendimento nominal mensal domiciliar per capita,Total
Distribuição por faixas de renda,2022,Município,2500205,Aguiar (PB),"Moradores em domicílios particulares permanentes ocupados, exclusive os cuja condição no domicílio era pensionista, empregado(a) doméstico(a) ou parente do(a) empregado(a) doméstico(a)",Pessoas,5003,Classes de rendimento nominal mensal domiciliar per capita,Total
Distribuição por faixas de renda,2022,Município,2500304,Alagoa Grande (PB),"Moradores em domicílios particulares permanentes ocupados, exclusive os cuja condição no domicílio era pensionista, empregado(a) doméstico(a) ou parente do(a) empregado(a) doméstico(a)",Pessoas,26019,Classes de rendimento nominal mensal domiciliar per capita,Total
Distribuição por faixas de renda,2022,Município,2500403,Alagoa Nova (PB),"Moradores em domicílios particulares permanentes ocupados, exclusive os cuja condição no domicílio era pensionista, empregado(a) doméstico(a) ou parente do(a) empregado(a) doméstico(a)",Pessoas,20973,Classes de rendimento nominal mensal domiciliar per capita,Total
Distribuição por faixas de renda,2022,Município,2500502,Alagoinha (PB),"Moradores em domicílios particulares permanentes ocupados, exclusive os cuja condição no domicílio era pensionista, empregado(a) doméstico(a) ou parente do(a) empregado(a) doméstico(a)",Pessoas,13692,Classes de rendimento nominal mensal domiciliar per capita,Total
Distribuição por faixas de renda,2022,Município,2500536,Alcantil (PB),"Moradores em domicílios particulares permanentes ocupados, exclusive os cuja condição no domicílio era pensionista, empregado(a) doméstico(a) ou parente do(a) empregado(a) doméstico(a)",Pessoas,5572,Classes de rendimento nominal mensal domiciliar per capita,Total
Distribuição por faixas de renda,2022,Município,2500577,Algodão de Jandaíra (PB),"Moradores em domicílios particulares permanentes ocupados, exclusive os cuja condição no domicílio era pensionista, empregado(a) doméstico(a) ou parente do(a) empregado(a) doméstico(a)",Pessoas,2950,Classes de rendimento nominal mensal domiciliar per capita,Total
Distribuição por faixas de renda,2022,Município,2500601,Alhandra (PB),"Moradores em domicílios particulares permanentes ocupados, exclusive os cuja condição no domicílio era pensionista, empregado(a) doméstico(a) ou parente do(a) empregado(a) doméstico(a)",Pessoas,21618,Classes de rendimento nominal mensal domiciliar per capita,Total
Distribuição por faixas de renda,2022,Município,2500700,São João do Rio do Peixe (PB),"Moradores em domicílios particulares permanentes ocupados, exclusive os cuja condição no domicílio era pensionista, empregado(a) doméstico(a) ou parente do(a) empregado(a) doméstico(a)",Pessoas,17954,Classes de rendimento nominal mensal domiciliar per capita,Total
Distribuição por faixas de renda,2022,Município,2500734,Amparo (PB),"Moradores em domicílios particulares permanentes ocupados, exclusive os cuja condição no domicílio era pensionista, empregado(a) doméstico(a) ou parente do(a) empregado(a) doméstico(a)",Pessoas,2234,Classes de rendimento nominal mensal domiciliar per capita,Total
Distribuição por faixas de renda,2022,Município,2500775,Aparecida (PB),"Moradores em domicílios particulares permanentes ocupados, exclusive os cuja condição no domicílio era pensionista, empregado(a) doméstico(a) ou parente do(a) empregado(a) doméstico(a)",Pessoas,7960,Classes de rendimento nominal mensal domiciliar per capita,Total
Distribuição por faixas de renda,2022,Município,2500809,Araçagi (PB),"Moradores em domicílios particulares permanentes ocupados, exclusive os cuja condição no domicílio era pensionista, empregado(a) doméstico(a) ou parente do(a) empregado(a) doméstico(a)",Pessoas,16637,Classes de rendimento nominal mensal domiciliar per capita,Total
Distribuição por faixas de renda,2022,Município,2500908,Arara (PB),"Moradores em domicílios particulares permanentes ocupados, exclusive os cuja condição no domicílio era pensionista, empregado(a) doméstico(a) ou parente do(a) empregado(a) doméstico(a)",Pessoas,12199,Classes de rendimento nominal mensal domiciliar per capita,Total
Distribuição por faixas de renda,2022,Município,2501005,Araruna (PB),"Moradores em domicílios particulares permanentes ocupados, exclusive os cuja condição no domicílio era pensionista, empregado(a) doméstico(a) ou parente do(a) empregado(a) doméstico(a)",Pessoas,17163,Classes de rendimento nominal mensal domiciliar per capita,Total
Distribuição por faixas de renda,2022,Município,2501104,Areia (PB),"Moradores em domicílios particulares permanentes ocupados, exclusive os cuja condição no domicílio era pensionista, empregado(a) doméstico(a) ou parente do(a) empregado(a) doméstico(a)",Pessoas,22570,Classes de rendimento nominal mensal domiciliar per capita,Total
Distribuição por faixas de renda,2022,Município,2501153,Areia de Baraúnas (PB),"Moradores em domicílios particulares permanentes ocupados, exclusive os cuja condição no domicílio era pensionista, empregado(a) doméstico(a) ou parente do(a) empregado(a) doméstico(a)",Pessoas,2005,Classes de rendimento nominal mensal domiciliar per capita,Total
Distribuição por faixas de renda,2022,Município,2501203,Areial (PB),"Moradores em domicílios particulares permanentes ocupados, exclusive os cuja condição no domicílio era pensionista, empregado(a) doméstico(a) ou parente do(a) empregado(a) doméstico(a)",Pessoas,7123,Classes de rendimento nominal mensal domiciliar per capita,Total
Distribuição por faixas de renda,2022,Município,2501302,Aroeiras (PB),"Moradores em domicílios particulares permanentes ocupados, exclusive os cuja condição no domicílio era pensionista, empregado(a) doméstico(a) ou parente do(a) empregado(a) doméstico(a)",Pessoas,18657,Classes de rendimento nominal mensal domiciliar per capita,Total
Distribuição por faixas de renda,2022,Município,2501351,Assunção (PB),"Moradores em domicílios particulares permanentes ocupados, exclusive os cuja condição no domicílio era pensionista, empregado(a) doméstico(a) ou parente do(a) empregado(a) doméstico(a)",Pessoas,4149,Classes de rendimento nominal mensal domiciliar per capita,Total
Distribuição por faixas de renda,2022,Município,2501401,Baía da Traição (PB),"Moradores em domicílios particulares permanentes ocupados, exclusive os cuja condição no domicílio era pensionista, empregado(a) doméstico(a) ou parente do(a) empregado(a) doméstico(a)",Pessoas,9208,Classes de rendimento nominal mensal domiciliar per capita,Total
Distribuição por faixas de renda,2022,Município,2501500,Bananeiras (PB),"Moradores em domicílios particulares permanentes ocupados, exclusive os cuja condição no domicílio era pensionista, empregado(a) doméstico(a) ou parente do(a) empregado(a) doméstico(a)",Pessoas,23037,Classes de rendimento nominal mensal domiciliar per capita,Total
Distribuição por faixas de renda,2022,Município,2501534,Baraúna (PB),"Moradores em domicílios particulares permanentes ocupados, exclusive os cuja condição no domicílio era pensionista, empregado(a) doméstico(a) ou parente do(a) empregado(a) doméstico(a)",Pessoas,4758,Classes de rendimento nominal mensal domiciliar per capita,Total
Distribuição por faixas de renda,2022,Município,2501575,Barra de Santana (PB),"Moradores em domicílios particulares permanentes ocupados, exclusive os cuja condição no domicílio era pensionista, empregado(a) doméstico(a) ou parente do(a) empregado(a) doméstico(a)",Pessoas,8051,Classes de rendimento nominal mensal domiciliar per capita,Total
Distribuição por faixas de renda,2022,Município,2501609,Barra de Santa Rosa (PB),"Moradores em domicílios particulares permanentes ocupados, exclusive os cuja condição no domicílio era pensionista, empregado(a) doméstico(a) ou parente do(a) empregado(a) doméstico(a)",Pessoas,12900,Classes de rendimento nominal mensal domiciliar per capita,Total
Distribuição por faixas de renda,2022,Município,2501708,Barra de São Miguel (PB),"Moradores em domicílios particulares permanentes ocupados, exclusive os cuja condição no domicílio era pensionista, empregado(a) doméstico(a) ou parente do(a) empregado(a) doméstico(a)",Pessoas,5906,Classes de rendimento nominal mensal domiciliar per capita,Total
Distribuição por faixas de renda,2022,Município,2501807,Bayeux (PB),"Moradores em domicílios particulares permanentes ocupados, exclusive os cuja condição no domicílio era pensionista, empregado(a) doméstico(a) ou parente do(a) empregado(a) doméstico(a)",Pessoas,82667,Classes de rendimento nominal mensal domiciliar per capita,Total
Distribuição por faixas de renda,2022,Município,2501906,Belém (PB),"Moradores em domicílios particulares permanentes ocupados, exclusive os cuja condição no domicílio era pensionista, empregado(a) doméstico(a) ou parente do(a) empregado(a) doméstico(a)",Pessoas,16316,Classes de rendimento nominal mensal domiciliar per capita,Total
Distribuição por faixas de renda,2022,Município,2502003,Belém do Brejo do Cruz (PB),"Moradores em domicílios particulares permanentes ocupados, exclusive os cuja condição no domicílio era pensionista, empregado(a) doméstico(a) ou parente do(a) empregado(a) doméstico(a)",Pessoas,6268,Classes de rendimento nominal mensal domiciliar per capita,Total
Distribuição por faixas de renda,2022,Município,2502052,Bernardino Batista (PB),"Moradores em domicílios particulares permanentes ocupados, exclusive os cuja condição no domicílio era pensionista, empregado(a) doméstico(a) ou parente do(a) empregado(a) doméstico(a)",Pessoas,3504,Classes de rendimento nominal mensal domiciliar per capita,Total
Distribuição por faixas de renda,2022,Município,2502102,Boa Ventura (PB),"Moradores em domicílios particulares permanentes ocupados, exclusive os cuja condição no domicílio era pensionista, empregado(a) doméstico(a) ou parente do(a) empregado(a) doméstico(a)",Pessoas,5204,Classes de rendimento nominal mensal domiciliar per capita,Total
Distribuição por faixas de renda,2022,Município,2502151,Boa Vista (PB),"Moradores em domicílios particulares permanentes ocupados, exclusive os cuja condição no domicílio era pensionista, empregado(a) doméstico(a) ou parente do(a) empregado(a) doméstico(a)",Pessoas,6365,Classes de rendimento nominal mensal domiciliar per capita,Total
Distribuição por faixas de renda,2022,Município,2502201,Bom Jesus (PB),"Moradores em domicílios particulares permanentes ocupados, exclusive os cuja condição no domicílio era pensionista, empregado(a) doméstico(a) ou parente do(a) empregado(a) doméstico(a)",Pessoas,2286,Classes de rendimento nominal mensal domiciliar per capita,Total
Distribuição por faixas de renda,2022,Município,2502300,Bom Sucesso (PB),"Moradores em domicílios particulares permanentes ocupados, exclusive os cuja condição no domicílio era pensionista, empregado(a) doméstico(a) ou parente do(a) empregado(a) doméstico(a)",Pessoas,4661,Classes de rendimento nominal mensal domiciliar per capita,Total
Distribuição por faixas de renda,2022,Município,2502409,Bonito de Santa Fé (PB),"Moradores em domicílios particulares permanentes ocupados, exclusive os cuja condição no domicílio era pensionista, empregado(a) doméstico(a) ou parente do(a) empregado(a) doméstico(a)",Pessoas,10252,Classes de rendimento nominal mensal domiciliar per capita,Total
Distribuição por faixas de renda,2022,Município,2502508,Boqueirão (PB),"Moradores em domicílios particulares permanentes ocupados, exclusive os cuja condição no domicílio era pensionista, empregado(a) doméstico(a) ou parente do(a) empregado(a) doméstico(a)",Pessoas,17534,Classes de rendimento nominal mensal domiciliar per capita,Total
Distribuição por faixas de renda,2022,Município,2502607,Igaracy (PB),"Moradores em domicílios particulares permanentes ocupados, exclusive os cuja condição no domicílio era pensionista, empregado(a) doméstico(a) ou parente do(a) empregado(a) doméstico(a)",Pessoas,5633,Classes de rendimento nominal mensal domiciliar per capita,Total
Distribuição por faixas de renda,2022,Município,2502706,Borborema (PB),"Moradores em domicílios particulares permanentes ocupados, exclusive os cuja condição no domicílio era pensionista, empregado(a) doméstico(a) ou parente do(a) empregado(a) doméstico(a)",Pessoas,4197,Classes de rendimento nominal mensal domiciliar per capita,Total
Distribuição por faixas de renda,2022,Município,2502805,Brejo do Cruz (PB),"Moradores em domicílios particulares permanentes ocupados, exclusive os cuja condição no domicílio era pensionista, empregado(a) doméstico(a) ou parente do(a) empregado(a) doméstico(a)",Pessoas,13613,Classes de rendimento nominal mensal domiciliar per capita,Total
Distribuição por faixas de renda,2022,Município,2502904,Brejo dos Santos (PB),"Moradores em domicílios particulares permanentes ocupados, exclusive os cuja condição no domicílio era pensionista, empregado(a) doméstico(a) ou parente do(a) empregado(a) doméstico(a)",Pessoas,5742,Classes de rendimento nominal mensal domiciliar per capita,Total
Distribuição por faixas de renda,2022,Município,2503001,Caaporã (PB),"Moradores em domicílios particulares permanentes ocupados, exclusive os cuja condição no domicílio era pensionista, empregado(a) doméstico(a) ou parente do(a) empregado(a) doméstico(a)",Pessoas,21193,Classes de rendimento nominal mensal domiciliar per capita,Total
Distribuição por faixas de renda,2022,Município,2503100,Cabaceiras (PB),"Moradores em domicílios particulares permanentes ocupados, exclusive os cuja condição no domicílio era pensionista, empregado(a) doméstico(a) ou parente do(a) empregado(a) doméstico(a)",Pessoas,5328,Classes de rendimento nominal mensal domiciliar per capita,Total
Distribuição por faixas de renda,2022,Município,2503209,Cabedelo (PB),"Moradores em domicílios particulares permanentes ocupados, exclusive os cuja condição no domicílio era pensionista, empregado(a) doméstico(a) ou parente do(a) empregado(a) doméstico(a)",Pessoas,66162,Classes de rendimento nominal mensal domiciliar per capita,Total
Distribuição por faixas de renda,2022,Município,2503308,Cachoeira dos Índios (PB),"Moradores em domicílios particulares permanentes ocupados, exclusive os cuja condição no domicílio era pensionista, empregado(a) doméstico(a) ou parente do(a) empregado(a) doméstico(a)",Pessoas,9151,Classes de rendimento nominal mensal domiciliar per capita,Total
Distribuição por faixas de renda,2022,Município,2503407,Cacimba de Areia (PB),"Moradores em domicílios particulares permanentes ocupados, exclusive os cuja condição no domicílio era pensionista, empregado(a) doméstico(a) ou parente do(a) empregado(a) doméstico(a)",Pessoas,3284,Classes de rendimento nominal mensal domiciliar per capita,Total
Distribuição por faixas de renda,2022,Município,2503506,Cacimba de Dentro (PB),"Moradores em domicílios particulares permanentes ocupados, exclusive os cuja condição no domicílio era pensionista, empregado(a) doméstico(a) ou parente do(a) empregado(a) doméstico(a)",Pessoas,16059,Classes de rendimento nominal mensal domiciliar per capita,Total
Distribuição por faixas de renda,2022,Município,2503555,Cacimbas (PB),"Moradores em domicílios particulares permanentes ocupados, exclusive os cuja condição no domicílio era pensionista, empregado(a) doméstico(a) ou parente do(a) empregado(a) doméstico(a)",Pessoas,7223,Classes de rendimento nominal mensal domiciliar per capita,Total
Distribuição por faixas de renda,2022,Município,2503605,Caiçara (PB),"Moradores em domicílios particulares permanentes ocupados, exclusive os cuja condição no domicílio era pensionista, empregado(a) doméstico(a) ou parente do(a) empregado(a) doméstico(a)",Pessoas,6602,Classes de rendimento nominal mensal domiciliar per capita,Total
Distribuição por faixas de renda,2022,Município,2503704,Cajazeiras (PB),"Moradores em domicílios particulares permanentes ocupados, exclusive os cuja condição no domicílio era pensionista, empregado(a) doméstico(a) ou parente do(a) empregado(a) doméstico(a)",Pessoas,62764,Classes de rendimento nominal mensal domiciliar per capita,Total
Distribuição por faixas de renda,2022,Município,2503753,Cajazeirinhas (PB),"Moradores em domicílios particulares permanentes ocupados, exclusive os cuja condição no domicílio era pensionista, empregado(a) doméstico(a) ou parente do(a) empregado(a) doméstico(a)",Pessoas,2728,Classes de rendimento nominal mensal domiciliar per capita,Total
Distribuição por faixas de renda,2022,Município,2503803,Caldas Brandão (PB),"Moradores em domicílios particulares permanentes ocupados, exclusive os cuja condição no domicílio era pensionista, empregado(a) doméstico(a) ou parente do(a) empregado(a) doméstico(a)",Pessoas,5751,Classes de rendimento nominal mensal domiciliar per capita,Total
Distribuição por faixas de renda,2022,Município,2503902,Camalaú (PB),"Moradores em domicílios particulares permanentes ocupados, exclusive os cuja condição no domicílio era pensionista, empregado(a) doméstico(a) ou parente do(a) empregado(a) doméstico(a)",Pessoas,6042,Classes de rendimento nominal mensal domiciliar per capita,Total
Distribuição por faixas de renda,2022,Município,2504009,Campina Grande (PB),"Moradores em domicílios particulares permanentes ocupados, exclusive os cuja condição no domicílio era pensionista, empregado(a) doméstico(a) ou parente do(a) empregado(a) doméstico(a)",Pessoas,416829,Classes de rendimento nominal mensal domiciliar per capita,Total
Distribuição por faixas de renda,2022,Município,2504033,Capim (PB),"Moradores em domicílios particulares permanentes ocupados, exclusive os cuja condição no domicílio era pensionista, empregado(a) doméstico(a) ou parente do(a) empregado(a) doméstico(a)",Pessoas,6970,Classes de rendimento nominal mensal domiciliar per capita,Total
Distribuição por faixas de renda,2022,Município,2504074,Caraúbas (PB),"Moradores em domicílios particulares permanentes ocupados, exclusive os cuja condição no domicílio era pensionista, empregado(a) doméstico(a) ou parente do(a) empregado(a) doméstico(a)",Pessoas,3944,Classes de rendimento nominal mensal domiciliar per capita,Total
Distribuição por faixas de renda,2022,Município,2504108,Carrapateira (PB),"Moradores em domicílios particulares permanentes ocupados, exclusive os cuja condição no domicílio era pensionista, empregado(a) doméstico(a) ou parente do(a) empregado(a) doméstico(a)",Pessoas,2312,Classes de rendimento nominal mensal domiciliar per capita,Total
Distribuição por faixas de renda,2022,Município,2504157,Casserengue (PB),"Moradores em domicílios particulares permanentes ocupados, exclusive os cuja condição no domicílio era pensionista, empregado(a) doméstico(a) ou parente do(a) empregado(a) doméstico(a)",Pessoas,6889,Classes de rendimento nominal mensal domiciliar per capita,Total
Distribuição por faixas de renda,2022,Município,2504207,Catingueira (PB),"Moradores em domicílios particulares permanentes ocupados, exclusive os cuja condição no domicílio era pensionista, empregado(a) doméstico(a) ou parente do(a) empregado(a) doméstico(a)",Pessoas,4491,Classes de rendimento nominal mensal domiciliar per capita,Total
Distribuição por faixas de renda,2022,Município,2504306,Catolé do Rocha (PB),"Moradores em domicílios particulares permanentes ocupados, exclusive os cuja condição no domicílio era pensionista, empregado(a) doméstico(a) ou parente do(a) empregado(a) doméstico(a)",Pessoas,30458,Classes de rendimento nominal mensal domiciliar per capita,Total
Distribuição por faixas de renda,2022,Município,2504355,Caturité (PB),"Moradores em domicílios particulares permanentes ocupados, exclusive os cuja condição no domicílio era pensionista, empregado(a) doméstico(a) ou parente do(a) empregado(a) doméstico(a)",Pessoas,5254,Classes de rendimento nominal mensal domiciliar per capita,Total
Distribuição por faixas de renda,2022,Município,2504405,Conceição (PB),"Moradores em domicílios particulares permanentes ocupados, exclusive os cuja condição no domicílio era pensionista, empregado(a) doméstico(a) ou parente do(a) empregado(a) doméstico(a)",Pessoas,18234,Classes de rendimento nominal mensal domiciliar per capita,Total
Distribuição por faixas de renda,2022,Município,2504504,Condado (PB),"Moradores em domicílios particulares permanentes ocupados, exclusive os cuja condição no domicílio era pensionista, empregado(a) doméstico(a) ou parente do(a) empregado(a) doméstico(a)",Pessoas,6437,Classes de rendimento nominal mensal domiciliar per capita,Total
Distribuição por faixas de renda,2022,Município,2504603,Conde (PB),"Moradores em domicílios particulares permanentes ocupados, exclusive os cuja condição no domicílio era pensionista, empregado(a) doméstico(a) ou parente do(a) empregado(a) doméstico(a)",Pessoas,27400,Classes de rendimento nominal mensal domiciliar per capita,Total
Distribuição por faixas de renda,2022,Município,2504702,Congo (PB),"Moradores em domicílios particulares permanentes ocupados, exclusive os cuja condição no domicílio era pensionista, empregado(a) doméstico(a) ou parente do(a) empregado(a) doméstico(a)",Pessoas,4933,Classes de rendimento nominal mensal domiciliar per capita,Total
Distribuição por faixas de renda,2022,Município,2504801,Coremas (PB),"Moradores em domicílios particulares permanentes ocupados, exclusive os cuja condição no domicílio era pensionista, empregado(a) doméstico(a) ou parente do(a) empregado(a) doméstico(a)",Pessoas,14609,Classes de rendimento nominal mensal domiciliar per capita,Total
Distribuição por faixas de renda,2022,Município,2504850,Coxixola (PB),"Moradores em domicílios particulares permanentes ocupados, exclusive os cuja condição no domicílio era pensionista, empregado(a) doméstico(a) ou parente do(a) empregado(a) doméstico(a)",Pessoas,1824,Classes de rendimento nominal mensal domiciliar per capita,Total
Distribuição por faixas de renda,2022,Município,2504900,Cruz do Espírito Santo (PB),"Moradores em domicílios particulares permanentes ocupados, exclusive os cuja condição no domicílio era pensionista, empregado(a) doméstico(a) ou parente do(a) empregado(a) doméstico(a)",Pessoas,17089,Classes de rendimento nominal mensal domiciliar per capita,Total
Distribuição por faixas de renda,2022,Município,2505006,Cubati (PB),"Moradores em domicílios particulares permanentes ocupados, exclusive os cuja condição no domicílio era pensionista, empregado(a) doméstico(a) ou parente do(a) empregado(a) doméstico(a)",Pessoas,7540,Classes de rendimento nominal mensal domiciliar per capita,Total
Distribuição por faixas de renda,2022,Município,2505105,Cuité (PB),"Moradores em domicílios particulares permanentes ocupados, exclusive os cuja condição no domicílio era pensionista, empregado(a) doméstico(a) ou parente do(a) empregado(a) doméstico(a)",Pessoas,19625,Classes de rendimento nominal mensal domiciliar per capita,Total
Distribuição por faixas de renda,2022,Município,2505204,Cuitegi (PB),"Moradores em domicílios particulares permanentes ocupados, exclusive os cuja condição no domicílio era pensionista, empregado(a) doméstico(a) ou parente do(a) empregado(a) doméstico(a)",Pessoas,6730,Classes de rendimento nominal mensal domiciliar per capita,Total
Distribuição por faixas de renda,2022,Município,2505238,Cuité de Mamanguape (PB),"Moradores em domicílios particulares permanentes ocupados, exclusive os cuja condição no domicílio era pensionista, empregado(a) doméstico(a) ou parente do(a) empregado(a) doméstico(a)",Pessoas,6238,Classes de rendimento nominal mensal domiciliar per capita,Total
Distribuição por faixas de renda,2022,Município,2505279,Curral de Cima (PB),"Moradores em domicílios particulares permanentes ocupados, exclusive os cuja condição no domicílio era pensionista, empregado(a) doméstico(a) ou parente do(a) empregado(a) doméstico(a)",Pessoas,5252,Classes de rendimento nominal mensal domiciliar per capita,Total
Distribuição por faixas de renda,2022,Município,2505303,Curral Velho (PB),"Moradores em domicílios particulares permanentes ocupados, exclusive os cuja condição no domicílio era pensionista, empregado(a) doméstico(a) ou parente do(a) empregado(a) doméstico(a)",Pessoas,2288,Classes de rendimento nominal mensal domiciliar per capita,Total
Distribuição por faixas de renda,2022,Município,2505352,Damião (PB),"Moradores em domicílios particulares permanentes ocupados, exclusive os cuja condição no domicílio era pensionista, empregado(a) doméstico(a) ou parente do(a) empregado(a) doméstico(a)",Pessoas,4982,Classes de rendimento nominal mensal domiciliar per capita,Total
Distribuição por faixas de renda,2022,Município,2505402,Desterro (PB),"Moradores em domicílios particulares permanentes ocupados, exclusive os cuja condição no domicílio era pensionista, empregado(a) doméstico(a) ou parente do(a) empregado(a) doméstico(a)",Pessoas,8067,Classes de rendimento nominal mensal domiciliar per capita,Total
Distribuição por faixas de renda,2022,Município,2505501,Vista Serrana (PB),"Moradores em domicílios particulares permanentes ocupados, exclusive os cuja condição no domicílio era pensionista, empregado(a) doméstico(a) ou parente do(a) empregado(a) doméstico(a)",Pessoas,3641,Classes de rendimento nominal mensal domiciliar per capita,Total
Distribuição por faixas de renda,2022,Município,2505600,Diamante (PB),"Moradores em domicílios particulares permanentes ocupados, exclusive os cuja condição no domicílio era pensionista, empregado(a) doméstico(a) ou parente do(a) empregado(a) doméstico(a)",Pessoas,6299,Classes de rendimento nominal mensal domiciliar per capita,Total
Distribuição por faixas de renda,2022,Município,2505709,Dona Inês (PB),"Moradores em domicílios particulares permanentes ocupados, exclusive os cuja condição no domicílio era pensionista, empregado(a) doméstico(a) ou parente do(a) empregado(a) doméstico(a)",Pessoas,10340,Classes de rendimento nominal mensal domiciliar per capita,Total
Distribuição por faixas de renda,2022,Município,2505808,Duas Estradas (PB),"Moradores em domicílios particulares permanentes ocupados, exclusive os cuja condição no domicílio era pensionista, empregado(a) doméstico(a) ou parente do(a) empregado(a) doméstico(a)",Pessoas,3313,Classes de rendimento nominal mensal domiciliar per capita,Total
Distribuição por faixas de renda,2022,Município,2505907,Emas (PB),"Moradores em domicílios particulares permanentes ocupados, exclusive os cuja condição no domicílio era pensionista, empregado(a) doméstico(a) ou parente do(a) empregado(a) doméstico(a)",Pessoas,2992,Classes de rendimento nominal mensal domiciliar per capita,Total
Distribuição por faixas de renda,2022,Município,2506004,Esperança (PB),"Moradores em domicílios particulares permanentes ocupados, exclusive os cuja condição no domicílio era pensionista, empregado(a) doméstico(a) ou parente do(a) empregado(a) doméstico(a)",Pessoas,31144,Classes de rendimento nominal mensal domiciliar per capita,Total
Distribuição por faixas de renda,2022,Município,2506103,Fagundes (PB),"Moradores em domicílios particulares permanentes ocupados, exclusive os cuja condição no domicílio era pensionista, empregado(a) doméstico(a) ou parente do(a) empregado(a) doméstico(a)",Pessoas,11049,Classes de rendimento nominal mensal domiciliar per capita,Total
Distribuição por faixas de renda,2022,Município,2506202,Frei Martinho (PB),"Moradores em domicílios particulares permanentes ocupados, exclusive os cuja condição no domicílio era pensionista, empregado(a) doméstico(a) ou parente do(a) empregado(a) doméstico(a)",Pessoas,2835,Classes de rendimento nominal mensal domiciliar per capita,Total
Distribuição por faixas de renda,2022,Município,2506251,Gado Bravo (PB),"Moradores em domicílios particulares permanentes ocupados, exclusive os cuja condição no domicílio era pensionista, empregado(a) doméstico(a) ou parente do(a) empregado(a) doméstico(a)",Pessoas,8179,Classes de rendimento nominal mensal domiciliar per capita,Total
Distribuição por faixas de renda,2022,Município,2506301,Guarabira (PB),"Moradores em domicílios particulares permanentes ocupados, exclusive os cuja condição no domicílio era pensionista, empregado(a) doméstico(a) ou parente do(a) empregado(a) doméstico(a)",Pessoas,57046,Classes de rendimento nominal mensal domiciliar per capita,Total
Distribuição por faixas de renda,2022,Município,2506400,Gurinhém (PB),"Moradores em domicílios particulares permanentes ocupados, exclusive os cuja condição no domicílio era pensionista, empregado(a) doméstico(a) ou parente do(a) empregado(a) doméstico(a)",Pessoas,13766,Classes de rendimento nominal mensal domiciliar per capita,Total
Distribuição por faixas de renda,2022,Município,2506509,Gurjão (PB),"Moradores em domicílios particulares permanentes ocupados, exclusive os cuja condição no domicílio era pensionista, empregado(a) doméstico(a) ou parente do(a) empregado(a) doméstico(a)",Pessoas,3242,Classes de rendimento nominal mensal domiciliar per capita,Total
Distribuição por faixas de renda,2022,Município,2506608,Ibiara (PB),"Moradores em domicílios particulares permanentes ocupados, exclusive os cuja condição no domicílio era pensionista, empregado(a) doméstico(a) ou parente do(a) empregado(a) doméstico(a)",Pessoas,5626,Classes de rendimento nominal mensal domiciliar per capita,Total
Distribuição por faixas de renda,2022,Município,2506707,Imaculada (PB),"Moradores em domicílios particulares permanentes ocupados, exclusive os cuja condição no domicílio era pensionista, empregado(a) doméstico(a) ou parente do(a) empregado(a) doméstico(a)",Pessoas,10392,Classes de rendimento nominal mensal domiciliar per capita,Total
Distribuição por faixas de renda,2022,Município,2506806,Ingá (PB),"Moradores em domicílios particulares permanentes ocupados, exclusive os cuja condição no domicílio era pensionista, empregado(a) doméstico(a) ou parente do(a) empregado(a) doméstico(a)",Pessoas,17628,Classes de rendimento nominal mensal domiciliar per capita,Total
Distribuição por faixas de renda,2022,Município,2506905,Itabaiana (PB),"Moradores em domicílios particulares permanentes ocupados, exclusive os cuja condição no domicílio era pensionista, empregado(a) doméstico(a) ou parente do(a) empregado(a) doméstico(a)",Pessoas,23083,Classes de rendimento nominal mensal domiciliar per capita,Total
Distribuição por faixas de renda,2022,Município,2507002,Itaporanga (PB),"Moradores em domicílios particulares permanentes ocupados, exclusive os cuja condição no domicílio era pensionista, empregado(a) doméstico(a) ou parente do(a) empregado(a) doméstico(a)",Pessoas,23845,Classes de rendimento nominal mensal domiciliar per capita,Total
Distribuição por faixas de renda,2022,Município,2507101,Itapororoca (PB),"Moradores em domicílios particulares permanentes ocupados, exclusive os cuja condição no domicílio era pensionista, empregado(a) doméstico(a) ou parente do(a) empregado(a) doméstico(a)",Pessoas,18376,Classes de rendimento nominal mensal domiciliar per capita,Total
Distribuição por faixas de renda,2022,Município,2507200,Itatuba (PB),"Moradores em domicílios particulares permanentes ocupados, exclusive os cuja condição no domicílio era pensionista, empregado(a) doméstico(a) ou parente do(a) empregado(a) doméstico(a)",Pessoas,10480,Classes de rendimento nominal mensal domiciliar per capita,Total
Distribuição por faixas de renda,2022,Município,2507309,Jacaraú (PB),"Moradores em domicílios particulares permanentes ocupados, exclusive os cuja condição no domicílio era pensionista, empregado(a) doméstico(a) ou parente do(a) empregado(a) doméstico(a)",Pessoas,14451,Classes de rendimento nominal mensal domiciliar per capita,Total
Distribuição por faixas de renda,2022,Município,2507408,Jericó (PB),"Moradores em domicílios particulares permanentes ocupados, exclusive os cuja condição no domicílio era pensionista, empregado(a) doméstico(a) ou parente do(a) empregado(a) doméstico(a)",Pessoas,7513,Classes de rendimento nominal mensal domiciliar per capita,Total
Distribuição por faixas de renda,2022,Município,2507507,João Pessoa (PB),"Moradores em domicílios particulares permanentes ocupados, exclusive os cuja condição no domicílio era pensionista, empregado(a) doméstico(a) ou parente do(a) empregado(a) doméstico(a)",Pessoas,827822,Classes de rendimento nominal mensal domiciliar per capita,Total
Distribuição por faixas de renda,2022,Município,2507606,Juarez Távora (PB),"Moradores em domicílios particulares permanentes ocupados, exclusive os cuja condição no domicílio era pensionista, empregado(a) doméstico(a) ou parente do(a) empregado(a) doméstico(a)",Pessoas,7791,Classes de rendimento nominal mensal domiciliar per capita,Total
Distribuição por faixas de renda,2022,Município,2507705,Juazeirinho (PB),"Moradores em domicílios particulares permanentes ocupados, exclusive os cuja condição no domicílio era pensionista, empregado(a) doméstico(a) ou parente do(a) empregado(a) doméstico(a)",Pessoas,16999,Classes de rendimento nominal mensal domiciliar per capita,Total
Distribuição por faixas de renda,2022,Município,2507804,Junco do Seridó (PB),"Moradores em domicílios particulares permanentes ocupados, exclusive os cuja condição no domicílio era pensionista, empregado(a) doméstico(a) ou parente do(a) empregado(a) doméstico(a)",Pessoas,6769,Classes de rendimento nominal mensal domiciliar per capita,Total
Distribuição por faixas de renda,2022,Município,2507903,Juripiranga (PB),"Moradores em domicílios particulares permanentes ocupados, exclusive os cuja condição no domicílio era pensionista, empregado(a) doméstico(a) ou parente do(a) empregado(a) doméstico(a)",Pessoas,10012,Classes de rendimento nominal mensal domiciliar per capita,Total
Distribuição por faixas de renda,2022,Município,2508000,Juru (PB),"Moradores em domicílios particulares permanentes ocupados, exclusive os cuja condição no domicílio era pensionista, empregado(a) doméstico(a) ou parente do(a) empregado(a) doméstico(a)",Pessoas,9234,Classes de rendimento nominal mensal domiciliar per capita,Total
Distribuição por faixas de renda,2022,Município,2508109,Lagoa (PB),"Moradores em domicílios particulares permanentes ocupados, exclusive os cuja condição no domicílio era pensionista, empregado(a) doméstico(a) ou parente do(a) empregado(a) doméstico(a)",Pessoas,4366,Classes de rendimento nominal mensal domiciliar per capita,Total
Distribuição por faixas de renda,2022,Município,2508208,Lagoa de Dentro (PB),"Moradores em domicílios particulares permanentes ocupados, exclusive os cuja condição no domicílio era pensionista, empregado(a) doméstico(a) ou parente do(a) empregado(a) doméstico(a)",Pessoas,7806,Classes de rendimento nominal mensal domiciliar per capita,Total
Distribuição por faixas de renda,2022,Município,2508307,Lagoa Seca (PB),"Moradores em domicílios particulares permanentes ocupados, exclusive os cuja condição no domicílio era pensionista, empregado(a) doméstico(a) ou parente do(a) empregado(a) doméstico(a)",Pessoas,27623,Classes de rendimento nominal mensal domiciliar per capita,Total
Distribuição por faixas de renda,2022,Município,2508406,Lastro (PB),"Moradores em domicílios particulares permanentes ocupados, exclusive os cuja condição no domicílio era pensionista, empregado(a) doméstico(a) ou parente do(a) empregado(a) doméstico(a)",Pessoas,3160,Classes de rendimento nominal mensal domiciliar per capita,Total
Distribuição por faixas de renda,2022,Município,2508505,Livramento (PB),"Moradores em domicílios particulares permanentes ocupados, exclusive os cuja condição no domicílio era pensionista, empregado(a) doméstico(a) ou parente do(a) empregado(a) doméstico(a)",Pessoas,6877,Classes de rendimento nominal mensal domiciliar per capita,Total
Distribuição por faixas de renda,2022,Município,2508554,Logradouro (PB),"Moradores em domicílios particulares permanentes ocupados, exclusive os cuja condição no domicílio era pensionista, empregado(a) doméstico(a) ou parente do(a) empregado(a) doméstico(a)",Pessoas,4797,Classes de rendimento nominal mensal domiciliar per capita,Total
Distribuição por faixas de renda,2022,Município,2508604,Lucena (PB),"Moradores em domicílios particulares permanentes ocupados, exclusive os cuja condição no domicílio era pensionista, empregado(a) doméstico(a) ou parente do(a) empregado(a) doméstico(a)",Pessoas,12554,Classes de rendimento nominal mensal domiciliar per capita,Total
Distribuição por faixas de renda,2022,Município,2508703,Mãe d'Água (PB),"Moradores em domicílios particulares permanentes ocupados, exclusive os cuja condição no domicílio era pensionista, empregado(a) doméstico(a) ou parente do(a) empregado(a) doméstico(a)",Pessoas,3583,Classes de rendimento nominal mensal domiciliar per capita,Total
Distribuição por faixas de renda,2022,Município,2508802,Malta (PB),"Moradores em domicílios particulares permanentes ocupados, exclusive os cuja condição no domicílio era pensionista, empregado(a) doméstico(a) ou parente do(a) empregado(a) doméstico(a)",Pessoas,6000,Classes de rendimento nominal mensal domiciliar per capita,Total
Distribuição por faixas de renda,2022,Município,2508901,Mamanguape (PB),"Moradores em domicílios particulares permanentes ocupados, exclusive os cuja condição no domicílio era pensionista, empregado(a) doméstico(a) ou parente do(a) empregado(a) doméstico(a)",Pessoas,44508,Classes de rendimento nominal mensal domiciliar per capita,Total
Distribuição por faixas de renda,2022,Município,2509008,Manaíra (PB),"Moradores em domicílios particulares permanentes ocupados, exclusive os cuja condição no domicílio era pensionista, empregado(a) doméstico(a) ou parente do(a) empregado(a) doméstico(a)",Pessoas,10427,Classes de rendimento nominal mensal domiciliar per capita,Total
Distribuição por faixas de renda,2022,Município,2509057,Marcação (PB),"Moradores em domicílios particulares permanentes ocupados, exclusive os cuja condição no domicílio era pensionista, empregado(a) doméstico(a) ou parente do(a) empregado(a) doméstico(a)",Pessoas,8999,Classes de rendimento nominal mensal domiciliar per capita,Total
Distribuição por faixas de renda,2022,Município,2509107,Mari (PB),"Moradores em domicílios particulares permanentes ocupados, exclusive os cuja condição no domicílio era pensionista, empregado(a) doméstico(a) ou parente do(a) empregado(a) doméstico(a)",Pessoas,21355,Classes de rendimento nominal mensal domiciliar per capita,Total
Distribuição por faixas de renda,2022,Município,2509156,Marizópolis (PB),"Moradores em domicílios particulares permanentes ocupados, exclusive os cuja condição no domicílio era pensionista, empregado(a) doméstico(a) ou parente do(a) empregado(a) doméstico(a)",Pessoas,6701,Classes de rendimento nominal mensal domiciliar per capita,Total
Distribuição por faixas de renda,2022,Município,2509206,Massaranduba (PB),"Moradores em domicílios particulares permanentes ocupados, exclusive os cuja condição no domicílio era pensionista, empregado(a) doméstico(a) ou parente do(a) empregado(a) doméstico(a)",Pessoas,14139,Classes de rendimento nominal mensal domiciliar per capita,Total
Distribuição por faixas de renda,2022,Município,2509305,Mataraca (PB),"Moradores em domicílios particulares permanentes ocupados, exclusive os cuja condição no domicílio era pensionista, empregado(a) doméstico(a) ou parente do(a) empregado(a) doméstico(a)",Pessoas,8226,Classes de rendimento nominal mensal domiciliar per capita,Total
Distribuição por faixas de renda,2022,Município,2509339,Matinhas (PB),"Moradores em domicílios particulares permanentes ocupados, exclusive os cuja condição no domicílio era pensionista, empregado(a) doméstico(a) ou parente do(a) empregado(a) doméstico(a)",Pessoas,4571,Classes de rendimento nominal mensal domiciliar per capita,Total
Distribuição por faixas de renda,2022,Município,2509370,Mato Grosso (PB),"Moradores em domicílios particulares permanentes ocupados, exclusive os cuja condição no domicílio era pensionista, empregado(a) doméstico(a) ou parente do(a) empregado(a) doméstico(a)",Pessoas,2543,Classes de rendimento nominal mensal domiciliar per capita,Total
Distribuição por faixas de renda,2022,Município,2509396,Maturéia (PB),"Moradores em domicílios particulares permanentes ocupados, exclusive os cuja condição no domicílio era pensionista, empregado(a) doméstico(a) ou parente do(a) empregado(a) doméstico(a)",Pessoas,6421,Classes de rendimento nominal mensal domiciliar per capita,Total
Distribuição por faixas de renda,2022,Município,2509404,Mogeiro (PB),"Moradores em domicílios particulares permanentes ocupados, exclusive os cuja condição no domicílio era pensionista, empregado(a) doméstico(a) ou parente do(a) empregado(a) doméstico(a)",Pessoas,13890,Classes de rendimento nominal mensal domiciliar per capita,Total
Distribuição por faixas de renda,2022,Município,2509503,Montadas (PB),"Moradores em domicílios particulares permanentes ocupados, exclusive os cuja condição no domicílio era pensionista, empregado(a) doméstico(a) ou parente do(a) empregado(a) doméstico(a)",Pessoas,5812,Classes de rendimento nominal mensal domiciliar per capita,Total
Distribuição por faixas de renda,2022,Município,2509602,Monte Horebe (PB),"Moradores em domicílios particulares permanentes ocupados, exclusive os cuja condição no domicílio era pensionista, empregado(a) doméstico(a) ou parente do(a) empregado(a) doméstico(a)",Pessoas,4316,Classes de rendimento nominal mensal domiciliar per capita,Total
Distribuição por faixas de renda,2022,Município,2509701,Monteiro (PB),"Moradores em domicílios particulares permanentes ocupados, exclusive os cuja condição no domicílio era pensionista, empregado(a) doméstico(a) ou parente do(a) empregado(a) doméstico(a)",Pessoas,32128,Classes de rendimento nominal mensal domiciliar per capita,Total
Distribuição por faixas de renda,2022,Município,2509800,Mulungu (PB),"Moradores em domicílios particulares permanentes ocupados, exclusive os cuja condição no domicílio era pensionista, empregado(a) doméstico(a) ou parente do(a) empregado(a) doméstico(a)",Pessoas,8782,Classes de rendimento nominal mensal domiciliar per capita,Total
Distribuição por faixas de renda,2022,Município,2509909,Natuba (PB),"Moradores em domicílios particulares permanentes ocupados, exclusive os cuja condição no domicílio era pensionista, empregado(a) doméstico(a) ou parente do(a) empregado(a) doméstico(a)",Pessoas,8940,Classes de rendimento nominal mensal domiciliar per capita,Total
Distribuição por faixas de renda,2022,Município,2510006,Nazarezinho (PB),"Moradores em domicílios particulares permanentes ocupados, exclusive os cuja condição no domicílio era pensionista, empregado(a) doméstico(a) ou parente do(a) empregado(a) doméstico(a)",Pessoas,7198,Classes de rendimento nominal mensal domiciliar per capita,Total
Distribuição por faixas de renda,2022,Município,2510105,Nova Floresta (PB),"Moradores em domicílios particulares permanentes ocupados, exclusive os cuja condição no domicílio era pensionista, empregado(a) doméstico(a) ou parente do(a) empregado(a) doméstico(a)",Pessoas,9719,Classes de rendimento nominal mensal domiciliar per capita,Total
Distribuição por faixas de renda,2022,Município,2510204,Nova Olinda (PB),"Moradores em domicílios particulares permanentes ocupados, exclusive os cuja condição no domicílio era pensionista, empregado(a) doméstico(a) ou parente do(a) empregado(a) doméstico(a)",Pessoas,5787,Classes de rendimento nominal mensal domiciliar per capita,Total
Distribuição por faixas de renda,2022,Município,2510303,Nova Palmeira (PB),"Moradores em domicílios particulares permanentes ocupados, exclusive os cuja condição no domicílio era pensionista, empregado(a) doméstico(a) ou parente do(a) empregado(a) doméstico(a)",Pessoas,4259,Classes de rendimento nominal mensal domiciliar per capita,Total
Distribuição por faixas de renda,2022,Município,2510402,Olho d'Água (PB),"Moradores em domicílios particulares permanentes ocupados, exclusive os cuja condição no domicílio era pensionista, empregado(a) doméstico(a) ou parente do(a) empregado(a) doméstico(a)",Pessoas,6060,Classes de rendimento nominal mensal domiciliar per capita,Total
Distribuição por faixas de renda,2022,Município,2510501,Olivedos (PB),"Moradores em domicílios particulares permanentes ocupados, exclusive os cuja condição no domicílio era pensionista, empregado(a) doméstico(a) ou parente do(a) empregado(a) doméstico(a)",Pessoas,3578,Classes de rendimento nominal mensal domiciliar per capita,Total
Distribuição por faixas de renda,2022,Município,2510600,Ouro Velho (PB),"Moradores em domicílios particulares permanentes ocupados, exclusive os cuja condição no domicílio era pensionista, empregado(a) doméstico(a) ou parente do(a) empregado(a) doméstico(a)",Pessoas,2918,Classes de rendimento nominal mensal domiciliar per capita,Total
Distribuição por faixas de renda,2022,Município,2510659,Parari (PB),"Moradores em domicílios particulares permanentes ocupados, exclusive os cuja condição no domicílio era pensionista, empregado(a) doméstico(a) ou parente do(a) empregado(a) doméstico(a)",Pessoas,1720,Classes de rendimento nominal mensal domiciliar per capita,Total
Distribuição por faixas de renda,2022,Município,2510709,Passagem (PB),"Moradores em domicílios particulares permanentes ocupados, exclusive os cuja condição no domicílio era pensionista, empregado(a) doméstico(a) ou parente do(a) empregado(a) doméstico(a)",Pessoas,2463,Classes de rendimento nominal mensal domiciliar per capita,Total
Distribuição por faixas de renda,2022,Município,2510808,Patos (PB),"Moradores em domicílios particulares permanentes ocupados, exclusive os cuja condição no domicílio era pensionista, empregado(a) doméstico(a) ou parente do(a) empregado(a) doméstico(a)",Pessoas,102378,Classes de rendimento nominal mensal domiciliar per capita,Total
Distribuição por faixas de renda,2022,Município,2510907,Paulista (PB),"Moradores em domicílios particulares permanentes ocupados, exclusive os cuja condição no domicílio era pensionista, empregado(a) doméstico(a) ou parente do(a) empregado(a) doméstico(a)",Pessoas,11834,Classes de rendimento nominal mensal domiciliar per capita,Total
Distribuição por faixas de renda,2022,Município,2511004,Pedra Branca (PB),"Moradores em domicílios particulares permanentes ocupados, exclusive os cuja condição no domicílio era pensionista, empregado(a) doméstico(a) ou parente do(a) empregado(a) doméstico(a)",Pessoas,3739,Classes de rendimento nominal mensal domiciliar per capita,Total
Distribuição por faixas de renda,2022,Município,2511103,Pedra Lavrada (PB),"Moradores em domicílios particulares permanentes ocupados, exclusive os cuja condição no domicílio era pensionista, empregado(a) doméstico(a) ou parente do(a) empregado(a) doméstico(a)",Pessoas,6852,Classes de rendimento nominal mensal domiciliar per capita,Total
Distribuição por faixas de renda,2022,Município,2511202,Pedras de Fogo (PB),"Moradores em domicílios particulares permanentes ocupados, exclusive os cuja condição no domicílio era pensionista, empregado(a) doméstico(a) ou parente do(a) empregado(a) doméstico(a)",Pessoas,29574,Classes de rendimento nominal mensal domiciliar per capita,Total
Distribuição por faixas de renda,2022,Município,2511301,Piancó (PB),"Moradores em domicílios particulares permanentes ocupados, exclusive os cuja condição no domicílio era pensionista, empregado(a) doméstico(a) ou parente do(a) empregado(a) doméstico(a)",Pessoas,16402,Classes de rendimento nominal mensal domiciliar per capita,Total
Distribuição por faixas de renda,2022,Município,2511400,Picuí (PB),"Moradores em domicílios particulares permanentes ocupados, exclusive os cuja condição no domicílio era pensionista, empregado(a) doméstico(a) ou parente do(a) empregado(a) doméstico(a)",Pessoas,18309,Classes de rendimento nominal mensal domiciliar per capita,Total
Distribuição por faixas de renda,2022,Município,2511509,Pilar (PB),"Moradores em domicílios particulares permanentes ocupados, exclusive os cuja condição no domicílio era pensionista, empregado(a) doméstico(a) ou parente do(a) empregado(a) doméstico(a)",Pessoas,12242,Classes de rendimento nominal mensal domiciliar per capita,Total
Distribuição por faixas de renda,2022,Município,2511608,Pilões (PB),"Moradores em domicílios particulares permanentes ocupados, exclusive os cuja condição no domicílio era pensionista, empregado(a) doméstico(a) ou parente do(a) empregado(a) doméstico(a)",Pessoas,6813,Classes de rendimento nominal mensal domiciliar per capita,Total
Distribuição por faixas de renda,2022,Município,2511707,Pilõezinhos (PB),"Moradores em domicílios particulares permanentes ocupados, exclusive os cuja condição no domicílio era pensionista, empregado(a) doméstico(a) ou parente do(a) empregado(a) doméstico(a)",Pessoas,5329,Classes de rendimento nominal mensal domiciliar per capita,Total
Distribuição por faixas de renda,2022,Município,2511806,Pirpirituba (PB),"Moradores em domicílios particulares permanentes ocupados, exclusive os cuja condição no domicílio era pensionista, empregado(a) doméstico(a) ou parente do(a) empregado(a) doméstico(a)",Pessoas,9326,Classes de rendimento nominal mensal domiciliar per capita,Total
Distribuição por faixas de renda,2022,Município,2511905,Pitimbu (PB),"Moradores em domicílios particulares permanentes ocupados, exclusive os cuja condição no domicílio era pensionista, empregado(a) doméstico(a) ou parente do(a) empregado(a) doméstico(a)",Pessoas,16748,Classes de rendimento nominal mensal domiciliar per capita,Total
Distribuição por faixas de renda,2022,Município,2512002,Pocinhos (PB),"Moradores em domicílios particulares permanentes ocupados, exclusive os cuja condição no domicílio era pensionista, empregado(a) doméstico(a) ou parente do(a) empregado(a) doméstico(a)",Pessoas,17469,Classes de rendimento nominal mensal domiciliar per capita,Total
Distribuição por faixas de renda,2022,Município,2512036,Poço Dantas (PB),"Moradores em domicílios particulares permanentes ocupados, exclusive os cuja condição no domicílio era pensionista, empregado(a) doméstico(a) ou parente do(a) empregado(a) doméstico(a)",Pessoas,3830,Classes de rendimento nominal mensal domiciliar per capita,Total
Distribuição por faixas de renda,2022,Município,2512077,Poço de José de Moura (PB),"Moradores em domicílios particulares permanentes ocupados, exclusive os cuja condição no domicílio era pensionista, empregado(a) doméstico(a) ou parente do(a) empregado(a) doméstico(a)",Pessoas,4006,Classes de rendimento nominal mensal domiciliar per capita,Total
Distribuição por faixas de renda,2022,Município,2512101,Pombal (PB),"Moradores em domicílios particulares permanentes ocupados, exclusive os cuja condição no domicílio era pensionista, empregado(a) doméstico(a) ou parente do(a) empregado(a) doméstico(a)",Pessoas,32403,Classes de rendimento nominal mensal domiciliar per capita,Total
Distribuição por faixas de renda,2022,Município,2512200,Prata (PB),"Moradores em domicílios particulares permanentes ocupados, exclusive os cuja condição no domicílio era pensionista, empregado(a) doméstico(a) ou parente do(a) empregado(a) doméstico(a)",Pessoas,3907,Classes de rendimento nominal mensal domiciliar per capita,Total
Distribuição por faixas de renda,2022,Município,2512309,Princesa Isabel (PB),"Moradores em domicílios particulares permanentes ocupados, exclusive os cuja condição no domicílio era pensionista, empregado(a) doméstico(a) ou parente do(a) empregado(a) doméstico(a)",Pessoas,21056,Classes de rendimento nominal mensal domiciliar per capita,Total
Distribuição por faixas de renda,2022,Município,2512408,Puxinanã (PB),"Moradores em domicílios particulares permanentes ocupados, exclusive os cuja condição no domicílio era pensionista, empregado(a) doméstico(a) ou parente do(a) empregado(a) doméstico(a)",Pessoas,14213,Classes de rendimento nominal mensal domiciliar per capita,Total
Distribuição por faixas de renda,2022,Município,2512507,Queimadas (PB),"Moradores em domicílios particulares permanentes ocupados, exclusive os cuja condição no domicílio era pensionista, empregado(a) doméstico(a) ou parente do(a) empregado(a) doméstico(a)",Pessoas,47654,Classes de rendimento nominal mensal domiciliar per capita,Total
Distribuição por faixas de renda,2022,Município,2512606,Quixaba (PB),"Moradores em domicílios particulares permanentes ocupados, exclusive os cuja condição no domicílio era pensionista, empregado(a) doméstico(a) ou parente do(a) empregado(a) doméstico(a)",Pessoas,1739,Classes de rendimento nominal mensal domiciliar per capita,Total
Distribuição por faixas de renda,2022,Município,2512705,Remígio (PB),"Moradores em domicílios particulares permanentes ocupados, exclusive os cuja condição no domicílio era pensionista, empregado(a) doméstico(a) ou parente do(a) empregado(a) doméstico(a)",Pessoas,17796,Classes de rendimento nominal mensal domiciliar per capita,Total
Distribuição por faixas de renda,2022,Município,2512721,Pedro Régis (PB),"Moradores em domicílios particulares permanentes ocupados, exclusive os cuja condição no domicílio era pensionista, empregado(a) doméstico(a) ou parente do(a) empregado(a) doméstico(a)",Pessoas,5766,Classes de rendimento nominal mensal domiciliar per capita,Total
Distribuição por faixas de renda,2022,Município,2512747,Riachão (PB),"Moradores em domicílios particulares permanentes ocupados, exclusive os cuja condição no domicílio era pensionista, empregado(a) doméstico(a) ou parente do(a) empregado(a) doméstico(a)",Pessoas,2923,Classes de rendimento nominal mensal domiciliar per capita,Total
Distribuição por faixas de renda,2022,Município,2512754,Riachão do Bacamarte (PB),"Moradores em domicílios particulares permanentes ocupados, exclusive os cuja condição no domicílio era pensionista, empregado(a) doméstico(a) ou parente do(a) empregado(a) doméstico(a)",Pessoas,4690,Classes de rendimento nominal mensal domiciliar per capita,Total
Distribuição por faixas de renda,2022,Município,2512762,Riachão do Poço (PB),"Moradores em domicílios particulares permanentes ocupados, exclusive os cuja condição no domicílio era pensionista, empregado(a) doméstico(a) ou parente do(a) empregado(a) doméstico(a)",Pessoas,4736,Classes de rendimento nominal mensal domiciliar per capita,Total
Distribuição por faixas de renda,2022,Município,2512788,Riacho de Santo Antônio (PB),"Moradores em domicílios particulares permanentes ocupados, exclusive os cuja condição no domicílio era pensionista, empregado(a) doméstico(a) ou parente do(a) empregado(a) doméstico(a)",Pessoas,1949,Classes de rendimento nominal mensal domiciliar per capita,Total
Distribuição por faixas de renda,2022,Município,2512804,Riacho dos Cavalos (PB),"Moradores em domicílios particulares permanentes ocupados, exclusive os cuja condição no domicílio era pensionista, empregado(a) doméstico(a) ou parente do(a) empregado(a) doméstico(a)",Pessoas,8480,Classes de rendimento nominal mensal domiciliar per capita,Total
Distribuição por faixas de renda,2022,Município,2512903,Rio Tinto (PB),"Moradores em domicílios particulares permanentes ocupados, exclusive os cuja condição no domicílio era pensionista, empregado(a) doméstico(a) ou parente do(a) empregado(a) doméstico(a)",Pessoas,24548,Classes de rendimento nominal mensal domiciliar per capita,Total
Distribuição por faixas de renda,2022,Município,2513000,Salgadinho (PB),"Moradores em domicílios particulares permanentes ocupados, exclusive os cuja condição no domicílio era pensionista, empregado(a) doméstico(a) ou parente do(a) empregado(a) doméstico(a)",Pessoas,3355,Classes de rendimento nominal mensal domiciliar per capita,Total
Distribuição por faixas de renda,2022,Município,2513109,Salgado de São Félix (PB),"Moradores em domicílios particulares permanentes ocupados, exclusive os cuja condição no domicílio era pensionista, empregado(a) doméstico(a) ou parente do(a) empregado(a) doméstico(a)",Pessoas,11501,Classes de rendimento nominal mensal domiciliar per capita,Total
Distribuição por faixas de renda,2022,Município,2513158,Santa Cecília (PB),"Moradores em domicílios particulares permanentes ocupados, exclusive os cuja condição no domicílio era pensionista, empregado(a) doméstico(a) ou parente do(a) empregado(a) doméstico(a)",Pessoas,7667,Classes de rendimento nominal mensal domiciliar per capita,Total
Distribuição por faixas de renda,2022,Município,2513208,Santa Cruz (PB),"Moradores em domicílios particulares permanentes ocupados, exclusive os cuja condição no domicílio era pensionista, empregado(a) doméstico(a) ou parente do(a) empregado(a) doméstico(a)",Pessoas,5947,Classes de rendimento nominal mensal domiciliar per capita,Total
Distribuição por faixas de renda,2022,Município,2513307,Santa Helena (PB),"Moradores em domicílios particulares permanentes ocupados, exclusive os cuja condição no domicílio era pensionista, empregado(a) doméstico(a) ou parente do(a) empregado(a) doméstico(a)",Pessoas,5860,Classes de rendimento nominal mensal domiciliar per capita,Total
Distribuição por faixas de renda,2022,Município,2513356,Santa Inês (PB),"Moradores em domicílios particulares permanentes ocupados, exclusive os cuja condição no domicílio era pensionista, empregado(a) doméstico(a) ou parente do(a) empregado(a) doméstico(a)",Pessoas,3219,Classes de rendimento nominal mensal domiciliar per capita,Total
Distribuição por faixas de renda,2022,Município,2513406,Santa Luzia (PB),"Moradores em domicílios particulares permanentes ocupados, exclusive os cuja condição no domicílio era pensionista, empregado(a) doméstico(a) ou parente do(a) empregado(a) doméstico(a)",Pessoas,14903,Classes de rendimento nominal mensal domiciliar per capita,Total
Distribuição por faixas de renda,2022,Município,2513505,Santana de Mangueira (PB),"Moradores em domicílios particulares permanentes ocupados, exclusive os cuja condição no domicílio era pensionista, empregado(a) doméstico(a) ou parente do(a) empregado(a) doméstico(a)",Pessoas,4992,Classes de rendimento nominal mensal domiciliar per capita,Total
Distribuição por faixas de renda,2022,Município,2513604,Santana dos Garrotes (PB),"Moradores em domicílios particulares permanentes ocupados, exclusive os cuja condição no domicílio era pensionista, empregado(a) doméstico(a) ou parente do(a) empregado(a) doméstico(a)",Pessoas,6563,Classes de rendimento nominal mensal domiciliar per capita,Total
Distribuição por faixas de renda,2022,Município,2513653,Joca Claudino (PB),"Moradores em domicílios particulares permanentes ocupados, exclusive os cuja condição no domicílio era pensionista, empregado(a) doméstico(a) ou parente do(a) empregado(a) doméstico(a)",Pessoas,2539,Classes de rendimento nominal mensal domiciliar per capita,Total
Distribuição por faixas de renda,2022,Município,2513703,Santa Rita (PB),"Moradores em domicílios particulares permanentes ocupados, exclusive os cuja condição no domicílio era pensionista, empregado(a) doméstico(a) ou parente do(a) empregado(a) doméstico(a)",Pessoas,149335,Classes de rendimento nominal mensal domiciliar per capita,Total
Distribuição por faixas de renda,2022,Município,2513802,Santa Teresinha (PB),"Moradores em domicílios particulares permanentes ocupados, exclusive os cuja condição no domicílio era pensionista, empregado(a) doméstico(a) ou parente do(a) empregado(a) doméstico(a)",Pessoas,4399,Classes de rendimento nominal mensal domiciliar per capita,Total
Distribuição por faixas de renda,2022,Município,2513851,Santo André (PB),"Moradores em domicílios particulares permanentes ocupados, exclusive os cuja condição no domicílio era pensionista, empregado(a) doméstico(a) ou parente do(a) empregado(a) doméstico(a)",Pessoas,2619,Classes de rendimento nominal mensal domiciliar per capita,Total
Distribuição por faixas de renda,2022,Município,2513901,São Bento (PB),"Moradores em domicílios particulares permanentes ocupados, exclusive os cuja condição no domicílio era pensionista, empregado(a) doméstico(a) ou parente do(a) empregado(a) doméstico(a)",Pessoas,32212,Classes de rendimento nominal mensal domiciliar per capita,Total
Distribuição por faixas de renda,2022,Município,2513927,São Bentinho (PB),"Moradores em domicílios particulares permanentes ocupados, exclusive os cuja condição no domicílio era pensionista, empregado(a) doméstico(a) ou parente do(a) empregado(a) doméstico(a)",Pessoas,4327,Classes de rendimento nominal mensal domiciliar per capita,Total
Distribuição por faixas de renda,2022,Município,2513943,São Domingos do Cariri (PB),"Moradores em domicílios particulares permanentes ocupados, exclusive os cuja condição no domicílio era pensionista, empregado(a) doméstico(a) ou parente do(a) empregado(a) doméstico(a)",Pessoas,2585,Classes de rendimento nominal mensal domiciliar per capita,Total
Distribuição por faixas de renda,2022,Município,2513968,São Domingos (PB),"Moradores em domicílios particulares permanentes ocupados, exclusive os cuja condição no domicílio era pensionista, empregado(a) doméstico(a) ou parente do(a) empregado(a) doméstico(a)",Pessoas,2595,Classes de rendimento nominal mensal domiciliar per capita,Total
Distribuição por faixas de renda,2022,Município,2513984,São Francisco (PB),"Moradores em domicílios particulares permanentes ocupados, exclusive os cuja condição no domicílio era pensionista, empregado(a) doméstico(a) ou parente do(a) empregado(a) doméstico(a)",Pessoas,3137,Classes de rendimento nominal mensal domiciliar per capita,Total
Distribuição por faixas de renda,2022,Município,2514008,São João do Cariri (PB),"Moradores em domicílios particulares permanentes ocupados, exclusive os cuja condição no domicílio era pensionista, empregado(a) doméstico(a) ou parente do(a) empregado(a) doméstico(a)",Pessoas,4191,Classes de rendimento nominal mensal domiciliar per capita,Total
Distribuição por faixas de renda,2022,Município,2514107,São João do Tigre (PB),"Moradores em domicílios particulares permanentes ocupados, exclusive os cuja condição no domicílio era pensionista, empregado(a) doméstico(a) ou parente do(a) empregado(a) doméstico(a)",Pessoas,4258,Classes de rendimento nominal mensal domiciliar per capita,Total
Distribuição por faixas de renda,2022,Município,2514206,São José da Lagoa Tapada (PB),"Moradores em domicílios particulares permanentes ocupados, exclusive os cuja condição no domicílio era pensionista, empregado(a) doméstico(a) ou parente do(a) empregado(a) doméstico(a)",Pessoas,7122,Classes de rendimento nominal mensal domiciliar per capita,Total
Distribuição por faixas de renda,2022,Município,2514305,São José de Caiana (PB),"Moradores em domicílios particulares permanentes ocupados, exclusive os cuja condição no domicílio era pensionista, empregado(a) doméstico(a) ou parente do(a) empregado(a) doméstico(a)",Pessoas,5034,Classes de rendimento nominal mensal domiciliar per capita,Total
Distribuição por faixas de renda,2022,Município,2514404,São José de Espinharas (PB),"Moradores em domicílios particulares permanentes ocupados, exclusive os cuja condição no domicílio era pensionista, empregado(a) doméstico(a) ou parente do(a) empregado(a) doméstico(a)",Pessoas,4045,Classes de rendimento nominal mensal domiciliar per capita,Total
Distribuição por faixas de renda,2022,Município,2514453,São José dos Ramos (PB),"Moradores em domicílios particulares permanentes ocupados, exclusive os cuja condição no domicílio era pensionista, empregado(a) doméstico(a) ou parente do(a) empregado(a) doméstico(a)",Pessoas,5891,Classes de rendimento nominal mensal domiciliar per capita,Total
Distribuição por faixas de renda,2022,Município,2514503,São José de Piranhas (PB),"Moradores em domicílios particulares permanentes ocupados, exclusive os cuja condição no domicílio era pensionista, empregado(a) doméstico(a) ou parente do(a) empregado(a) doméstico(a)",Pessoas,18998,Classes de rendimento nominal mensal domiciliar per capita,Total
Distribuição por faixas de renda,2022,Município,2514552,São José de Princesa (PB),"Moradores em domicílios particulares permanentes ocupados, exclusive os cuja condição no domicílio era pensionista, empregado(a) doméstico(a) ou parente do(a) empregado(a) doméstico(a)",Pessoas,3411,Classes de rendimento nominal mensal domiciliar per capita,Total
Distribuição por faixas de renda,2022,Município,2514602,São José do Bonfim (PB),"Moradores em domicílios particulares permanentes ocupados, exclusive os cuja condição no domicílio era pensionista, empregado(a) doméstico(a) ou parente do(a) empregado(a) doméstico(a)",Pessoas,3242,Classes de rendimento nominal mensal domiciliar per capita,Total
Distribuição por faixas de renda,2022,Município,2514651,São José do Brejo do Cruz (PB),"Moradores em domicílios particulares permanentes ocupados, exclusive os cuja condição no domicílio era pensionista, empregado(a) doméstico(a) ou parente do(a) empregado(a) doméstico(a)",Pessoas,1699,Classes de rendimento nominal mensal domiciliar per capita,Total
Distribuição por faixas de renda,2022,Município,2514701,São José do Sabugi (PB),"Moradores em domicílios particulares permanentes ocupados, exclusive os cuja condição no domicílio era pensionista, empregado(a) doméstico(a) ou parente do(a) empregado(a) doméstico(a)",Pessoas,4138,Classes de rendimento nominal mensal domiciliar per capita,Total
Distribuição por faixas de renda,2022,Município,2514800,São José dos Cordeiros (PB),"Moradores em domicílios particulares permanentes ocupados, exclusive os cuja condição no domicílio era pensionista, empregado(a) doméstico(a) ou parente do(a) empregado(a) doméstico(a)",Pessoas,3411,Classes de rendimento nominal mensal domiciliar per capita,Total
Distribuição por faixas de renda,2022,Município,2514909,São Mamede (PB),"Moradores em domicílios particulares permanentes ocupados, exclusive os cuja condição no domicílio era pensionista, empregado(a) doméstico(a) ou parente do(a) empregado(a) doméstico(a)",Pessoas,7468,Classes de rendimento nominal mensal domiciliar per capita,Total
Distribuição por faixas de renda,2022,Município,2515005,São Miguel de Taipu (PB),"Moradores em domicílios particulares permanentes ocupados, exclusive os cuja condição no domicílio era pensionista, empregado(a) doméstico(a) ou parente do(a) empregado(a) doméstico(a)",Pessoas,7066,Classes de rendimento nominal mensal domiciliar per capita,Total
Distribuição por faixas de renda,2022,Município,2515104,São Sebastião de Lagoa de Roça (PB),"Moradores em domicílios particulares permanentes ocupados, exclusive os cuja condição no domicílio era pensionista, empregado(a) doméstico(a) ou parente do(a) empregado(a) doméstico(a)",Pessoas,11034,Classes de rendimento nominal mensal domiciliar per capita,Total
Distribuição por faixas de renda,2022,Município,2515203,São Sebastião do Umbuzeiro (PB),"Moradores em domicílios particulares permanentes ocupados, exclusive os cuja condição no domicílio era pensionista, empregado(a) doméstico(a) ou parente do(a) empregado(a) doméstico(a)",Pessoas,3279,Classes de rendimento nominal mensal domiciliar per capita,Total
Distribuição por faixas de renda,2022,Município,2515302,Sapé (PB),"Moradores em domicílios particulares permanentes ocupados, exclusive os cuja condição no domicílio era pensionista, empregado(a) doméstico(a) ou parente do(a) empregado(a) doméstico(a)",Pessoas,51176,Classes de rendimento nominal mensal domiciliar per capita,Total
Distribuição por faixas de renda,2022,Município,2515401,São Vicente do Seridó (PB),"Moradores em domicílios particulares permanentes ocupados, exclusive os cuja condição no domicílio era pensionista, empregado(a) doméstico(a) ou parente do(a) empregado(a) doméstico(a)",Pessoas,10291,Classes de rendimento nominal mensal domiciliar per capita,Total
Distribuição por faixas de renda,2022,Município,2515500,Serra Branca (PB),"Moradores em domicílios particulares permanentes ocupados, exclusive os cuja condição no domicílio era pensionista, empregado(a) doméstico(a) ou parente do(a) empregado(a) doméstico(a)",Pessoas,13549,Classes de rendimento nominal mensal domiciliar per capita,Total
Distribuição por faixas de renda,2022,Município,2515609,Serra da Raiz (PB),"Moradores em domicílios particulares permanentes ocupados, exclusive os cuja condição no domicílio era pensionista, empregado(a) doméstico(a) ou parente do(a) empregado(a) doméstico(a)",Pessoas,3094,Classes de rendimento nominal mensal domiciliar per capita,Total
Distribuição por faixas de renda,2022,Município,2515708,Serra Grande (PB),"Moradores em domicílios particulares permanentes ocupados, exclusive os cuja condição no domicílio era pensionista, empregado(a) doméstico(a) ou parente do(a) empregado(a) doméstico(a)",Pessoas,2939,Classes de rendimento nominal mensal domiciliar per capita,Total
Distribuição por faixas de renda,2022,Município,2515807,Serra Redonda (PB),"Moradores em domicílios particulares permanentes ocupados, exclusive os cuja condição no domicílio era pensionista, empregado(a) doméstico(a) ou parente do(a) empregado(a) doméstico(a)",Pessoas,6825,Classes de rendimento nominal mensal domiciliar per capita,Total
Distribuição por faixas de renda,2022,Município,2515906,Serraria (PB),"Moradores em domicílios particulares permanentes ocupados, exclusive os cuja condição no domicílio era pensionista, empregado(a) doméstico(a) ou parente do(a) empregado(a) doméstico(a)",Pessoas,4878,Classes de rendimento nominal mensal domiciliar per capita,Total
Distribuição por faixas de renda,2022,Município,2515930,Sertãozinho (PB),"Moradores em domicílios particulares permanentes ocupados, exclusive os cuja condição no domicílio era pensionista, empregado(a) doméstico(a) ou parente do(a) empregado(a) doméstico(a)",Pessoas,5054,Classes de rendimento nominal mensal domiciliar per capita,Total
Distribuição por faixas de renda,2022,Município,2515971,Sobrado (PB),"Moradores em domicílios particulares permanentes ocupados, exclusive os cuja condição no domicílio era pensionista, empregado(a) doméstico(a) ou parente do(a) empregado(a) doméstico(a)",Pessoas,8232,Classes de rendimento nominal mensal domiciliar per capita,Total
Distribuição por faixas de renda,2022,Município,2516003,Solânea (PB),"Moradores em domicílios particulares permanentes ocupados, exclusive os cuja condição no domicílio era pensionista, empregado(a) doméstico(a) ou parente do(a) empregado(a) doméstico(a)",Pessoas,26736,Classes de rendimento nominal mensal domiciliar per capita,Total
Distribuição por faixas de renda,2022,Município,2516102,Soledade (PB),"Moradores em domicílios particulares permanentes ocupados, exclusive os cuja condição no domicílio era pensionista, empregado(a) doméstico(a) ou parente do(a) empregado(a) doméstico(a)",Pessoas,13873,Classes de rendimento nominal mensal domiciliar per capita,Total
Distribuição por faixas de renda,2022,Município,2516151,Sossêgo (PB),"Moradores em domicílios particulares permanentes ocupados, exclusive os cuja condição no domicílio era pensionista, empregado(a) doméstico(a) ou parente do(a) empregado(a) doméstico(a)",Pessoas,3345,Classes de rendimento nominal mensal domiciliar per capita,Total
Distribuição por faixas de renda,2022,Município,2516201,Sousa (PB),"Moradores em domicílios particulares permanentes ocupados, exclusive os cuja condição no domicílio era pensionista, empregado(a) doméstico(a) ou parente do(a) empregado(a) doméstico(a)",Pessoas,66884,Classes de rendimento nominal mensal domiciliar per capita,Total
Distribuição por faixas de renda,2022,Município,2516300,Sumé (PB),"Moradores em domicílios particulares permanentes ocupados, exclusive os cuja condição no domicílio era pensionista, empregado(a) doméstico(a) ou parente do(a) empregado(a) doméstico(a)",Pessoas,17113,Classes de rendimento nominal mensal domiciliar per capita,Total
Distribuição por faixas de renda,2022,Município,2516409,Tacima (PB),"Moradores em domicílios particulares permanentes ocupados, exclusive os cuja condição no domicílio era pensionista, empregado(a) doméstico(a) ou parente do(a) empregado(a) doméstico(a)",Pessoas,8010,Classes de rendimento nominal mensal domiciliar per capita,Total
Distribuição por faixas de renda,2022,Município,2516508,Taperoá (PB),"Moradores em domicílios particulares permanentes ocupados, exclusive os cuja condição no domicílio era pensionista, empregado(a) doméstico(a) ou parente do(a) empregado(a) doméstico(a)",Pessoas,14068,Classes de rendimento nominal mensal domiciliar per capita,Total
Distribuição por faixas de renda,2022,Município,2516607,Tavares (PB),"Moradores em domicílios particulares permanentes ocupados, exclusive os cuja condição no domicílio era pensionista, empregado(a) doméstico(a) ou parente do(a) empregado(a) doméstico(a)",Pessoas,14101,Classes de rendimento nominal mensal domiciliar per capita,Total
Distribuição por faixas de renda,2022,Município,2516706,Teixeira (PB),"Moradores em domicílios particulares permanentes ocupados, exclusive os cuja condição no domicílio era pensionista, empregado(a) doméstico(a) ou parente do(a) empregado(a) doméstico(a)",Pessoas,14596,Classes de rendimento nominal mensal domiciliar per capita,Total
Distribuição por faixas de renda,2022,Município,2516755,Tenório (PB),"Moradores em domicílios particulares permanentes ocupados, exclusive os cuja condição no domicílio era pensionista, empregado(a) doméstico(a) ou parente do(a) empregado(a) doméstico(a)",Pessoas,2966,Classes de rendimento nominal mensal domiciliar per capita,Total
Distribuição por faixas de renda,2022,Município,2516805,Triunfo (PB),"Moradores em domicílios particulares permanentes ocupados, exclusive os cuja condição no domicílio era pensionista, empregado(a) doméstico(a) ou parente do(a) empregado(a) doméstico(a)",Pessoas,9874,Classes de rendimento nominal mensal domiciliar per capita,Total
Distribuição por faixas de renda,2022,Município,2516904,Uiraúna (PB),"Moradores em domicílios particulares permanentes ocupados, exclusive os cuja condição no domicílio era pensionista, empregado(a) doméstico(a) ou parente do(a) empregado(a) doméstico(a)",Pessoas,14902,Classes de rendimento nominal mensal domiciliar per capita,Total
Distribuição por faixas de renda,2022,Município,2517001,Umbuzeiro (PB),"Moradores em domicílios particulares permanentes ocupados, exclusive os cuja condição no domicílio era pensionista, empregado(a) doméstico(a) ou parente do(a) empregado(a) doméstico(a)",Pessoas,9102,Classes de rendimento nominal mensal domiciliar per capita,Total
Distribuição por faixas de renda,2022,Município,2517100,Várzea (PB),"Moradores em domicílios particulares permanentes ocupados, exclusive os cuja condição no domicílio era pensionista, empregado(a) doméstico(a) ou parente do(a) empregado(a) doméstico(a)",Pessoas,2668,Classes de rendimento nominal mensal domiciliar per capita,Total
Distribuição por faixas de renda,2022,Município,2517209,Vieirópolis (PB),"Moradores em domicílios particulares permanentes ocupados, exclusive os cuja condição no domicílio era pensionista, empregado(a) doméstico(a) ou parente do(a) empregado(a) doméstico(a)",Pessoas,4856,Classes de rendimento nominal mensal domiciliar per capita,Total
Distribuição por faixas de renda,2022,Município,2517407,Zabelê (PB),"Moradores em domicílios particulares permanentes ocupados, exclusive os cuja condição no domicílio era pensionista, empregado(a) doméstico(a) ou parente do(a) empregado(a) doméstico(a)",Pessoas,2222,Classes de rendimento nominal mensal domiciliar per capita,Total
Distribuição por faixas de renda,2022,Unidade da Federação,25,Paraíba,"Moradores em domicílios particulares permanentes ocupados, exclusive os cuja condição no domicílio era pensionista, empregado(a) doméstico(a) ou parente do(a) empregado(a) doméstico(a)",Pessoas,753031,Classes de rendimento nominal mensal domiciliar per capita,Até 1/4 de salário mínimo
Distribuição por faixas de renda,2022,Município,2500106,Água Branca (PB),"Moradores em domicílios particulares permanentes ocupados, exclusive os cuja condição no domicílio era pensionista, empregado(a) doméstico(a) ou parente do(a) empregado(a) doméstico(a)",Pessoas,2952,Classes de rendimento nominal mensal domiciliar per capita,Até 1/4 de salário mínimo
Distribuição por faixas de renda,2022,Município,2500205,Aguiar (PB),"Moradores em domicílios particulares permanentes ocupados, exclusive os cuja condição no domicílio era pensionista, empregado(a) doméstico(a) ou parente do(a) empregado(a) doméstico(a)",Pessoas,1561,Classes de rendimento nominal mensal domiciliar per capita,Até 1/4 de salário mínimo
Distribuição por faixas de renda,2022,Município,2500304,Alagoa Grande (PB),"Moradores em domicílios particulares permanentes ocupados, exclusive os cuja condição no domicílio era pensionista, empregado(a) doméstico(a) ou parente do(a) empregado(a) doméstico(a)",Pessoas,6059,Classes de rendimento nominal mensal domiciliar per capita,Até 1/4 de salário mínimo
Distribuição por faixas de renda,2022,Município,2500403,Alagoa Nova (PB),"Moradores em domicílios particulares permanentes ocupados, exclusive os cuja condição no domicílio era pensionista, empregado(a) doméstico(a) ou parente do(a) empregado(a) doméstico(a)",Pessoas,5188,Classes de rendimento nominal mensal domiciliar per capita,Até 1/4 de salário mínimo
Distribuição por faixas de renda,2022,Município,2500502,Alagoinha (PB),"Moradores em domicílios particulares permanentes ocupados, exclusive os cuja condição no domicílio era pensionista, empregado(a) doméstico(a) ou parente do(a) empregado(a) doméstico(a)",Pessoas,3808,Classes de rendimento nominal mensal domiciliar per capita,Até 1/4 de salário mínimo
Distribuição por faixas de renda,2022,Município,2500536,Alcantil (PB),"Moradores em domicílios particulares permanentes ocupados, exclusive os cuja condição no domicílio era pensionista, empregado(a) doméstico(a) ou parente do(a) empregado(a) doméstico(a)",Pessoas,1345,Classes de rendimento nominal mensal domiciliar per capita,Até 1/4 de salário mínimo
Distribuição por faixas de renda,2022,Município,2500577,Algodão de Jandaíra (PB),"Moradores em domicílios particulares permanentes ocupados, exclusive os cuja condição no domicílio era pensionista, empregado(a) doméstico(a) ou parente do(a) empregado(a) doméstico(a)",Pessoas,1206,Classes de rendimento nominal mensal domiciliar per capita,Até 1/4 de salário mínimo
Distribuição por faixas de renda,2022,Município,2500601,Alhandra (PB),"Moradores em domicílios particulares permanentes ocupados, exclusive os cuja condição no domicílio era pensionista, empregado(a) doméstico(a) ou parente do(a) empregado(a) doméstico(a)",Pessoas,4171,Classes de rendimento nominal mensal domiciliar per capita,Até 1/4 de salário mínimo
Distribuição por faixas de renda,2022,Município,2500700,São João do Rio do Peixe (PB),"Moradores em domicílios particulares permanentes ocupados, exclusive os cuja condição no domicílio era pensionista, empregado(a) doméstico(a) ou parente do(a) empregado(a) doméstico(a)",Pessoas,3882,Classes de rendimento nominal mensal domiciliar per capita,Até 1/4 de salário mínimo
Distribuição por faixas de renda,2022,Município,2500734,Amparo (PB),"Moradores em domicílios particulares permanentes ocupados, exclusive os cuja condição no domicílio era pensionista, empregado(a) doméstico(a) ou parente do(a) empregado(a) doméstico(a)",Pessoas,645,Classes de rendimento nominal mensal domiciliar per capita,Até 1/4 de salário mínimo
Distribuição por faixas de renda,2022,Município,2500775,Aparecida (PB),"Moradores em domicílios particulares permanentes ocupados, exclusive os cuja condição no domicílio era pensionista, empregado(a) doméstico(a) ou parente do(a) empregado(a) doméstico(a)",Pessoas,1980,Classes de rendimento nominal mensal domiciliar per capita,Até 1/4 de salário mínimo
Distribuição por faixas de renda,2022,Município,2500809,Araçagi (PB),"Moradores em domicílios particulares permanentes ocupados, exclusive os cuja condição no domicílio era pensionista, empregado(a) doméstico(a) ou parente do(a) empregado(a) doméstico(a)",Pessoas,5209,Classes de rendimento nominal mensal domiciliar per capita,Até 1/4 de salário mínimo
Distribuição por faixas de renda,2022,Município,2500908,Arara (PB),"Moradores em domicílios particulares permanentes ocupados, exclusive os cuja condição no domicílio era pensionista, empregado(a) doméstico(a) ou parente do(a) empregado(a) doméstico(a)",Pessoas,2933,Classes de rendimento nominal mensal domiciliar per capita,Até 1/4 de salário mínimo
Distribuição por faixas de renda,2022,Município,2501005,Araruna (PB),"Moradores em domicílios particulares permanentes ocupados, exclusive os cuja condição no domicílio era pensionista, empregado(a) doméstico(a) ou parente do(a) empregado(a) doméstico(a)",Pessoas,5351,Classes de rendimento nominal mensal domiciliar per capita,Até 1/4 de salário mínimo
Distribuição por faixas de renda,2022,Município,2501104,Areia (PB),"Moradores em domicílios particulares permanentes ocupados, exclusive os cuja condição no domicílio era pensionista, empregado(a) doméstico(a) ou parente do(a) empregado(a) doméstico(a)",Pessoas,4711,Classes de rendimento nominal mensal domiciliar per capita,Até 1/4 de salário mínimo
Distribuição por faixas de renda,2022,Município,2501153,Areia de Baraúnas (PB),"Moradores em domicílios particulares permanentes ocupados, exclusive os cuja condição no domicílio era pensionista, empregado(a) doméstico(a) ou parente do(a) empregado(a) doméstico(a)",Pessoas,721,Classes de rendimento nominal mensal domiciliar per capita,Até 1/4 de salário mínimo
Distribuição por faixas de renda,2022,Município,2501203,Areial (PB),"Moradores em domicílios particulares permanentes ocupados, exclusive os cuja condição no domicílio era pensionista, empregado(a) doméstico(a) ou parente do(a) empregado(a) doméstico(a)",Pessoas,1997,Classes de rendimento nominal mensal domiciliar per capita,Até 1/4 de salário mínimo
Distribuição por faixas de renda,2022,Município,2501302,Aroeiras (PB),"Moradores em domicílios particulares permanentes ocupados, exclusive os cuja condição no domicílio era pensionista, empregado(a) doméstico(a) ou parente do(a) empregado(a) doméstico(a)",Pessoas,6795,Classes de rendimento nominal mensal domiciliar per capita,Até 1/4 de salário mínimo
Distribuição por faixas de renda,2022,Município,2501351,Assunção (PB),"Moradores em domicílios particulares permanentes ocupados, exclusive os cuja condição no domicílio era pensionista, empregado(a) doméstico(a) ou parente do(a) empregado(a) doméstico(a)",Pessoas,1193,Classes de rendimento nominal mensal domiciliar per capita,Até 1/4 de salário mínimo
Distribuição por faixas de renda,2022,Município,2501401,Baía da Traição (PB),"Moradores em domicílios particulares permanentes ocupados, exclusive os cuja condição no domicílio era pensionista, empregado(a) doméstico(a) ou parente do(a) empregado(a) doméstico(a)",Pessoas,2663,Classes de rendimento nominal mensal domiciliar per capita,Até 1/4 de salário mínimo
Distribuição por faixas de renda,2022,Município,2501500,Bananeiras (PB),"Moradores em domicílios particulares permanentes ocupados, exclusive os cuja condição no domicílio era pensionista, empregado(a) doméstico(a) ou parente do(a) empregado(a) doméstico(a)",Pessoas,6433,Classes de rendimento nominal mensal domiciliar per capita,Até 1/4 de salário mínimo
Distribuição por faixas de renda,2022,Município,2501534,Baraúna (PB),"Moradores em domicílios particulares permanentes ocupados, exclusive os cuja condição no domicílio era pensionista, empregado(a) doméstico(a) ou parente do(a) empregado(a) doméstico(a)",Pessoas,1505,Classes de rendimento nominal mensal domiciliar per capita,Até 1/4 de salário mínimo
Distribuição por faixas de renda,2022,Município,2501575,Barra de Santana (PB),"Moradores em domicílios particulares permanentes ocupados, exclusive os cuja condição no domicílio era pensionista, empregado(a) doméstico(a) ou parente do(a) empregado(a) doméstico(a)",Pessoas,2979,Classes de rendimento nominal mensal domiciliar per capita,Até 1/4 de salário mínimo
Distribuição por faixas de renda,2022,Município,2501609,Barra de Santa Rosa (PB),"Moradores em domicílios particulares permanentes ocupados, exclusive os cuja condição no domicílio era pensionista, empregado(a) doméstico(a) ou parente do(a) empregado(a) doméstico(a)",Pessoas,3668,Classes de rendimento nominal mensal domiciliar per capita,Até 1/4 de salário mínimo
Distribuição por faixas de renda,2022,Município,2501708,Barra de São Miguel (PB),"Moradores em domicílios particulares permanentes ocupados, exclusive os cuja condição no domicílio era pensionista, empregado(a) doméstico(a) ou parente do(a) empregado(a) doméstico(a)",Pessoas,1431,Classes de rendimento nominal mensal domiciliar per capita,Até 1/4 de salário mínimo
Distribuição por faixas de renda,2022,Município,2501807,Bayeux (PB),"Moradores em domicílios particulares permanentes ocupados, exclusive os cuja condição no domicílio era pensionista, empregado(a) doméstico(a) ou parente do(a) empregado(a) doméstico(a)",Pessoas,12826,Classes de rendimento nominal mensal domiciliar per capita,Até 1/4 de salário mínimo
Distribuição por faixas de renda,2022,Município,2501906,Belém (PB),"Moradores em domicílios particulares permanentes ocupados, exclusive os cuja condição no domicílio era pensionista, empregado(a) doméstico(a) ou parente do(a) empregado(a) doméstico(a)",Pessoas,4187,Classes de rendimento nominal mensal domiciliar per capita,Até 1/4 de salário mínimo
Distribuição por faixas de renda,2022,Município,2502003,Belém do Brejo do Cruz (PB),"Moradores em domicílios particulares permanentes ocupados, exclusive os cuja condição no domicílio era pensionista, empregado(a) doméstico(a) ou parente do(a) empregado(a) doméstico(a)",Pessoas,972,Classes de rendimento nominal mensal domiciliar per capita,Até 1/4 de salário mínimo
Distribuição por faixas de renda,2022,Município,2502052,Bernardino Batista (PB),"Moradores em domicílios particulares permanentes ocupados, exclusive os cuja condição no domicílio era pensionista, empregado(a) doméstico(a) ou parente do(a) empregado(a) doméstico(a)",Pessoas,919,Classes de rendimento nominal mensal domiciliar per capita,Até 1/4 de salário mínimo
Distribuição por faixas de renda,2022,Município,2502102,Boa Ventura (PB),"Moradores em domicílios particulares permanentes ocupados, exclusive os cuja condição no domicílio era pensionista, empregado(a) doméstico(a) ou parente do(a) empregado(a) doméstico(a)",Pessoas,1467,Classes de rendimento nominal mensal domiciliar per capita,Até 1/4 de salário mínimo
Distribuição por faixas de renda,2022,Município,2502151,Boa Vista (PB),"Moradores em domicílios particulares permanentes ocupados, exclusive os cuja condição no domicílio era pensionista, empregado(a) doméstico(a) ou parente do(a) empregado(a) doméstico(a)",Pessoas,579,Classes de rendimento nominal mensal domiciliar per capita,Até 1/4 de salário mínimo
Distribuição por faixas de renda,2022,Município,2502201,Bom Jesus (PB),"Moradores em domicílios particulares permanentes ocupados, exclusive os cuja condição no domicílio era pensionista, empregado(a) doméstico(a) ou parente do(a) empregado(a) doméstico(a)",Pessoas,401,Classes de rendimento nominal mensal domiciliar per capita,Até 1/4 de salário mínimo
Distribuição por faixas de renda,2022,Município,2502300,Bom Sucesso (PB),"Moradores em domicílios particulares permanentes ocupados, exclusive os cuja condição no domicílio era pensionista, empregado(a) doméstico(a) ou parente do(a) empregado(a) doméstico(a)",Pessoas,1007,Classes de rendimento nominal mensal domiciliar per capita,Até 1/4 de salário mínimo
Distribuição por faixas de renda,2022,Município,2502409,Bonito de Santa Fé (PB),"Moradores em domicílios particulares permanentes ocupados, exclusive os cuja condição no domicílio era pensionista, empregado(a) doméstico(a) ou parente do(a) empregado(a) doméstico(a)",Pessoas,3631,Classes de rendimento nominal mensal domiciliar per capita,Até 1/4 de salário mínimo
Distribuição por faixas de renda,2022,Município,2502508,Boqueirão (PB),"Moradores em domicílios particulares permanentes ocupados, exclusive os cuja condição no domicílio era pensionista, empregado(a) doméstico(a) ou parente do(a) empregado(a) doméstico(a)",Pessoas,4036,Classes de rendimento nominal mensal domiciliar per capita,Até 1/4 de salário mínimo
Distribuição por faixas de renda,2022,Município,2502607,Igaracy (PB),"Moradores em domicílios particulares permanentes ocupados, exclusive os cuja condição no domicílio era pensionista, empregado(a) doméstico(a) ou parente do(a) empregado(a) doméstico(a)",Pessoas,1394,Classes de rendimento nominal mensal domiciliar per capita,Até 1/4 de salário mínimo
Distribuição por faixas de renda,2022,Município,2502706,Borborema (PB),"Moradores em domicílios particulares permanentes ocupados, exclusive os cuja condição no domicílio era pensionista, empregado(a) doméstico(a) ou parente do(a) empregado(a) doméstico(a)",Pessoas,1350,Classes de rendimento nominal mensal domiciliar per capita,Até 1/4 de salário mínimo
Distribuição por faixas de renda,2022,Município,2502805,Brejo do Cruz (PB),"Moradores em domicílios particulares permanentes ocupados, exclusive os cuja condição no domicílio era pensionista, empregado(a) doméstico(a) ou parente do(a) empregado(a) doméstico(a)",Pessoas,3031,Classes de rendimento nominal mensal domiciliar per capita,Até 1/4 de salário mínimo
Distribuição por faixas de renda,2022,Município,2502904,Brejo dos Santos (PB),"Moradores em domicílios particulares permanentes ocupados, exclusive os cuja condição no domicílio era pensionista, empregado(a) doméstico(a) ou parente do(a) empregado(a) doméstico(a)",Pessoas,1129,Classes de rendimento nominal mensal domiciliar per capita,Até 1/4 de salário mínimo
Distribuição por faixas de renda,2022,Município,2503001,Caaporã (PB),"Moradores em domicílios particulares permanentes ocupados, exclusive os cuja condição no domicílio era pensionista, empregado(a) doméstico(a) ou parente do(a) empregado(a) doméstico(a)",Pessoas,4179,Classes de rendimento nominal mensal domiciliar per capita,Até 1/4 de salário mínimo
Distribuição por faixas de renda,2022,Município,2503100,Cabaceiras (PB),"Moradores em domicílios particulares permanentes ocupados, exclusive os cuja condição no domicílio era pensionista, empregado(a) doméstico(a) ou parente do(a) empregado(a) doméstico(a)",Pessoas,1115,Classes de rendimento nominal mensal domiciliar per capita,Até 1/4 de salário mínimo
Distribuição por faixas de renda,2022,Município,2503209,Cabedelo (PB),"Moradores em domicílios particulares permanentes ocupados, exclusive os cuja condição no domicílio era pensionista, empregado(a) doméstico(a) ou parente do(a) empregado(a) doméstico(a)",Pessoas,7437,Classes de rendimento nominal mensal domiciliar per capita,Até 1/4 de salário mínimo
Distribuição por faixas de renda,2022,Município,2503308,Cachoeira dos Índios (PB),"Moradores em domicílios particulares permanentes ocupados, exclusive os cuja condição no domicílio era pensionista, empregado(a) doméstico(a) ou parente do(a) empregado(a) doméstico(a)",Pessoas,2489,Classes de rendimento nominal mensal domiciliar per capita,Até 1/4 de salário mínimo
Distribuição por faixas de renda,2022,Município,2503407,Cacimba de Areia (PB),"Moradores em domicílios particulares permanentes ocupados, exclusive os cuja condição no domicílio era pensionista, empregado(a) doméstico(a) ou parente do(a) empregado(a) doméstico(a)",Pessoas,1030,Classes de rendimento nominal mensal domiciliar per capita,Até 1/4 de salário mínimo
Distribuição por faixas de renda,2022,Município,2503506,Cacimba de Dentro (PB),"Moradores em domicílios particulares permanentes ocupados, exclusive os cuja condição no domicílio era pensionista, empregado(a) doméstico(a) ou parente do(a) empregado(a) doméstico(a)",Pessoas,5553,Classes de rendimento nominal mensal domiciliar per capita,Até 1/4 de salário mínimo
Distribuição por faixas de renda,2022,Município,2503555,Cacimbas (PB),"Moradores em domicílios particulares permanentes ocupados, exclusive os cuja condição no domicílio era pensionista, empregado(a) doméstico(a) ou parente do(a) empregado(a) doméstico(a)",Pessoas,3231,Classes de rendimento nominal mensal domiciliar per capita,Até 1/4 de salário mínimo
Distribuição por faixas de renda,2022,Município,2503605,Caiçara (PB),"Moradores em domicílios particulares permanentes ocupados, exclusive os cuja condição no domicílio era pensionista, empregado(a) doméstico(a) ou parente do(a) empregado(a) doméstico(a)",Pessoas,1867,Classes de rendimento nominal mensal domiciliar per capita,Até 1/4 de salário mínimo
Distribuição por faixas de renda,2022,Município,2503704,Cajazeiras (PB),"Moradores em domicílios particulares permanentes ocupados, exclusive os cuja condição no domicílio era pensionista, empregado(a) doméstico(a) ou parente do(a) empregado(a) doméstico(a)",Pessoas,8246,Classes de rendimento nominal mensal domiciliar per capita,Até 1/4 de salário mínimo
Distribuição por faixas de renda,2022,Município,2503753,Cajazeirinhas (PB),"Moradores em domicílios particulares permanentes ocupados, exclusive os cuja condição no domicílio era pensionista, empregado(a) doméstico(a) ou parente do(a) empregado(a) doméstico(a)",Pessoas,677,Classes de rendimento nominal mensal domiciliar per capita,Até 1/4 de salário mínimo
Distribuição por faixas de renda,2022,Município,2503803,Caldas Brandão (PB),"Moradores em domicílios particulares permanentes ocupados, exclusive os cuja condição no domicílio era pensionista, empregado(a) doméstico(a) ou parente do(a) empregado(a) doméstico(a)",Pessoas,1232,Classes de rendimento nominal mensal domiciliar per capita,Até 1/4 de salário mínimo
Distribuição por faixas de renda,2022,Município,2503902,Camalaú (PB),"Moradores em domicílios particulares permanentes ocupados, exclusive os cuja condição no domicílio era pensionista, empregado(a) doméstico(a) ou parente do(a) empregado(a) doméstico(a)",Pessoas,1667,Classes de rendimento nominal mensal domiciliar per capita,Até 1/4 de salário mínimo
Distribuição por faixas de renda,2022,Município,2504009,Campina Grande (PB),"Moradores em domicílios particulares permanentes ocupados, exclusive os cuja condição no domicílio era pensionista, empregado(a) doméstico(a) ou parente do(a) empregado(a) doméstico(a)",Pessoas,53211,Classes de rendimento nominal mensal domiciliar per capita,Até 1/4 de salário mínimo
Distribuição por faixas de renda,2022,Município,2504033,Capim (PB),"Moradores em domicílios particulares permanentes ocupados, exclusive os cuja condição no domicílio era pensionista, empregado(a) doméstico(a) ou parente do(a) empregado(a) doméstico(a)",Pessoas,1882,Classes de rendimento nominal mensal domiciliar per capita,Até 1/4 de salário mínimo
Distribuição por faixas de renda,2022,Município,2504074,Caraúbas (PB),"Moradores em domicílios particulares permanentes ocupados, exclusive os cuja condição no domicílio era pensionista, empregado(a) doméstico(a) ou parente do(a) empregado(a) doméstico(a)",Pessoas,638,Classes de rendimento nominal mensal domiciliar per capita,Até 1/4 de salário mínimo
Distribuição por faixas de renda,2022,Município,2504108,Carrapateira (PB),"Moradores em domicílios particulares permanentes ocupados, exclusive os cuja condição no domicílio era pensionista, empregado(a) doméstico(a) ou parente do(a) empregado(a) doméstico(a)",Pessoas,630,Classes de rendimento nominal mensal domiciliar per capita,Até 1/4 de salário mínimo
Distribuição por faixas de renda,2022,Município,2504157,Casserengue (PB),"Moradores em domicílios particulares permanentes ocupados, exclusive os cuja condição no domicílio era pensionista, empregado(a) doméstico(a) ou parente do(a) empregado(a) doméstico(a)",Pessoas,2420,Classes de rendimento nominal mensal domiciliar per capita,Até 1/4 de salário mínimo
Distribuição por faixas de renda,2022,Município,2504207,Catingueira (PB),"Moradores em domicílios particulares permanentes ocupados, exclusive os cuja condição no domicílio era pensionista, empregado(a) doméstico(a) ou parente do(a) empregado(a) doméstico(a)",Pessoas,1478,Classes de rendimento nominal mensal domiciliar per capita,Até 1/4 de salário mínimo
Distribuição por faixas de renda,2022,Município,2504306,Catolé do Rocha (PB),"Moradores em domicílios particulares permanentes ocupados, exclusive os cuja condição no domicílio era pensionista, empregado(a) doméstico(a) ou parente do(a) empregado(a) doméstico(a)",Pessoas,3701,Classes de rendimento nominal mensal domiciliar per capita,Até 1/4 de salário mínimo
Distribuição por faixas de renda,2022,Município,2504355,Caturité (PB),"Moradores em domicílios particulares permanentes ocupados, exclusive os cuja condição no domicílio era pensionista, empregado(a) doméstico(a) ou parente do(a) empregado(a) doméstico(a)",Pessoas,1789,Classes de rendimento nominal mensal domiciliar per capita,Até 1/4 de salário mínimo
Distribuição por faixas de renda,2022,Município,2504405,Conceição (PB),"Moradores em domicílios particulares permanentes ocupados, exclusive os cuja condição no domicílio era pensionista, empregado(a) doméstico(a) ou parente do(a) empregado(a) doméstico(a)",Pessoas,5588,Classes de rendimento nominal mensal domiciliar per capita,Até 1/4 de salário mínimo
Distribuição por faixas de renda,2022,Município,2504504,Condado (PB),"Moradores em domicílios particulares permanentes ocupados, exclusive os cuja condição no domicílio era pensionista, empregado(a) doméstico(a) ou parente do(a) empregado(a) doméstico(a)",Pessoas,1641,Classes de rendimento nominal mensal domiciliar per capita,Até 1/4 de salário mínimo
Distribuição por faixas de renda,2022,Município,2504603,Conde (PB),"Moradores em domicílios particulares permanentes ocupados, exclusive os cuja condição no domicílio era pensionista, empregado(a) doméstico(a) ou parente do(a) empregado(a) doméstico(a)",Pessoas,5611,Classes de rendimento nominal mensal domiciliar per capita,Até 1/4 de salário mínimo
Distribuição por faixas de renda,2022,Município,2504702,Congo (PB),"Moradores em domicílios particulares permanentes ocupados, exclusive os cuja condição no domicílio era pensionista, empregado(a) doméstico(a) ou parente do(a) empregado(a) doméstico(a)",Pessoas,1124,Classes de rendimento nominal mensal domiciliar per capita,Até 1/4 de salário mínimo
Distribuição por faixas de renda,2022,Município,2504801,Coremas (PB),"Moradores em domicílios particulares permanentes ocupados, exclusive os cuja condição no domicílio era pensionista, empregado(a) doméstico(a) ou parente do(a) empregado(a) doméstico(a)",Pessoas,3607,Classes de rendimento nominal mensal domiciliar per capita,Até 1/4 de salário mínimo
Distribuição por faixas de renda,2022,Município,2504850,Coxixola (PB),"Moradores em domicílios particulares permanentes ocupados, exclusive os cuja condição no domicílio era pensionista, empregado(a) doméstico(a) ou parente do(a) empregado(a) doméstico(a)",Pessoas,352,Classes de rendimento nominal mensal domiciliar per capita,Até 1/4 de salário mínimo
Distribuição por faixas de renda,2022,Município,2504900,Cruz do Espírito Santo (PB),"Moradores em domicílios particulares permanentes ocupados, exclusive os cuja condição no domicílio era pensionista, empregado(a) doméstico(a) ou parente do(a) empregado(a) doméstico(a)",Pessoas,3614,Classes de rendimento nominal mensal domiciliar per capita,Até 1/4 de salário mínimo
Distribuição por faixas de renda,2022,Município,2505006,Cubati (PB),"Moradores em domicílios particulares permanentes ocupados, exclusive os cuja condição no domicílio era pensionista, empregado(a) doméstico(a) ou parente do(a) empregado(a) doméstico(a)",Pessoas,2028,Classes de rendimento nominal mensal domiciliar per capita,Até 1/4 de salário mínimo
Distribuição por faixas de renda,2022,Município,2505105,Cuité (PB),"Moradores em domicílios particulares permanentes ocupados, exclusive os cuja condição no domicílio era pensionista, empregado(a) doméstico(a) ou parente do(a) empregado(a) doméstico(a)",Pessoas,4834,Classes de rendimento nominal mensal domiciliar per capita,Até 1/4 de salário mínimo
Distribuição por faixas de renda,2022,Município,2505204,Cuitegi (PB),"Moradores em domicílios particulares permanentes ocupados, exclusive os cuja condição no domicílio era pensionista, empregado(a) doméstico(a) ou parente do(a) empregado(a) doméstico(a)",Pessoas,1790,Classes de rendimento nominal mensal domiciliar per capita,Até 1/4 de salário mínimo
Distribuição por faixas de renda,2022,Município,2505238,Cuité de Mamanguape (PB),"Moradores em domicílios particulares permanentes ocupados, exclusive os cuja condição no domicílio era pensionista, empregado(a) doméstico(a) ou parente do(a) empregado(a) doméstico(a)",Pessoas,1478,Classes de rendimento nominal mensal domiciliar per capita,Até 1/4 de salário mínimo
Distribuição por faixas de renda,2022,Município,2505279,Curral de Cima (PB),"Moradores em domicílios particulares permanentes ocupados, exclusive os cuja condição no domicílio era pensionista, empregado(a) doméstico(a) ou parente do(a) empregado(a) doméstico(a)",Pessoas,1498,Classes de rendimento nominal mensal domiciliar per capita,Até 1/4 de salário mínimo
Distribuição por faixas de renda,2022,Município,2505303,Curral Velho (PB),"Moradores em domicílios particulares permanentes ocupados, exclusive os cuja condição no domicílio era pensionista, empregado(a) doméstico(a) ou parente do(a) empregado(a) doméstico(a)",Pessoas,447,Classes de rendimento nominal mensal domiciliar per capita,Até 1/4 de salário mínimo
Distribuição por faixas de renda,2022,Município,2505352,Damião (PB),"Moradores em domicílios particulares permanentes ocupados, exclusive os cuja condição no domicílio era pensionista, empregado(a) doméstico(a) ou parente do(a) empregado(a) doméstico(a)",Pessoas,2029,Classes de rendimento nominal mensal domiciliar per capita,Até 1/4 de salário mínimo
Distribuição por faixas de renda,2022,Município,2505402,Desterro (PB),"Moradores em domicílios particulares permanentes ocupados, exclusive os cuja condição no domicílio era pensionista, empregado(a) doméstico(a) ou parente do(a) empregado(a) doméstico(a)",Pessoas,2197,Classes de rendimento nominal mensal domiciliar per capita,Até 1/4 de salário mínimo
Distribuição por faixas de renda,2022,Município,2505501,Vista Serrana (PB),"Moradores em domicílios particulares permanentes ocupados, exclusive os cuja condição no domicílio era pensionista, empregado(a) doméstico(a) ou parente do(a) empregado(a) doméstico(a)",Pessoas,1113,Classes de rendimento nominal mensal domiciliar per capita,Até 1/4 de salário mínimo
Distribuição por faixas de renda,2022,Município,2505600,Diamante (PB),"Moradores em domicílios particulares permanentes ocupados, exclusive os cuja condição no domicílio era pensionista, empregado(a) doméstico(a) ou parente do(a) empregado(a) doméstico(a)",Pessoas,1960,Classes de rendimento nominal mensal domiciliar per capita,Até 1/4 de salário mínimo
Distribuição por faixas de renda,2022,Município,2505709,Dona Inês (PB),"Moradores em domicílios particulares permanentes ocupados, exclusive os cuja condição no domicílio era pensionista, empregado(a) doméstico(a) ou parente do(a) empregado(a) doméstico(a)",Pessoas,3836,Classes de rendimento nominal mensal domiciliar per capita,Até 1/4 de salário mínimo
Distribuição por faixas de renda,2022,Município,2505808,Duas Estradas (PB),"Moradores em domicílios particulares permanentes ocupados, exclusive os cuja condição no domicílio era pensionista, empregado(a) doméstico(a) ou parente do(a) empregado(a) doméstico(a)",Pessoas,1000,Classes de rendimento nominal mensal domiciliar per capita,Até 1/4 de salário mínimo
Distribuição por faixas de renda,2022,Município,2505907,Emas (PB),"Moradores em domicílios particulares permanentes ocupados, exclusive os cuja condição no domicílio era pensionista, empregado(a) doméstico(a) ou parente do(a) empregado(a) doméstico(a)",Pessoas,674,Classes de rendimento nominal mensal domiciliar per capita,Até 1/4 de salário mínimo
Distribuição por faixas de renda,2022,Município,2506004,Esperança (PB),"Moradores em domicílios particulares permanentes ocupados, exclusive os cuja condição no domicílio era pensionista, empregado(a) doméstico(a) ou parente do(a) empregado(a) doméstico(a)",Pessoas,7504,Classes de rendimento nominal mensal domiciliar per capita,Até 1/4 de salário mínimo
Distribuição por faixas de renda,2022,Município,2506103,Fagundes (PB),"Moradores em domicílios particulares permanentes ocupados, exclusive os cuja condição no domicílio era pensionista, empregado(a) doméstico(a) ou parente do(a) empregado(a) doméstico(a)",Pessoas,3554,Classes de rendimento nominal mensal domiciliar per capita,Até 1/4 de salário mínimo
Distribuição por faixas de renda,2022,Município,2506202,Frei Martinho (PB),"Moradores em domicílios particulares permanentes ocupados, exclusive os cuja condição no domicílio era pensionista, empregado(a) doméstico(a) ou parente do(a) empregado(a) doméstico(a)",Pessoas,438,Classes de rendimento nominal mensal domiciliar per capita,Até 1/4 de salário mínimo
Distribuição por faixas de renda,2022,Município,2506251,Gado Bravo (PB),"Moradores em domicílios particulares permanentes ocupados, exclusive os cuja condição no domicílio era pensionista, empregado(a) doméstico(a) ou parente do(a) empregado(a) doméstico(a)",Pessoas,3037,Classes de rendimento nominal mensal domiciliar per capita,Até 1/4 de salário mínimo
Distribuição por faixas de renda,2022,Município,2506301,Guarabira (PB),"Moradores em domicílios particulares permanentes ocupados, exclusive os cuja condição no domicílio era pensionista, empregado(a) doméstico(a) ou parente do(a) empregado(a) doméstico(a)",Pessoas,9916,Classes de rendimento nominal mensal domiciliar per capita,Até 1/4 de salário mínimo
Distribuição por faixas de renda,2022,Município,2506400,Gurinhém (PB),"Moradores em domicílios particulares permanentes ocupados, exclusive os cuja condição no domicílio era pensionista, empregado(a) doméstico(a) ou parente do(a) empregado(a) doméstico(a)",Pessoas,3288,Classes de rendimento nominal mensal domiciliar per capita,Até 1/4 de salário mínimo
Distribuição por faixas de renda,2022,Município,2506509,Gurjão (PB),"Moradores em domicílios particulares permanentes ocupados, exclusive os cuja condição no domicílio era pensionista, empregado(a) doméstico(a) ou parente do(a) empregado(a) doméstico(a)",Pessoas,670,Classes de rendimento nominal mensal domiciliar per capita,Até 1/4 de salário mínimo
Distribuição por faixas de renda,2022,Município,2506608,Ibiara (PB),"Moradores em domicílios particulares permanentes ocupados, exclusive os cuja condição no domicílio era pensionista, empregado(a) doméstico(a) ou parente do(a) empregado(a) doméstico(a)",Pessoas,1702,Classes de rendimento nominal mensal domiciliar per capita,Até 1/4 de salário mínimo
Distribuição por faixas de renda,2022,Município,2506707,Imaculada (PB),"Moradores em domicílios particulares permanentes ocupados, exclusive os cuja condição no domicílio era pensionista, empregado(a) doméstico(a) ou parente do(a) empregado(a) doméstico(a)",Pessoas,3767,Classes de rendimento nominal mensal domiciliar per capita,Até 1/4 de salário mínimo
Distribuição por faixas de renda,2022,Município,2506806,Ingá (PB),"Moradores em domicílios particulares permanentes ocupados, exclusive os cuja condição no domicílio era pensionista, empregado(a) doméstico(a) ou parente do(a) empregado(a) doméstico(a)",Pessoas,3099,Classes de rendimento nominal mensal domiciliar per capita,Até 1/4 de salário mínimo
Distribuição por faixas de renda,2022,Município,2506905,Itabaiana (PB),"Moradores em domicílios particulares permanentes ocupados, exclusive os cuja condição no domicílio era pensionista, empregado(a) doméstico(a) ou parente do(a) empregado(a) doméstico(a)",Pessoas,5087,Classes de rendimento nominal mensal domiciliar per capita,Até 1/4 de salário mínimo
Distribuição por faixas de renda,2022,Município,2507002,Itaporanga (PB),"Moradores em domicílios particulares permanentes ocupados, exclusive os cuja condição no domicílio era pensionista, empregado(a) doméstico(a) ou parente do(a) empregado(a) doméstico(a)",Pessoas,4268,Classes de rendimento nominal mensal domiciliar per capita,Até 1/4 de salário mínimo
Distribuição por faixas de renda,2022,Município,2507101,Itapororoca (PB),"Moradores em domicílios particulares permanentes ocupados, exclusive os cuja condição no domicílio era pensionista, empregado(a) doméstico(a) ou parente do(a) empregado(a) doméstico(a)",Pessoas,5350,Classes de rendimento nominal mensal domiciliar per capita,Até 1/4 de salário mínimo
Distribuição por faixas de renda,2022,Município,2507200,Itatuba (PB),"Moradores em domicílios particulares permanentes ocupados, exclusive os cuja condição no domicílio era pensionista, empregado(a) doméstico(a) ou parente do(a) empregado(a) doméstico(a)",Pessoas,2830,Classes de rendimento nominal mensal domiciliar per capita,Até 1/4 de salário mínimo
Distribuição por faixas de renda,2022,Município,2507309,Jacaraú (PB),"Moradores em domicílios particulares permanentes ocupados, exclusive os cuja condição no domicílio era pensionista, empregado(a) doméstico(a) ou parente do(a) empregado(a) doméstico(a)",Pessoas,3765,Classes de rendimento nominal mensal domiciliar per capita,Até 1/4 de salário mínimo
Distribuição por faixas de renda,2022,Município,2507408,Jericó (PB),"Moradores em domicílios particulares permanentes ocupados, exclusive os cuja condição no domicílio era pensionista, empregado(a) doméstico(a) ou parente do(a) empregado(a) doméstico(a)",Pessoas,1516,Classes de rendimento nominal mensal domiciliar per capita,Até 1/4 de salário mínimo
Distribuição por faixas de renda,2022,Município,2507507,João Pessoa (PB),"Moradores em domicílios particulares permanentes ocupados, exclusive os cuja condição no domicílio era pensionista, empregado(a) doméstico(a) ou parente do(a) empregado(a) doméstico(a)",Pessoas,76394,Classes de rendimento nominal mensal domiciliar per capita,Até 1/4 de salário mínimo
Distribuição por faixas de renda,2022,Município,2507606,Juarez Távora (PB),"Moradores em domicílios particulares permanentes ocupados, exclusive os cuja condição no domicílio era pensionista, empregado(a) doméstico(a) ou parente do(a) empregado(a) doméstico(a)",Pessoas,1746,Classes de rendimento nominal mensal domiciliar per capita,Até 1/4 de salário mínimo
Distribuição por faixas de renda,2022,Município,2507705,Juazeirinho (PB),"Moradores em domicílios particulares permanentes ocupados, exclusive os cuja condição no domicílio era pensionista, empregado(a) doméstico(a) ou parente do(a) empregado(a) doméstico(a)",Pessoas,5906,Classes de rendimento nominal mensal domiciliar per capita,Até 1/4 de salário mínimo
Distribuição por faixas de renda,2022,Município,2507804,Junco do Seridó (PB),"Moradores em domicílios particulares permanentes ocupados, exclusive os cuja condição no domicílio era pensionista, empregado(a) doméstico(a) ou parente do(a) empregado(a) doméstico(a)",Pessoas,989,Classes de rendimento nominal mensal domiciliar per capita,Até 1/4 de salário mínimo
Distribuição por faixas de renda,2022,Município,2507903,Juripiranga (PB),"Moradores em domicílios particulares permanentes ocupados, exclusive os cuja condição no domicílio era pensionista, empregado(a) doméstico(a) ou parente do(a) empregado(a) doméstico(a)",Pessoas,2612,Classes de rendimento nominal mensal domiciliar per capita,Até 1/4 de salário mínimo
Distribuição por faixas de renda,2022,Município,2508000,Juru (PB),"Moradores em domicílios particulares permanentes ocupados, exclusive os cuja condição no domicílio era pensionista, empregado(a) doméstico(a) ou parente do(a) empregado(a) doméstico(a)",Pessoas,3343,Classes de rendimento nominal mensal domiciliar per capita,Até 1/4 de salário mínimo
Distribuição por faixas de renda,2022,Município,2508109,Lagoa (PB),"Moradores em domicílios particulares permanentes ocupados, exclusive os cuja condição no domicílio era pensionista, empregado(a) doméstico(a) ou parente do(a) empregado(a) doméstico(a)",Pessoas,1104,Classes de rendimento nominal mensal domiciliar per capita,Até 1/4 de salário mínimo
Distribuição por faixas de renda,2022,Município,2508208,Lagoa de Dentro (PB),"Moradores em domicílios particulares permanentes ocupados, exclusive os cuja condição no domicílio era pensionista, empregado(a) doméstico(a) ou parente do(a) empregado(a) doméstico(a)",Pessoas,2143,Classes de rendimento nominal mensal domiciliar per capita,Até 1/4 de salário mínimo
Distribuição por faixas de renda,2022,Município,2508307,Lagoa Seca (PB),"Moradores em domicílios particulares permanentes ocupados, exclusive os cuja condição no domicílio era pensionista, empregado(a) doméstico(a) ou parente do(a) empregado(a) doméstico(a)",Pessoas,6208,Classes de rendimento nominal mensal domiciliar per capita,Até 1/4 de salário mínimo
Distribuição por faixas de renda,2022,Município,2508406,Lastro (PB),"Moradores em domicílios particulares permanentes ocupados, exclusive os cuja condição no domicílio era pensionista, empregado(a) doméstico(a) ou parente do(a) empregado(a) doméstico(a)",Pessoas,948,Classes de rendimento nominal mensal domiciliar per capita,Até 1/4 de salário mínimo
Distribuição por faixas de renda,2022,Município,2508505,Livramento (PB),"Moradores em domicílios particulares permanentes ocupados, exclusive os cuja condição no domicílio era pensionista, empregado(a) doméstico(a) ou parente do(a) empregado(a) doméstico(a)",Pessoas,2419,Classes de rendimento nominal mensal domiciliar per capita,Até 1/4 de salário mínimo
Distribuição por faixas de renda,2022,Município,2508554,Logradouro (PB),"Moradores em domicílios particulares permanentes ocupados, exclusive os cuja condição no domicílio era pensionista, empregado(a) doméstico(a) ou parente do(a) empregado(a) doméstico(a)",Pessoas,1318,Classes de rendimento nominal mensal domiciliar per capita,Até 1/4 de salário mínimo
Distribuição por faixas de renda,2022,Município,2508604,Lucena (PB),"Moradores em domicílios particulares permanentes ocupados, exclusive os cuja condição no domicílio era pensionista, empregado(a) doméstico(a) ou parente do(a) empregado(a) doméstico(a)",Pessoas,2854,Classes de rendimento nominal mensal domiciliar per capita,Até 1/4 de salário mínimo
Distribuição por faixas de renda,2022,Município,2508703,Mãe d'Água (PB),"Moradores em domicílios particulares permanentes ocupados, exclusive os cuja condição no domicílio era pensionista, empregado(a) doméstico(a) ou parente do(a) empregado(a) doméstico(a)",Pessoas,1066,Classes de rendimento nominal mensal domiciliar per capita,Até 1/4 de salário mínimo
Distribuição por faixas de renda,2022,Município,2508802,Malta (PB),"Moradores em domicílios particulares permanentes ocupados, exclusive os cuja condição no domicílio era pensionista, empregado(a) doméstico(a) ou parente do(a) empregado(a) doméstico(a)",Pessoas,903,Classes de rendimento nominal mensal domiciliar per capita,Até 1/4 de salário mínimo
Distribuição por faixas de renda,2022,Município,2508901,Mamanguape (PB),"Moradores em domicílios particulares permanentes ocupados, exclusive os cuja condição no domicílio era pensionista, empregado(a) doméstico(a) ou parente do(a) empregado(a) doméstico(a)",Pessoas,9107,Classes de rendimento nominal mensal domiciliar per capita,Até 1/4 de salário mínimo
Distribuição por faixas de renda,2022,Município,2509008,Manaíra (PB),"Moradores em domicílios particulares permanentes ocupados, exclusive os cuja condição no domicílio era pensionista, empregado(a) doméstico(a) ou parente do(a) empregado(a) doméstico(a)",Pessoas,4342,Classes de rendimento nominal mensal domiciliar per capita,Até 1/4 de salário mínimo
Distribuição por faixas de renda,2022,Município,2509057,Marcação (PB),"Moradores em domicílios particulares permanentes ocupados, exclusive os cuja condição no domicílio era pensionista, empregado(a) doméstico(a) ou parente do(a) empregado(a) doméstico(a)",Pessoas,2748,Classes de rendimento nominal mensal domiciliar per capita,Até 1/4 de salário mínimo
Distribuição por faixas de renda,2022,Município,2509107,Mari (PB),"Moradores em domicílios particulares permanentes ocupados, exclusive os cuja condição no domicílio era pensionista, empregado(a) doméstico(a) ou parente do(a) empregado(a) doméstico(a)",Pessoas,5560,Classes de rendimento nominal mensal domiciliar per capita,Até 1/4 de salário mínimo
Distribuição por faixas de renda,2022,Município,2509156,Marizópolis (PB),"Moradores em domicílios particulares permanentes ocupados, exclusive os cuja condição no domicílio era pensionista, empregado(a) doméstico(a) ou parente do(a) empregado(a) doméstico(a)",Pessoas,1507,Classes de rendimento nominal mensal domiciliar per capita,Até 1/4 de salário mínimo
Distribuição por faixas de renda,2022,Município,2509206,Massaranduba (PB),"Moradores em domicílios particulares permanentes ocupados, exclusive os cuja condição no domicílio era pensionista, empregado(a) doméstico(a) ou parente do(a) empregado(a) doméstico(a)",Pessoas,2515,Classes de rendimento nominal mensal domiciliar per capita,Até 1/4 de salário mínimo
Distribuição por faixas de renda,2022,Município,2509305,Mataraca (PB),"Moradores em domicílios particulares permanentes ocupados, exclusive os cuja condição no domicílio era pensionista, empregado(a) doméstico(a) ou parente do(a) empregado(a) doméstico(a)",Pessoas,2014,Classes de rendimento nominal mensal domiciliar per capita,Até 1/4 de salário mínimo
Distribuição por faixas de renda,2022,Município,2509339,Matinhas (PB),"Moradores em domicílios particulares permanentes ocupados, exclusive os cuja condição no domicílio era pensionista, empregado(a) doméstico(a) ou parente do(a) empregado(a) doméstico(a)",Pessoas,1872,Classes de rendimento nominal mensal domiciliar per capita,Até 1/4 de salário mínimo
Distribuição por faixas de renda,2022,Município,2509370,Mato Grosso (PB),"Moradores em domicílios particulares permanentes ocupados, exclusive os cuja condição no domicílio era pensionista, empregado(a) doméstico(a) ou parente do(a) empregado(a) doméstico(a)",Pessoas,394,Classes de rendimento nominal mensal domiciliar per capita,Até 1/4 de salário mínimo
Distribuição por faixas de renda,2022,Município,2509396,Maturéia (PB),"Moradores em domicílios particulares permanentes ocupados, exclusive os cuja condição no domicílio era pensionista, empregado(a) doméstico(a) ou parente do(a) empregado(a) doméstico(a)",Pessoas,2259,Classes de rendimento nominal mensal domiciliar per capita,Até 1/4 de salário mínimo
Distribuição por faixas de renda,2022,Município,2509404,Mogeiro (PB),"Moradores em domicílios particulares permanentes ocupados, exclusive os cuja condição no domicílio era pensionista, empregado(a) doméstico(a) ou parente do(a) empregado(a) doméstico(a)",Pessoas,3782,Classes de rendimento nominal mensal domiciliar per capita,Até 1/4 de salário mínimo
Distribuição por faixas de renda,2022,Município,2509503,Montadas (PB),"Moradores em domicílios particulares permanentes ocupados, exclusive os cuja condição no domicílio era pensionista, empregado(a) doméstico(a) ou parente do(a) empregado(a) doméstico(a)",Pessoas,1568,Classes de rendimento nominal mensal domiciliar per capita,Até 1/4 de salário mínimo
Distribuição por faixas de renda,2022,Município,2509602,Monte Horebe (PB),"Moradores em domicílios particulares permanentes ocupados, exclusive os cuja condição no domicílio era pensionista, empregado(a) doméstico(a) ou parente do(a) empregado(a) doméstico(a)",Pessoas,1758,Classes de rendimento nominal mensal domiciliar per capita,Até 1/4 de salário mínimo
Distribuição por faixas de renda,2022,Município,2509701,Monteiro (PB),"Moradores em domicílios particulares permanentes ocupados, exclusive os cuja condição no domicílio era pensionista, empregado(a) doméstico(a) ou parente do(a) empregado(a) doméstico(a)",Pessoas,7067,Classes de rendimento nominal mensal domiciliar per capita,Até 1/4 de salário mínimo
Distribuição por faixas de renda,2022,Município,2509800,Mulungu (PB),"Moradores em domicílios particulares permanentes ocupados, exclusive os cuja condição no domicílio era pensionista, empregado(a) doméstico(a) ou parente do(a) empregado(a) doméstico(a)",Pessoas,2201,Classes de rendimento nominal mensal domiciliar per capita,Até 1/4 de salário mínimo
Distribuição por faixas de renda,2022,Município,2509909,Natuba (PB),"Moradores em domicílios particulares permanentes ocupados, exclusive os cuja condição no domicílio era pensionista, empregado(a) doméstico(a) ou parente do(a) empregado(a) doméstico(a)",Pessoas,3306,Classes de rendimento nominal mensal domiciliar per capita,Até 1/4 de salário mínimo
Distribuição por faixas de renda,2022,Município,2510006,Nazarezinho (PB),"Moradores em domicílios particulares permanentes ocupados, exclusive os cuja condição no domicílio era pensionista, empregado(a) doméstico(a) ou parente do(a) empregado(a) doméstico(a)",Pessoas,2532,Classes de rendimento nominal mensal domiciliar per capita,Até 1/4 de salário mínimo
Distribuição por faixas de renda,2022,Município,2510105,Nova Floresta (PB),"Moradores em domicílios particulares permanentes ocupados, exclusive os cuja condição no domicílio era pensionista, empregado(a) doméstico(a) ou parente do(a) empregado(a) doméstico(a)",Pessoas,2761,Classes de rendimento nominal mensal domiciliar per capita,Até 1/4 de salário mínimo
Distribuição por faixas de renda,2022,Município,2510204,Nova Olinda (PB),"Moradores em domicílios particulares permanentes ocupados, exclusive os cuja condição no domicílio era pensionista, empregado(a) doméstico(a) ou parente do(a) empregado(a) doméstico(a)",Pessoas,1729,Classes de rendimento nominal mensal domiciliar per capita,Até 1/4 de salário mínimo
Distribuição por faixas de renda,2022,Município,2510303,Nova Palmeira (PB),"Moradores em domicílios particulares permanentes ocupados, exclusive os cuja condição no domicílio era pensionista, empregado(a) doméstico(a) ou parente do(a) empregado(a) doméstico(a)",Pessoas,891,Classes de rendimento nominal mensal domiciliar per capita,Até 1/4 de salário mínimo
Distribuição por faixas de renda,2022,Município,2510402,Olho d'Água (PB),"Moradores em domicílios particulares permanentes ocupados, exclusive os cuja condição no domicílio era pensionista, empregado(a) doméstico(a) ou parente do(a) empregado(a) doméstico(a)",Pessoas,2937,Classes de rendimento nominal mensal domiciliar per capita,Até 1/4 de salário mínimo
Distribuição por faixas de renda,2022,Município,2510501,Olivedos (PB),"Moradores em domicílios particulares permanentes ocupados, exclusive os cuja condição no domicílio era pensionista, empregado(a) doméstico(a) ou parente do(a) empregado(a) doméstico(a)",Pessoas,1035,Classes de rendimento nominal mensal domiciliar per capita,Até 1/4 de salário mínimo
Distribuição por faixas de renda,2022,Município,2510600,Ouro Velho (PB),"Moradores em domicílios particulares permanentes ocupados, exclusive os cuja condição no domicílio era pensionista, empregado(a) doméstico(a) ou parente do(a) empregado(a) doméstico(a)",Pessoas,547,Classes de rendimento nominal mensal domiciliar per capita,Até 1/4 de salário mínimo
Distribuição por faixas de renda,2022,Município,2510659,Parari (PB),"Moradores em domicílios particulares permanentes ocupados, exclusive os cuja condição no domicílio era pensionista, empregado(a) doméstico(a) ou parente do(a) empregado(a) doméstico(a)",Pessoas,399,Classes de rendimento nominal mensal domiciliar per capita,Até 1/4 de salário mínimo
Distribuição por faixas de renda,2022,Município,2510709,Passagem (PB),"Moradores em domicílios particulares permanentes ocupados, exclusive os cuja condição no domicílio era pensionista, empregado(a) doméstico(a) ou parente do(a) empregado(a) doméstico(a)",Pessoas,476,Classes de rendimento nominal mensal domiciliar per capita,Até 1/4 de salário mínimo
Distribuição por faixas de renda,2022,Município,2510808,Patos (PB),"Moradores em domicílios particulares permanentes ocupados, exclusive os cuja condição no domicílio era pensionista, empregado(a) doméstico(a) ou parente do(a) empregado(a) doméstico(a)",Pessoas,15023,Classes de rendimento nominal mensal domiciliar per capita,Até 1/4 de salário mínimo
Distribuição por faixas de renda,2022,Município,2510907,Paulista (PB),"Moradores em domicílios particulares permanentes ocupados, exclusive os cuja condição no domicílio era pensionista, empregado(a) doméstico(a) ou parente do(a) empregado(a) doméstico(a)",Pessoas,2466,Classes de rendimento nominal mensal domiciliar per capita,Até 1/4 de salário mínimo
Distribuição por faixas de renda,2022,Município,2511004,Pedra Branca (PB),"Moradores em domicílios particulares permanentes ocupados, exclusive os cuja condição no domicílio era pensionista, empregado(a) doméstico(a) ou parente do(a) empregado(a) doméstico(a)",Pessoas,1052,Classes de rendimento nominal mensal domiciliar per capita,Até 1/4 de salário mínimo
Distribuição por faixas de renda,2022,Município,2511103,Pedra Lavrada (PB),"Moradores em domicílios particulares permanentes ocupados, exclusive os cuja condição no domicílio era pensionista, empregado(a) doméstico(a) ou parente do(a) empregado(a) doméstico(a)",Pessoas,1662,Classes de rendimento nominal mensal domiciliar per capita,Até 1/4 de salário mínimo
Distribuição por faixas de renda,2022,Município,2511202,Pedras de Fogo (PB),"Moradores em domicílios particulares permanentes ocupados, exclusive os cuja condição no domicílio era pensionista, empregado(a) doméstico(a) ou parente do(a) empregado(a) doméstico(a)",Pessoas,5777,Classes de rendimento nominal mensal domiciliar per capita,Até 1/4 de salário mínimo
Distribuição por faixas de renda,2022,Município,2511301,Piancó (PB),"Moradores em domicílios particulares permanentes ocupados, exclusive os cuja condição no domicílio era pensionista, empregado(a) doméstico(a) ou parente do(a) empregado(a) doméstico(a)",Pessoas,3326,Classes de rendimento nominal mensal domiciliar per capita,Até 1/4 de salário mínimo
Distribuição por faixas de renda,2022,Município,2511400,Picuí (PB),"Moradores em domicílios particulares permanentes ocupados, exclusive os cuja condição no domicílio era pensionista, empregado(a) doméstico(a) ou parente do(a) empregado(a) doméstico(a)",Pessoas,5056,Classes de rendimento nominal mensal domiciliar per capita,Até 1/4 de salário mínimo
Distribuição por faixas de renda,2022,Município,2511509,Pilar (PB),"Moradores em domicílios particulares permanentes ocupados, exclusive os cuja condição no domicílio era pensionista, empregado(a) doméstico(a) ou parente do(a) empregado(a) doméstico(a)",Pessoas,3885,Classes de rendimento nominal mensal domiciliar per capita,Até 1/4 de salário mínimo
Distribuição por faixas de renda,2022,Município,2511608,Pilões (PB),"Moradores em domicílios particulares permanentes ocupados, exclusive os cuja condição no domicílio era pensionista, empregado(a) doméstico(a) ou parente do(a) empregado(a) doméstico(a)",Pessoas,2200,Classes de rendimento nominal mensal domiciliar per capita,Até 1/4 de salário mínimo
Distribuição por faixas de renda,2022,Município,2511707,Pilõezinhos (PB),"Moradores em domicílios particulares permanentes ocupados, exclusive os cuja condição no domicílio era pensionista, empregado(a) doméstico(a) ou parente do(a) empregado(a) doméstico(a)",Pessoas,1333,Classes de rendimento nominal mensal domiciliar per capita,Até 1/4 de salário mínimo
Distribuição por faixas de renda,2022,Município,2511806,Pirpirituba (PB),"Moradores em domicílios particulares permanentes ocupados, exclusive os cuja condição no domicílio era pensionista, empregado(a) doméstico(a) ou parente do(a) empregado(a) doméstico(a)",Pessoas,2632,Classes de rendimento nominal mensal domiciliar per capita,Até 1/4 de salário mínimo
Distribuição por faixas de renda,2022,Município,2511905,Pitimbu (PB),"Moradores em domicílios particulares permanentes ocupados, exclusive os cuja condição no domicílio era pensionista, empregado(a) doméstico(a) ou parente do(a) empregado(a) doméstico(a)",Pessoas,3057,Classes de rendimento nominal mensal domiciliar per capita,Até 1/4 de salário mínimo
Distribuição por faixas de renda,2022,Município,2512002,Pocinhos (PB),"Moradores em domicílios particulares permanentes ocupados, exclusive os cuja condição no domicílio era pensionista, empregado(a) doméstico(a) ou parente do(a) empregado(a) doméstico(a)",Pessoas,5291,Classes de rendimento nominal mensal domiciliar per capita,Até 1/4 de salário mínimo
Distribuição por faixas de renda,2022,Município,2512036,Poço Dantas (PB),"Moradores em domicílios particulares permanentes ocupados, exclusive os cuja condição no domicílio era pensionista, empregado(a) doméstico(a) ou parente do(a) empregado(a) doméstico(a)",Pessoas,1362,Classes de rendimento nominal mensal domiciliar per capita,Até 1/4 de salário mínimo
Distribuição por faixas de renda,2022,Município,2512077,Poço de José de Moura (PB),"Moradores em domicílios particulares permanentes ocupados, exclusive os cuja condição no domicílio era pensionista, empregado(a) doméstico(a) ou parente do(a) empregado(a) doméstico(a)",Pessoas,888,Classes de rendimento nominal mensal domiciliar per capita,Até 1/4 de salário mínimo
Distribuição por faixas de renda,2022,Município,2512101,Pombal (PB),"Moradores em domicílios particulares permanentes ocupados, exclusive os cuja condição no domicílio era pensionista, empregado(a) doméstico(a) ou parente do(a) empregado(a) doméstico(a)",Pessoas,5890,Classes de rendimento nominal mensal domiciliar per capita,Até 1/4 de salário mínimo
Distribuição por faixas de renda,2022,Município,2512200,Prata (PB),"Moradores em domicílios particulares permanentes ocupados, exclusive os cuja condição no domicílio era pensionista, empregado(a) doméstico(a) ou parente do(a) empregado(a) doméstico(a)",Pessoas,765,Classes de rendimento nominal mensal domiciliar per capita,Até 1/4 de salário mínimo
Distribuição por faixas de renda,2022,Município,2512309,Princesa Isabel (PB),"Moradores em domicílios particulares permanentes ocupados, exclusive os cuja condição no domicílio era pensionista, empregado(a) doméstico(a) ou parente do(a) empregado(a) doméstico(a)",Pessoas,4972,Classes de rendimento nominal mensal domiciliar per capita,Até 1/4 de salário mínimo
Distribuição por faixas de renda,2022,Município,2512408,Puxinanã (PB),"Moradores em domicílios particulares permanentes ocupados, exclusive os cuja condição no domicílio era pensionista, empregado(a) doméstico(a) ou parente do(a) empregado(a) doméstico(a)",Pessoas,3398,Classes de rendimento nominal mensal domiciliar per capita,Até 1/4 de salário mínimo
Distribuição por faixas de renda,2022,Município,2512507,Queimadas (PB),"Moradores em domicílios particulares permanentes ocupados, exclusive os cuja condição no domicílio era pensionista, empregado(a) doméstico(a) ou parente do(a) empregado(a) doméstico(a)",Pessoas,9849,Classes de rendimento nominal mensal domiciliar per capita,Até 1/4 de salário mínimo
Distribuição por faixas de renda,2022,Município,2512606,Quixaba (PB),"Moradores em domicílios particulares permanentes ocupados, exclusive os cuja condição no domicílio era pensionista, empregado(a) doméstico(a) ou parente do(a) empregado(a) doméstico(a)",Pessoas,520,Classes de rendimento nominal mensal domiciliar per capita,Até 1/4 de salário mínimo
Distribuição por faixas de renda,2022,Município,2512705,Remígio (PB),"Moradores em domicílios particulares permanentes ocupados, exclusive os cuja condição no domicílio era pensionista, empregado(a) doméstico(a) ou parente do(a) empregado(a) doméstico(a)",Pessoas,4673,Classes de rendimento nominal mensal domiciliar per capita,Até 1/4 de salário mínimo
Distribuição por faixas de renda,2022,Município,2512721,Pedro Régis (PB),"Moradores em domicílios particulares permanentes ocupados, exclusive os cuja condição no domicílio era pensionista, empregado(a) doméstico(a) ou parente do(a) empregado(a) doméstico(a)",Pessoas,1935,Classes de rendimento nominal mensal domiciliar per capita,Até 1/4 de salário mínimo
Distribuição por faixas de renda,2022,Município,2512747,Riachão (PB),"Moradores em domicílios particulares permanentes ocupados, exclusive os cuja condição no domicílio era pensionista, empregado(a) doméstico(a) ou parente do(a) empregado(a) doméstico(a)",Pessoas,1046,Classes de rendimento nominal mensal domiciliar per capita,Até 1/4 de salário mínimo
Distribuição por faixas de renda,2022,Município,2512754,Riachão do Bacamarte (PB),"Moradores em domicílios particulares permanentes ocupados, exclusive os cuja condição no domicílio era pensionista, empregado(a) doméstico(a) ou parente do(a) empregado(a) doméstico(a)",Pessoas,962,Classes de rendimento nominal mensal domiciliar per capita,Até 1/4 de salário mínimo
Distribuição por faixas de renda,2022,Município,2512762,Riachão do Poço (PB),"Moradores em domicílios particulares permanentes ocupados, exclusive os cuja condição no domicílio era pensionista, empregado(a) doméstico(a) ou parente do(a) empregado(a) doméstico(a)",Pessoas,1677,Classes de rendimento nominal mensal domiciliar per capita,Até 1/4 de salário mínimo
Distribuição por faixas de renda,2022,Município,2512788,Riacho de Santo Antônio (PB),"Moradores em domicílios particulares permanentes ocupados, exclusive os cuja condição no domicílio era pensionista, empregado(a) doméstico(a) ou parente do(a) empregado(a) doméstico(a)",Pessoas,532,Classes de rendimento nominal mensal domiciliar per capita,Até 1/4 de salário mínimo
Distribuição por faixas de renda,2022,Município,2512804,Riacho dos Cavalos (PB),"Moradores em domicílios particulares permanentes ocupados, exclusive os cuja condição no domicílio era pensionista, empregado(a) doméstico(a) ou parente do(a) empregado(a) doméstico(a)",Pessoas,2058,Classes de rendimento nominal mensal domiciliar per capita,Até 1/4 de salário mínimo
Distribuição por faixas de renda,2022,Município,2512903,Rio Tinto (PB),"Moradores em domicílios particulares permanentes ocupados, exclusive os cuja condição no domicílio era pensionista, empregado(a) doméstico(a) ou parente do(a) empregado(a) doméstico(a)",Pessoas,4077,Classes de rendimento nominal mensal domiciliar per capita,Até 1/4 de salário mínimo
Distribuição por faixas de renda,2022,Município,2513000,Salgadinho (PB),"Moradores em domicílios particulares permanentes ocupados, exclusive os cuja condição no domicílio era pensionista, empregado(a) doméstico(a) ou parente do(a) empregado(a) doméstico(a)",Pessoas,988,Classes de rendimento nominal mensal domiciliar per capita,Até 1/4 de salário mínimo
Distribuição por faixas de renda,2022,Município,2513109,Salgado de São Félix (PB),"Moradores em domicílios particulares permanentes ocupados, exclusive os cuja condição no domicílio era pensionista, empregado(a) doméstico(a) ou parente do(a) empregado(a) doméstico(a)",Pessoas,3534,Classes de rendimento nominal mensal domiciliar per capita,Até 1/4 de salário mínimo
Distribuição por faixas de renda,2022,Município,2513158,Santa Cecília (PB),"Moradores em domicílios particulares permanentes ocupados, exclusive os cuja condição no domicílio era pensionista, empregado(a) doméstico(a) ou parente do(a) empregado(a) doméstico(a)",Pessoas,2320,Classes de rendimento nominal mensal domiciliar per capita,Até 1/4 de salário mínimo
Distribuição por faixas de renda,2022,Município,2513208,Santa Cruz (PB),"Moradores em domicílios particulares permanentes ocupados, exclusive os cuja condição no domicílio era pensionista, empregado(a) doméstico(a) ou parente do(a) empregado(a) doméstico(a)",Pessoas,1202,Classes de rendimento nominal mensal domiciliar per capita,Até 1/4 de salário mínimo
Distribuição por faixas de renda,2022,Município,2513307,Santa Helena (PB),"Moradores em domicílios particulares permanentes ocupados, exclusive os cuja condição no domicílio era pensionista, empregado(a) doméstico(a) ou parente do(a) empregado(a) doméstico(a)",Pessoas,888,Classes de rendimento nominal mensal domiciliar per capita,Até 1/4 de salário mínimo
Distribuição por faixas de renda,2022,Município,2513356,Santa Inês (PB),"Moradores em domicílios particulares permanentes ocupados, exclusive os cuja condição no domicílio era pensionista, empregado(a) doméstico(a) ou parente do(a) empregado(a) doméstico(a)",Pessoas,1034,Classes de rendimento nominal mensal domiciliar per capita,Até 1/4 de salário mínimo
Distribuição por faixas de renda,2022,Município,2513406,Santa Luzia (PB),"Moradores em domicílios particulares permanentes ocupados, exclusive os cuja condição no domicílio era pensionista, empregado(a) doméstico(a) ou parente do(a) empregado(a) doméstico(a)",Pessoas,1700,Classes de rendimento nominal mensal domiciliar per capita,Até 1/4 de salário mínimo
Distribuição por faixas de renda,2022,Município,2513505,Santana de Mangueira (PB),"Moradores em domicílios particulares permanentes ocupados, exclusive os cuja condição no domicílio era pensionista, empregado(a) doméstico(a) ou parente do(a) empregado(a) doméstico(a)",Pessoas,1881,Classes de rendimento nominal mensal domiciliar per capita,Até 1/4 de salário mínimo
Distribuição por faixas de renda,2022,Município,2513604,Santana dos Garrotes (PB),"Moradores em domicílios particulares permanentes ocupados, exclusive os cuja condição no domicílio era pensionista, empregado(a) doméstico(a) ou parente do(a) empregado(a) doméstico(a)",Pessoas,1895,Classes de rendimento nominal mensal domiciliar per capita,Até 1/4 de salário mínimo
Distribuição por faixas de renda,2022,Município,2513653,Joca Claudino (PB),"Moradores em domicílios particulares permanentes ocupados, exclusive os cuja condição no domicílio era pensionista, empregado(a) doméstico(a) ou parente do(a) empregado(a) doméstico(a)",Pessoas,773,Classes de rendimento nominal mensal domiciliar per capita,Até 1/4 de salário mínimo
Distribuição por faixas de renda,2022,Município,2513703,Santa Rita (PB),"Moradores em domicílios particulares permanentes ocupados, exclusive os cuja condição no domicílio era pensionista, empregado(a) doméstico(a) ou parente do(a) empregado(a) doméstico(a)",Pessoas,23461,Classes de rendimento nominal mensal domiciliar per capita,Até 1/4 de salário mínimo
Distribuição por faixas de renda,2022,Município,2513802,Santa Teresinha (PB),"Moradores em domicílios particulares permanentes ocupados, exclusive os cuja condição no domicílio era pensionista, empregado(a) doméstico(a) ou parente do(a) empregado(a) doméstico(a)",Pessoas,962,Classes de rendimento nominal mensal domiciliar per capita,Até 1/4 de salário mínimo
Distribuição por faixas de renda,2022,Município,2513851,Santo André (PB),"Moradores em domicílios particulares permanentes ocupados, exclusive os cuja condição no domicílio era pensionista, empregado(a) doméstico(a) ou parente do(a) empregado(a) doméstico(a)",Pessoas,673,Classes de rendimento nominal mensal domiciliar per capita,Até 1/4 de salário mínimo
Distribuição por faixas de renda,2022,Município,2513901,São Bento (PB),"Moradores em domicílios particulares permanentes ocupados, exclusive os cuja condição no domicílio era pensionista, empregado(a) doméstico(a) ou parente do(a) empregado(a) doméstico(a)",Pessoas,6671,Classes de rendimento nominal mensal domiciliar per capita,Até 1/4 de salário mínimo
Distribuição por faixas de renda,2022,Município,2513927,São Bentinho (PB),"Moradores em domicílios particulares permanentes ocupados, exclusive os cuja condição no domicílio era pensionista, empregado(a) doméstico(a) ou parente do(a) empregado(a) doméstico(a)",Pessoas,1099,Classes de rendimento nominal mensal domiciliar per capita,Até 1/4 de salário mínimo
Distribuição por faixas de renda,2022,Município,2513943,São Domingos do Cariri (PB),"Moradores em domicílios particulares permanentes ocupados, exclusive os cuja condição no domicílio era pensionista, empregado(a) doméstico(a) ou parente do(a) empregado(a) doméstico(a)",Pessoas,513,Classes de rendimento nominal mensal domiciliar per capita,Até 1/4 de salário mínimo
Distribuição por faixas de renda,2022,Município,2513968,São Domingos (PB),"Moradores em domicílios particulares permanentes ocupados, exclusive os cuja condição no domicílio era pensionista, empregado(a) doméstico(a) ou parente do(a) empregado(a) doméstico(a)",Pessoas,551,Classes de rendimento nominal mensal domiciliar per capita,Até 1/4 de salário mínimo
Distribuição por faixas de renda,2022,Município,2513984,São Francisco (PB),"Moradores em domicílios particulares permanentes ocupados, exclusive os cuja condição no domicílio era pensionista, empregado(a) doméstico(a) ou parente do(a) empregado(a) doméstico(a)",Pessoas,715,Classes de rendimento nominal mensal domiciliar per capita,Até 1/4 de salário mínimo
Distribuição por faixas de renda,2022,Município,2514008,São João do Cariri (PB),"Moradores em domicílios particulares permanentes ocupados, exclusive os cuja condição no domicílio era pensionista, empregado(a) doméstico(a) ou parente do(a) empregado(a) doméstico(a)",Pessoas,713,Classes de rendimento nominal mensal domiciliar per capita,Até 1/4 de salário mínimo
Distribuição por faixas de renda,2022,Município,2514107,São João do Tigre (PB),"Moradores em domicílios particulares permanentes ocupados, exclusive os cuja condição no domicílio era pensionista, empregado(a) doméstico(a) ou parente do(a) empregado(a) doméstico(a)",Pessoas,1354,Classes de rendimento nominal mensal domiciliar per capita,Até 1/4 de salário mínimo
Distribuição por faixas de renda,2022,Município,2514206,São José da Lagoa Tapada (PB),"Moradores em domicílios particulares permanentes ocupados, exclusive os cuja condição no domicílio era pensionista, empregado(a) doméstico(a) ou parente do(a) empregado(a) doméstico(a)",Pessoas,2065,Classes de rendimento nominal mensal domiciliar per capita,Até 1/4 de salário mínimo
Distribuição por faixas de renda,2022,Município,2514305,São José de Caiana (PB),"Moradores em domicílios particulares permanentes ocupados, exclusive os cuja condição no domicílio era pensionista, empregado(a) doméstico(a) ou parente do(a) empregado(a) doméstico(a)",Pessoas,1682,Classes de rendimento nominal mensal domiciliar per capita,Até 1/4 de salário mínimo
Distribuição por faixas de renda,2022,Município,2514404,São José de Espinharas (PB),"Moradores em domicílios particulares permanentes ocupados, exclusive os cuja condição no domicílio era pensionista, empregado(a) doméstico(a) ou parente do(a) empregado(a) doméstico(a)",Pessoas,966,Classes de rendimento nominal mensal domiciliar per capita,Até 1/4 de salário mínimo
Distribuição por faixas de renda,2022,Município,2514453,São José dos Ramos (PB),"Moradores em domicílios particulares permanentes ocupados, exclusive os cuja condição no domicílio era pensionista, empregado(a) doméstico(a) ou parente do(a) empregado(a) doméstico(a)",Pessoas,2114,Classes de rendimento nominal mensal domiciliar per capita,Até 1/4 de salário mínimo
Distribuição por faixas de renda,2022,Município,2514503,São José de Piranhas (PB),"Moradores em domicílios particulares permanentes ocupados, exclusive os cuja condição no domicílio era pensionista, empregado(a) doméstico(a) ou parente do(a) empregado(a) doméstico(a)",Pessoas,3874,Classes de rendimento nominal mensal domiciliar per capita,Até 1/4 de salário mínimo
Distribuição por faixas de renda,2022,Município,2514552,São José de Princesa (PB),"Moradores em domicílios particulares permanentes ocupados, exclusive os cuja condição no domicílio era pensionista, empregado(a) doméstico(a) ou parente do(a) empregado(a) doméstico(a)",Pessoas,1188,Classes de rendimento nominal mensal domiciliar per capita,Até 1/4 de salário mínimo
Distribuição por faixas de renda,2022,Município,2514602,São José do Bonfim (PB),"Moradores em domicílios particulares permanentes ocupados, exclusive os cuja condição no domicílio era pensionista, empregado(a) doméstico(a) ou parente do(a) empregado(a) doméstico(a)",Pessoas,720,Classes de rendimento nominal mensal domiciliar per capita,Até 1/4 de salário mínimo
Distribuição por faixas de renda,2022,Município,2514651,São José do Brejo do Cruz (PB),"Moradores em domicílios particulares permanentes ocupados, exclusive os cuja condição no domicílio era pensionista, empregado(a) doméstico(a) ou parente do(a) empregado(a) doméstico(a)",Pessoas,487,Classes de rendimento nominal mensal domiciliar per capita,Até 1/4 de salário mínimo
Distribuição por faixas de renda,2022,Município,2514701,São José do Sabugi (PB),"Moradores em domicílios particulares permanentes ocupados, exclusive os cuja condição no domicílio era pensionista, empregado(a) doméstico(a) ou parente do(a) empregado(a) doméstico(a)",Pessoas,697,Classes de rendimento nominal mensal domiciliar per capita,Até 1/4 de salário mínimo
Distribuição por faixas de renda,2022,Município,2514800,São José dos Cordeiros (PB),"Moradores em domicílios particulares permanentes ocupados, exclusive os cuja condição no domicílio era pensionista, empregado(a) doméstico(a) ou parente do(a) empregado(a) doméstico(a)",Pessoas,866,Classes de rendimento nominal mensal domiciliar per capita,Até 1/4 de salário mínimo
Distribuição por faixas de renda,2022,Município,2514909,São Mamede (PB),"Moradores em domicílios particulares permanentes ocupados, exclusive os cuja condição no domicílio era pensionista, empregado(a) doméstico(a) ou parente do(a) empregado(a) doméstico(a)",Pessoas,907,Classes de rendimento nominal mensal domiciliar per capita,Até 1/4 de salário mínimo
Distribuição por faixas de renda,2022,Município,2515005,São Miguel de Taipu (PB),"Moradores em domicílios particulares permanentes ocupados, exclusive os cuja condição no domicílio era pensionista, empregado(a) doméstico(a) ou parente do(a) empregado(a) doméstico(a)",Pessoas,2372,Classes de rendimento nominal mensal domiciliar per capita,Até 1/4 de salário mínimo
Distribuição por faixas de renda,2022,Município,2515104,São Sebastião de Lagoa de Roça (PB),"Moradores em domicílios particulares permanentes ocupados, exclusive os cuja condição no domicílio era pensionista, empregado(a) doméstico(a) ou parente do(a) empregado(a) doméstico(a)",Pessoas,2455,Classes de rendimento nominal mensal domiciliar per capita,Até 1/4 de salário mínimo
Distribuição por faixas de renda,2022,Município,2515203,São Sebastião do Umbuzeiro (PB),"Moradores em domicílios particulares permanentes ocupados, exclusive os cuja condição no domicílio era pensionista, empregado(a) doméstico(a) ou parente do(a) empregado(a) doméstico(a)",Pessoas,962,Classes de rendimento nominal mensal domiciliar per capita,Até 1/4 de salário mínimo
Distribuição por faixas de renda,2022,Município,2515302,Sapé (PB),"Moradores em domicílios particulares permanentes ocupados, exclusive os cuja condição no domicílio era pensionista, empregado(a) doméstico(a) ou parente do(a) empregado(a) doméstico(a)",Pessoas,10787,Classes de rendimento nominal mensal domiciliar per capita,Até 1/4 de salário mínimo
Distribuição por faixas de renda,2022,Município,2515401,São Vicente do Seridó (PB),"Moradores em domicílios particulares permanentes ocupados, exclusive os cuja condição no domicílio era pensionista, empregado(a) doméstico(a) ou parente do(a) empregado(a) doméstico(a)",Pessoas,3521,Classes de rendimento nominal mensal domiciliar per capita,Até 1/4 de salário mínimo
Distribuição por faixas de renda,2022,Município,2515500,Serra Branca (PB),"Moradores em domicílios particulares permanentes ocupados, exclusive os cuja condição no domicílio era pensionista, empregado(a) doméstico(a) ou parente do(a) empregado(a) doméstico(a)",Pessoas,3005,Classes de rendimento nominal mensal domiciliar per capita,Até 1/4 de salário mínimo
Distribuição por faixas de renda,2022,Município,2515609,Serra da Raiz (PB),"Moradores em domicílios particulares permanentes ocupados, exclusive os cuja condição no domicílio era pensionista, empregado(a) doméstico(a) ou parente do(a) empregado(a) doméstico(a)",Pessoas,734,Classes de rendimento nominal mensal domiciliar per capita,Até 1/4 de salário mínimo
Distribuição por faixas de renda,2022,Município,2515708,Serra Grande (PB),"Moradores em domicílios particulares permanentes ocupados, exclusive os cuja condição no domicílio era pensionista, empregado(a) doméstico(a) ou parente do(a) empregado(a) doméstico(a)",Pessoas,738,Classes de rendimento nominal mensal domiciliar per capita,Até 1/4 de salário mínimo
Distribuição por faixas de renda,2022,Município,2515807,Serra Redonda (PB),"Moradores em domicílios particulares permanentes ocupados, exclusive os cuja condição no domicílio era pensionista, empregado(a) doméstico(a) ou parente do(a) empregado(a) doméstico(a)",Pessoas,1594,Classes de rendimento nominal mensal domiciliar per capita,Até 1/4 de salário mínimo
Distribuição por faixas de renda,2022,Município,2515906,Serraria (PB),"Moradores em domicílios particulares permanentes ocupados, exclusive os cuja condição no domicílio era pensionista, empregado(a) doméstico(a) ou parente do(a) empregado(a) doméstico(a)",Pessoas,1445,Classes de rendimento nominal mensal domiciliar per capita,Até 1/4 de salário mínimo
Distribuição por faixas de renda,2022,Município,2515930,Sertãozinho (PB),"Moradores em domicílios particulares permanentes ocupados, exclusive os cuja condição no domicílio era pensionista, empregado(a) doméstico(a) ou parente do(a) empregado(a) doméstico(a)",Pessoas,1111,Classes de rendimento nominal mensal domiciliar per capita,Até 1/4 de salário mínimo
Distribuição por faixas de renda,2022,Município,2515971,Sobrado (PB),"Moradores em domicílios particulares permanentes ocupados, exclusive os cuja condição no domicílio era pensionista, empregado(a) doméstico(a) ou parente do(a) empregado(a) doméstico(a)",Pessoas,2211,Classes de rendimento nominal mensal domiciliar per capita,Até 1/4 de salário mínimo
Distribuição por faixas de renda,2022,Município,2516003,Solânea (PB),"Moradores em domicílios particulares permanentes ocupados, exclusive os cuja condição no domicílio era pensionista, empregado(a) doméstico(a) ou parente do(a) empregado(a) doméstico(a)",Pessoas,6060,Classes de rendimento nominal mensal domiciliar per capita,Até 1/4 de salário mínimo
Distribuição por faixas de renda,2022,Município,2516102,Soledade (PB),"Moradores em domicílios particulares permanentes ocupados, exclusive os cuja condição no domicílio era pensionista, empregado(a) doméstico(a) ou parente do(a) empregado(a) doméstico(a)",Pessoas,4300,Classes de rendimento nominal mensal domiciliar per capita,Até 1/4 de salário mínimo
Distribuição por faixas de renda,2022,Município,2516151,Sossêgo (PB),"Moradores em domicílios particulares permanentes ocupados, exclusive os cuja condição no domicílio era pensionista, empregado(a) doméstico(a) ou parente do(a) empregado(a) doméstico(a)",Pessoas,1083,Classes de rendimento nominal mensal domiciliar per capita,Até 1/4 de salário mínimo
Distribuição por faixas de renda,2022,Município,2516201,Sousa (PB),"Moradores em domicílios particulares permanentes ocupados, exclusive os cuja condição no domicílio era pensionista, empregado(a) doméstico(a) ou parente do(a) empregado(a) doméstico(a)",Pessoas,10429,Classes de rendimento nominal mensal domiciliar per capita,Até 1/4 de salário mínimo
Distribuição por faixas de renda,2022,Município,2516300,Sumé (PB),"Moradores em domicílios particulares permanentes ocupados, exclusive os cuja condição no domicílio era pensionista, empregado(a) doméstico(a) ou parente do(a) empregado(a) doméstico(a)",Pessoas,3568,Classes de rendimento nominal mensal domiciliar per capita,Até 1/4 de salário mínimo
Distribuição por faixas de renda,2022,Município,2516409,Tacima (PB),"Moradores em domicílios particulares permanentes ocupados, exclusive os cuja condição no domicílio era pensionista, empregado(a) doméstico(a) ou parente do(a) empregado(a) doméstico(a)",Pessoas,2685,Classes de rendimento nominal mensal domiciliar per capita,Até 1/4 de salário mínimo
Distribuição por faixas de renda,2022,Município,2516508,Taperoá (PB),"Moradores em domicílios particulares permanentes ocupados, exclusive os cuja condição no domicílio era pensionista, empregado(a) doméstico(a) ou parente do(a) empregado(a) doméstico(a)",Pessoas,4103,Classes de rendimento nominal mensal domiciliar per capita,Até 1/4 de salário mínimo
Distribuição por faixas de renda,2022,Município,2516607,Tavares (PB),"Moradores em domicílios particulares permanentes ocupados, exclusive os cuja condição no domicílio era pensionista, empregado(a) doméstico(a) ou parente do(a) empregado(a) doméstico(a)",Pessoas,5028,Classes de rendimento nominal mensal domiciliar per capita,Até 1/4 de salário mínimo
Distribuição por faixas de renda,2022,Município,2516706,Teixeira (PB),"Moradores em domicílios particulares permanentes ocupados, exclusive os cuja condição no domicílio era pensionista, empregado(a) doméstico(a) ou parente do(a) empregado(a) doméstico(a)",Pessoas,4337,Classes de rendimento nominal mensal domiciliar per capita,Até 1/4 de salário mínimo
Distribuição por faixas de renda,2022,Município,2516755,Tenório (PB),"Moradores em domicílios particulares permanentes ocupados, exclusive os cuja condição no domicílio era pensionista, empregado(a) doméstico(a) ou parente do(a) empregado(a) doméstico(a)",Pessoas,785,Classes de rendimento nominal mensal domiciliar per capita,Até 1/4 de salário mínimo
Distribuição por faixas de renda,2022,Município,2516805,Triunfo (PB),"Moradores em domicílios particulares permanentes ocupados, exclusive os cuja condição no domicílio era pensionista, empregado(a) doméstico(a) ou parente do(a) empregado(a) doméstico(a)",Pessoas,2041,Classes de rendimento nominal mensal domiciliar per capita,Até 1/4 de salário mínimo
Distribuição por faixas de renda,2022,Município,2516904,Uiraúna (PB),"Moradores em domicílios particulares permanentes ocupados, exclusive os cuja condição no domicílio era pensionista, empregado(a) doméstico(a) ou parente do(a) empregado(a) doméstico(a)",Pessoas,3041,Classes de rendimento nominal mensal domiciliar per capita,Até 1/4 de salário mínimo
Distribuição por faixas de renda,2022,Município,2517001,Umbuzeiro (PB),"Moradores em domicílios particulares permanentes ocupados, exclusive os cuja condição no domicílio era pensionista, empregado(a) doméstico(a) ou parente do(a) empregado(a) doméstico(a)",Pessoas,3215,Classes de rendimento nominal mensal domiciliar per capita,Até 1/4 de salário mínimo
Distribuição por faixas de renda,2022,Município,2517100,Várzea (PB),"Moradores em domicílios particulares permanentes ocupados, exclusive os cuja condição no domicílio era pensionista, empregado(a) doméstico(a) ou parente do(a) empregado(a) doméstico(a)",Pessoas,265,Classes de rendimento nominal mensal domiciliar per capita,Até 1/4 de salário mínimo
Distribuição por faixas de renda,2022,Município,2517209,Vieirópolis (PB),"Moradores em domicílios particulares permanentes ocupados, exclusive os cuja condição no domicílio era pensionista, empregado(a) doméstico(a) ou parente do(a) empregado(a) doméstico(a)",Pessoas,1341,Classes de rendimento nominal mensal domiciliar per capita,Até 1/4 de salário mínimo
Distribuição por faixas de renda,2022,Município,2517407,Zabelê (PB),"Moradores em domicílios particulares permanentes ocupados, exclusive os cuja condição no domicílio era pensionista, empregado(a) doméstico(a) ou parente do(a) empregado(a) doméstico(a)",Pessoas,689,Classes de rendimento nominal mensal domiciliar per capita,Até 1/4 de salário mínimo
Distribuição por faixas de renda,2022,Unidade da Federação,25,Paraíba,"Moradores em domicílios particulares permanentes ocupados, exclusive os cuja condição no domicílio era pensionista, empregado(a) doméstico(a) ou parente do(a) empregado(a) doméstico(a)",Pessoas,1066527,Classes de rendimento nominal mensal domiciliar per capita,Mais de 1/4 a 1/2 salário mínimo
Distribuição por faixas de renda,2022,Município,2500106,Água Branca (PB),"Moradores em domicílios particulares permanentes ocupados, exclusive os cuja condição no domicílio era pensionista, empregado(a) doméstico(a) ou parente do(a) empregado(a) doméstico(a)",Pessoas,2285,Classes de rendimento nominal mensal domiciliar per capita,Mais de 1/4 a 1/2 salário mínimo
Distribuição por faixas de renda,2022,Município,2500205,Aguiar (PB),"Moradores em domicílios particulares permanentes ocupados, exclusive os cuja condição no domicílio era pensionista, empregado(a) doméstico(a) ou parente do(a) empregado(a) doméstico(a)",Pessoas,1276,Classes de rendimento nominal mensal domiciliar per capita,Mais de 1/4 a 1/2 salário mínimo
Distribuição por faixas de renda,2022,Município,2500304,Alagoa Grande (PB),"Moradores em domicílios particulares permanentes ocupados, exclusive os cuja condição no domicílio era pensionista, empregado(a) doméstico(a) ou parente do(a) empregado(a) doméstico(a)",Pessoas,8659,Classes de rendimento nominal mensal domiciliar per capita,Mais de 1/4 a 1/2 salário mínimo
Distribuição por faixas de renda,2022,Município,2500403,Alagoa Nova (PB),"Moradores em domicílios particulares permanentes ocupados, exclusive os cuja condição no domicílio era pensionista, empregado(a) doméstico(a) ou parente do(a) empregado(a) doméstico(a)",Pessoas,5866,Classes de rendimento nominal mensal domiciliar per capita,Mais de 1/4 a 1/2 salário mínimo
Distribuição por faixas de renda,2022,Município,2500502,Alagoinha (PB),"Moradores em domicílios particulares permanentes ocupados, exclusive os cuja condição no domicílio era pensionista, empregado(a) doméstico(a) ou parente do(a) empregado(a) doméstico(a)",Pessoas,4447,Classes de rendimento nominal mensal domiciliar per capita,Mais de 1/4 a 1/2 salário mínimo
Distribuição por faixas de renda,2022,Município,2500536,Alcantil (PB),"Moradores em domicílios particulares permanentes ocupados, exclusive os cuja condição no domicílio era pensionista, empregado(a) doméstico(a) ou parente do(a) empregado(a) doméstico(a)",Pessoas,1651,Classes de rendimento nominal mensal domiciliar per capita,Mais de 1/4 a 1/2 salário mínimo
Distribuição por faixas de renda,2022,Município,2500577,Algodão de Jandaíra (PB),"Moradores em domicílios particulares permanentes ocupados, exclusive os cuja condição no domicílio era pensionista, empregado(a) doméstico(a) ou parente do(a) empregado(a) doméstico(a)",Pessoas,871,Classes de rendimento nominal mensal domiciliar per capita,Mais de 1/4 a 1/2 salário mínimo
Distribuição por faixas de renda,2022,Município,2500601,Alhandra (PB),"Moradores em domicílios particulares permanentes ocupados, exclusive os cuja condição no domicílio era pensionista, empregado(a) doméstico(a) ou parente do(a) empregado(a) doméstico(a)",Pessoas,7374,Classes de rendimento nominal mensal domiciliar per capita,Mais de 1/4 a 1/2 salário mínimo
Distribuição por faixas de renda,2022,Município,2500700,São João do Rio do Peixe (PB),"Moradores em domicílios particulares permanentes ocupados, exclusive os cuja condição no domicílio era pensionista, empregado(a) doméstico(a) ou parente do(a) empregado(a) doméstico(a)",Pessoas,5160,Classes de rendimento nominal mensal domiciliar per capita,Mais de 1/4 a 1/2 salário mínimo
Distribuição por faixas de renda,2022,Município,2500734,Amparo (PB),"Moradores em domicílios particulares permanentes ocupados, exclusive os cuja condição no domicílio era pensionista, empregado(a) doméstico(a) ou parente do(a) empregado(a) doméstico(a)",Pessoas,721,Classes de rendimento nominal mensal domiciliar per capita,Mais de 1/4 a 1/2 salário mínimo
Distribuição por faixas de renda,2022,Município,2500775,Aparecida (PB),"Moradores em domicílios particulares permanentes ocupados, exclusive os cuja condição no domicílio era pensionista, empregado(a) doméstico(a) ou parente do(a) empregado(a) doméstico(a)",Pessoas,2374,Classes de rendimento nominal mensal domiciliar per capita,Mais de 1/4 a 1/2 salário mínimo
Distribuição por faixas de renda,2022,Município,2500809,Araçagi (PB),"Moradores em domicílios particulares permanentes ocupados, exclusive os cuja condição no domicílio era pensionista, empregado(a) doméstico(a) ou parente do(a) empregado(a) doméstico(a)",Pessoas,4576,Classes de rendimento nominal mensal domiciliar per capita,Mais de 1/4 a 1/2 salário mínimo
Distribuição por faixas de renda,2022,Município,2500908,Arara (PB),"Moradores em domicílios particulares permanentes ocupados, exclusive os cuja condição no domicílio era pensionista, empregado(a) doméstico(a) ou parente do(a) empregado(a) doméstico(a)",Pessoas,3364,Classes de rendimento nominal mensal domiciliar per capita,Mais de 1/4 a 1/2 salário mínimo
Distribuição por faixas de renda,2022,Município,2501005,Araruna (PB),"Moradores em domicílios particulares permanentes ocupados, exclusive os cuja condição no domicílio era pensionista, empregado(a) doméstico(a) ou parente do(a) empregado(a) doméstico(a)",Pessoas,5017,Classes de rendimento nominal mensal domiciliar per capita,Mais de 1/4 a 1/2 salário mínimo
Distribuição por faixas de renda,2022,Município,2501104,Areia (PB),"Moradores em domicílios particulares permanentes ocupados, exclusive os cuja condição no domicílio era pensionista, empregado(a) doméstico(a) ou parente do(a) empregado(a) doméstico(a)",Pessoas,8354,Classes de rendimento nominal mensal domiciliar per capita,Mais de 1/4 a 1/2 salário mínimo
Distribuição por faixas de renda,2022,Município,2501153,Areia de Baraúnas (PB),"Moradores em domicílios particulares permanentes ocupados, exclusive os cuja condição no domicílio era pensionista, empregado(a) doméstico(a) ou parente do(a) empregado(a) doméstico(a)",Pessoas,569,Classes de rendimento nominal mensal domiciliar per capita,Mais de 1/4 a 1/2 salário mínimo
Distribuição por faixas de renda,2022,Município,2501203,Areial (PB),"Moradores em domicílios particulares permanentes ocupados, exclusive os cuja condição no domicílio era pensionista, empregado(a) doméstico(a) ou parente do(a) empregado(a) doméstico(a)",Pessoas,1977,Classes de rendimento nominal mensal domiciliar per capita,Mais de 1/4 a 1/2 salário mínimo
Distribuição por faixas de renda,2022,Município,2501302,Aroeiras (PB),"Moradores em domicílios particulares permanentes ocupados, exclusive os cuja condição no domicílio era pensionista, empregado(a) doméstico(a) ou parente do(a) empregado(a) doméstico(a)",Pessoas,4955,Classes de rendimento nominal mensal domiciliar per capita,Mais de 1/4 a 1/2 salário mínimo
Distribuição por faixas de renda,2022,Município,2501351,Assunção (PB),"Moradores em domicílios particulares permanentes ocupados, exclusive os cuja condição no domicílio era pensionista, empregado(a) doméstico(a) ou parente do(a) empregado(a) doméstico(a)",Pessoas,1301,Classes de rendimento nominal mensal domiciliar per capita,Mais de 1/4 a 1/2 salário mínimo
Distribuição por faixas de renda,2022,Município,2501401,Baía da Traição (PB),"Moradores em domicílios particulares permanentes ocupados, exclusive os cuja condição no domicílio era pensionista, empregado(a) doméstico(a) ou parente do(a) empregado(a) doméstico(a)",Pessoas,3490,Classes de rendimento nominal mensal domiciliar per capita,Mais de 1/4 a 1/2 salário mínimo
Distribuição por faixas de renda,2022,Município,2501500,Bananeiras (PB),"Moradores em domicílios particulares permanentes ocupados, exclusive os cuja condição no domicílio era pensionista, empregado(a) doméstico(a) ou parente do(a) empregado(a) doméstico(a)",Pessoas,7809,Classes de rendimento nominal mensal domiciliar per capita,Mais de 1/4 a 1/2 salário mínimo
Distribuição por faixas de renda,2022,Município,2501534,Baraúna (PB),"Moradores em domicílios particulares permanentes ocupados, exclusive os cuja condição no domicílio era pensionista, empregado(a) doméstico(a) ou parente do(a) empregado(a) doméstico(a)",Pessoas,1388,Classes de rendimento nominal mensal domiciliar per capita,Mais de 1/4 a 1/2 salário mínimo
Distribuição por faixas de renda,2022,Município,2501575,Barra de Santana (PB),"Moradores em domicílios particulares permanentes ocupados, exclusive os cuja condição no domicílio era pensionista, empregado(a) doméstico(a) ou parente do(a) empregado(a) doméstico(a)",Pessoas,2144,Classes de rendimento nominal mensal domiciliar per capita,Mais de 1/4 a 1/2 salário mínimo
Distribuição por faixas de renda,2022,Município,2501609,Barra de Santa Rosa (PB),"Moradores em domicílios particulares permanentes ocupados, exclusive os cuja condição no domicílio era pensionista, empregado(a) doméstico(a) ou parente do(a) empregado(a) doméstico(a)",Pessoas,3806,Classes de rendimento nominal mensal domiciliar per capita,Mais de 1/4 a 1/2 salário mínimo
Distribuição por faixas de renda,2022,Município,2501708,Barra de São Miguel (PB),"Moradores em domicílios particulares permanentes ocupados, exclusive os cuja condição no domicílio era pensionista, empregado(a) doméstico(a) ou parente do(a) empregado(a) doméstico(a)",Pessoas,1816,Classes de rendimento nominal mensal domiciliar per capita,Mais de 1/4 a 1/2 salário mínimo
Distribuição por faixas de renda,2022,Município,2501807,Bayeux (PB),"Moradores em domicílios particulares permanentes ocupados, exclusive os cuja condição no domicílio era pensionista, empregado(a) doméstico(a) ou parente do(a) empregado(a) doméstico(a)",Pessoas,25836,Classes de rendimento nominal mensal domiciliar per capita,Mais de 1/4 a 1/2 salário mínimo
Distribuição por faixas de renda,2022,Município,2501906,Belém (PB),"Moradores em domicílios particulares permanentes ocupados, exclusive os cuja condição no domicílio era pensionista, empregado(a) doméstico(a) ou parente do(a) empregado(a) doméstico(a)",Pessoas,5383,Classes de rendimento nominal mensal domiciliar per capita,Mais de 1/4 a 1/2 salário mínimo
Distribuição por faixas de renda,2022,Município,2502003,Belém do Brejo do Cruz (PB),"Moradores em domicílios particulares permanentes ocupados, exclusive os cuja condição no domicílio era pensionista, empregado(a) doméstico(a) ou parente do(a) empregado(a) doméstico(a)",Pessoas,2105,Classes de rendimento nominal mensal domiciliar per capita,Mais de 1/4 a 1/2 salário mínimo
Distribuição por faixas de renda,2022,Município,2502052,Bernardino Batista (PB),"Moradores em domicílios particulares permanentes ocupados, exclusive os cuja condição no domicílio era pensionista, empregado(a) doméstico(a) ou parente do(a) empregado(a) doméstico(a)",Pessoas,1120,Classes de rendimento nominal mensal domiciliar per capita,Mais de 1/4 a 1/2 salário mínimo
Distribuição por faixas de renda,2022,Município,2502102,Boa Ventura (PB),"Moradores em domicílios particulares permanentes ocupados, exclusive os cuja condição no domicílio era pensionista, empregado(a) doméstico(a) ou parente do(a) empregado(a) doméstico(a)",Pessoas,1463,Classes de rendimento nominal mensal domiciliar per capita,Mais de 1/4 a 1/2 salário mínimo
Distribuição por faixas de renda,2022,Município,2502151,Boa Vista (PB),"Moradores em domicílios particulares permanentes ocupados, exclusive os cuja condição no domicílio era pensionista, empregado(a) doméstico(a) ou parente do(a) empregado(a) doméstico(a)",Pessoas,1963,Classes de rendimento nominal mensal domiciliar per capita,Mais de 1/4 a 1/2 salário mínimo
Distribuição por faixas de renda,2022,Município,2502201,Bom Jesus (PB),"Moradores em domicílios particulares permanentes ocupados, exclusive os cuja condição no domicílio era pensionista, empregado(a) doméstico(a) ou parente do(a) empregado(a) doméstico(a)",Pessoas,799,Classes de rendimento nominal mensal domiciliar per capita,Mais de 1/4 a 1/2 salário mínimo
Distribuição por faixas de renda,2022,Município,2502300,Bom Sucesso (PB),"Moradores em domicílios particulares permanentes ocupados, exclusive os cuja condição no domicílio era pensionista, empregado(a) doméstico(a) ou parente do(a) empregado(a) doméstico(a)",Pessoas,1223,Classes de rendimento nominal mensal domiciliar per capita,Mais de 1/4 a 1/2 salário mínimo
Distribuição por faixas de renda,2022,Município,2502409,Bonito de Santa Fé (PB),"Moradores em domicílios particulares permanentes ocupados, exclusive os cuja condição no domicílio era pensionista, empregado(a) doméstico(a) ou parente do(a) empregado(a) doméstico(a)",Pessoas,2658,Classes de rendimento nominal mensal domiciliar per capita,Mais de 1/4 a 1/2 salário mínimo
Distribuição por faixas de renda,2022,Município,2502508,Boqueirão (PB),"Moradores em domicílios particulares permanentes ocupados, exclusive os cuja condição no domicílio era pensionista, empregado(a) doméstico(a) ou parente do(a) empregado(a) doméstico(a)",Pessoas,5508,Classes de rendimento nominal mensal domiciliar per capita,Mais de 1/4 a 1/2 salário mínimo
Distribuição por faixas de renda,2022,Município,2502607,Igaracy (PB),"Moradores em domicílios particulares permanentes ocupados, exclusive os cuja condição no domicílio era pensionista, empregado(a) doméstico(a) ou parente do(a) empregado(a) doméstico(a)",Pessoas,1781,Classes de rendimento nominal mensal domiciliar per capita,Mais de 1/4 a 1/2 salário mínimo
Distribuição por faixas de renda,2022,Município,2502706,Borborema (PB),"Moradores em domicílios particulares permanentes ocupados, exclusive os cuja condição no domicílio era pensionista, empregado(a) doméstico(a) ou parente do(a) empregado(a) doméstico(a)",Pessoas,1047,Classes de rendimento nominal mensal domiciliar per capita,Mais de 1/4 a 1/2 salário mínimo
Distribuição por faixas de renda,2022,Município,2502805,Brejo do Cruz (PB),"Moradores em domicílios particulares permanentes ocupados, exclusive os cuja condição no domicílio era pensionista, empregado(a) doméstico(a) ou parente do(a) empregado(a) doméstico(a)",Pessoas,4581,Classes de rendimento nominal mensal domiciliar per capita,Mais de 1/4 a 1/2 salário mínimo
Distribuição por faixas de renda,2022,Município,2502904,Brejo dos Santos (PB),"Moradores em domicílios particulares permanentes ocupados, exclusive os cuja condição no domicílio era pensionista, empregado(a) doméstico(a) ou parente do(a) empregado(a) doméstico(a)",Pessoas,1638,Classes de rendimento nominal mensal domiciliar per capita,Mais de 1/4 a 1/2 salário mínimo
Distribuição por faixas de renda,2022,Município,2503001,Caaporã (PB),"Moradores em domicílios particulares permanentes ocupados, exclusive os cuja condição no domicílio era pensionista, empregado(a) doméstico(a) ou parente do(a) empregado(a) doméstico(a)",Pessoas,7242,Classes de rendimento nominal mensal domiciliar per capita,Mais de 1/4 a 1/2 salário mínimo
Distribuição por faixas de renda,2022,Município,2503100,Cabaceiras (PB),"Moradores em domicílios particulares permanentes ocupados, exclusive os cuja condição no domicílio era pensionista, empregado(a) doméstico(a) ou parente do(a) empregado(a) doméstico(a)",Pessoas,1515,Classes de rendimento nominal mensal domiciliar per capita,Mais de 1/4 a 1/2 salário mínimo
Distribuição por faixas de renda,2022,Município,2503209,Cabedelo (PB),"Moradores em domicílios particulares permanentes ocupados, exclusive os cuja condição no domicílio era pensionista, empregado(a) doméstico(a) ou parente do(a) empregado(a) doméstico(a)",Pessoas,14946,Classes de rendimento nominal mensal domiciliar per capita,Mais de 1/4 a 1/2 salário mínimo
Distribuição por faixas de renda,2022,Município,2503308,Cachoeira dos Índios (PB),"Moradores em domicílios particulares permanentes ocupados, exclusive os cuja condição no domicílio era pensionista, empregado(a) doméstico(a) ou parente do(a) empregado(a) doméstico(a)",Pessoas,2592,Classes de rendimento nominal mensal domiciliar per capita,Mais de 1/4 a 1/2 salário mínimo
Distribuição por faixas de renda,2022,Município,2503407,Cacimba de Areia (PB),"Moradores em domicílios particulares permanentes ocupados, exclusive os cuja condição no domicílio era pensionista, empregado(a) doméstico(a) ou parente do(a) empregado(a) doméstico(a)",Pessoas,907,Classes de rendimento nominal mensal domiciliar per capita,Mais de 1/4 a 1/2 salário mínimo
Distribuição por faixas de renda,2022,Município,2503506,Cacimba de Dentro (PB),"Moradores em domicílios particulares permanentes ocupados, exclusive os cuja condição no domicílio era pensionista, empregado(a) doméstico(a) ou parente do(a) empregado(a) doméstico(a)",Pessoas,4494,Classes de rendimento nominal mensal domiciliar per capita,Mais de 1/4 a 1/2 salário mínimo
Distribuição por faixas de renda,2022,Município,2503555,Cacimbas (PB),"Moradores em domicílios particulares permanentes ocupados, exclusive os cuja condição no domicílio era pensionista, empregado(a) doméstico(a) ou parente do(a) empregado(a) doméstico(a)",Pessoas,1784,Classes de rendimento nominal mensal domiciliar per capita,Mais de 1/4 a 1/2 salário mínimo
Distribuição por faixas de renda,2022,Município,2503605,Caiçara (PB),"Moradores em domicílios particulares permanentes ocupados, exclusive os cuja condição no domicílio era pensionista, empregado(a) doméstico(a) ou parente do(a) empregado(a) doméstico(a)",Pessoas,2295,Classes de rendimento nominal mensal domiciliar per capita,Mais de 1/4 a 1/2 salário mínimo
Distribuição por faixas de renda,2022,Município,2503704,Cajazeiras (PB),"Moradores em domicílios particulares permanentes ocupados, exclusive os cuja condição no domicílio era pensionista, empregado(a) doméstico(a) ou parente do(a) empregado(a) doméstico(a)",Pessoas,17245,Classes de rendimento nominal mensal domiciliar per capita,Mais de 1/4 a 1/2 salário mínimo
Distribuição por faixas de renda,2022,Município,2503753,Cajazeirinhas (PB),"Moradores em domicílios particulares permanentes ocupados, exclusive os cuja condição no domicílio era pensionista, empregado(a) doméstico(a) ou parente do(a) empregado(a) doméstico(a)",Pessoas,1011,Classes de rendimento nominal mensal domiciliar per capita,Mais de 1/4 a 1/2 salário mínimo
Distribuição por faixas de renda,2022,Município,2503803,Caldas Brandão (PB),"Moradores em domicílios particulares permanentes ocupados, exclusive os cuja condição no domicílio era pensionista, empregado(a) doméstico(a) ou parente do(a) empregado(a) doméstico(a)",Pessoas,2157,Classes de rendimento nominal mensal domiciliar per capita,Mais de 1/4 a 1/2 salário mínimo
Distribuição por faixas de renda,2022,Município,2503902,Camalaú (PB),"Moradores em domicílios particulares permanentes ocupados, exclusive os cuja condição no domicílio era pensionista, empregado(a) doméstico(a) ou parente do(a) empregado(a) doméstico(a)",Pessoas,1912,Classes de rendimento nominal mensal domiciliar per capita,Mais de 1/4 a 1/2 salário mínimo
Distribuição por faixas de renda,2022,Município,2504009,Campina Grande (PB),"Moradores em domicílios particulares permanentes ocupados, exclusive os cuja condição no domicílio era pensionista, empregado(a) doméstico(a) ou parente do(a) empregado(a) doméstico(a)",Pessoas,97808,Classes de rendimento nominal mensal domiciliar per capita,Mais de 1/4 a 1/2 salário mínimo
Distribuição por faixas de renda,2022,Município,2504033,Capim (PB),"Moradores em domicílios particulares permanentes ocupados, exclusive os cuja condição no domicílio era pensionista, empregado(a) doméstico(a) ou parente do(a) empregado(a) doméstico(a)",Pessoas,2618,Classes de rendimento nominal mensal domiciliar per capita,Mais de 1/4 a 1/2 salário mínimo
Distribuição por faixas de renda,2022,Município,2504074,Caraúbas (PB),"Moradores em domicílios particulares permanentes ocupados, exclusive os cuja condição no domicílio era pensionista, empregado(a) doméstico(a) ou parente do(a) empregado(a) doméstico(a)",Pessoas,1248,Classes de rendimento nominal mensal domiciliar per capita,Mais de 1/4 a 1/2 salário mínimo
Distribuição por faixas de renda,2022,Município,2504108,Carrapateira (PB),"Moradores em domicílios particulares permanentes ocupados, exclusive os cuja condição no domicílio era pensionista, empregado(a) doméstico(a) ou parente do(a) empregado(a) doméstico(a)",Pessoas,662,Classes de rendimento nominal mensal domiciliar per capita,Mais de 1/4 a 1/2 salário mínimo
Distribuição por faixas de renda,2022,Município,2504157,Casserengue (PB),"Moradores em domicílios particulares permanentes ocupados, exclusive os cuja condição no domicílio era pensionista, empregado(a) doméstico(a) ou parente do(a) empregado(a) doméstico(a)",Pessoas,2030,Classes de rendimento nominal mensal domiciliar per capita,Mais de 1/4 a 1/2 salário mínimo
Distribuição por faixas de renda,2022,Município,2504207,Catingueira (PB),"Moradores em domicílios particulares permanentes ocupados, exclusive os cuja condição no domicílio era pensionista, empregado(a) doméstico(a) ou parente do(a) empregado(a) doméstico(a)",Pessoas,1204,Classes de rendimento nominal mensal domiciliar per capita,Mais de 1/4 a 1/2 salário mínimo
Distribuição por faixas de renda,2022,Município,2504306,Catolé do Rocha (PB),"Moradores em domicílios particulares permanentes ocupados, exclusive os cuja condição no domicílio era pensionista, empregado(a) doméstico(a) ou parente do(a) empregado(a) doméstico(a)",Pessoas,8272,Classes de rendimento nominal mensal domiciliar per capita,Mais de 1/4 a 1/2 salário mínimo
Distribuição por faixas de renda,2022,Município,2504355,Caturité (PB),"Moradores em domicílios particulares permanentes ocupados, exclusive os cuja condição no domicílio era pensionista, empregado(a) doméstico(a) ou parente do(a) empregado(a) doméstico(a)",Pessoas,1379,Classes de rendimento nominal mensal domiciliar per capita,Mais de 1/4 a 1/2 salário mínimo
Distribuição por faixas de renda,2022,Município,2504405,Conceição (PB),"Moradores em domicílios particulares permanentes ocupados, exclusive os cuja condição no domicílio era pensionista, empregado(a) doméstico(a) ou parente do(a) empregado(a) doméstico(a)",Pessoas,5001,Classes de rendimento nominal mensal domiciliar per capita,Mais de 1/4 a 1/2 salário mínimo
Distribuição por faixas de renda,2022,Município,2504504,Condado (PB),"Moradores em domicílios particulares permanentes ocupados, exclusive os cuja condição no domicílio era pensionista, empregado(a) doméstico(a) ou parente do(a) empregado(a) doméstico(a)",Pessoas,1786,Classes de rendimento nominal mensal domiciliar per capita,Mais de 1/4 a 1/2 salário mínimo
Distribuição por faixas de renda,2022,Município,2504603,Conde (PB),"Moradores em domicílios particulares permanentes ocupados, exclusive os cuja condição no domicílio era pensionista, empregado(a) doméstico(a) ou parente do(a) empregado(a) doméstico(a)",Pessoas,8865,Classes de rendimento nominal mensal domiciliar per capita,Mais de 1/4 a 1/2 salário mínimo
Distribuição por faixas de renda,2022,Município,2504702,Congo (PB),"Moradores em domicílios particulares permanentes ocupados, exclusive os cuja condição no domicílio era pensionista, empregado(a) doméstico(a) ou parente do(a) empregado(a) doméstico(a)",Pessoas,1516,Classes de rendimento nominal mensal domiciliar per capita,Mais de 1/4 a 1/2 salário mínimo
Distribuição por faixas de renda,2022,Município,2504801,Coremas (PB),"Moradores em domicílios particulares permanentes ocupados, exclusive os cuja condição no domicílio era pensionista, empregado(a) doméstico(a) ou parente do(a) empregado(a) doméstico(a)",Pessoas,4813,Classes de rendimento nominal mensal domiciliar per capita,Mais de 1/4 a 1/2 salário mínimo
Distribuição por faixas de renda,2022,Município,2504850,Coxixola (PB),"Moradores em domicílios particulares permanentes ocupados, exclusive os cuja condição no domicílio era pensionista, empregado(a) doméstico(a) ou parente do(a) empregado(a) doméstico(a)",Pessoas,545,Classes de rendimento nominal mensal domiciliar per capita,Mais de 1/4 a 1/2 salário mínimo
Distribuição por faixas de renda,2022,Município,2504900,Cruz do Espírito Santo (PB),"Moradores em domicílios particulares permanentes ocupados, exclusive os cuja condição no domicílio era pensionista, empregado(a) doméstico(a) ou parente do(a) empregado(a) doméstico(a)",Pessoas,5954,Classes de rendimento nominal mensal domiciliar per capita,Mais de 1/4 a 1/2 salário mínimo
Distribuição por faixas de renda,2022,Município,2505006,Cubati (PB),"Moradores em domicílios particulares permanentes ocupados, exclusive os cuja condição no domicílio era pensionista, empregado(a) doméstico(a) ou parente do(a) empregado(a) doméstico(a)",Pessoas,2246,Classes de rendimento nominal mensal domiciliar per capita,Mais de 1/4 a 1/2 salário mínimo
Distribuição por faixas de renda,2022,Município,2505105,Cuité (PB),"Moradores em domicílios particulares permanentes ocupados, exclusive os cuja condição no domicílio era pensionista, empregado(a) doméstico(a) ou parente do(a) empregado(a) doméstico(a)",Pessoas,5244,Classes de rendimento nominal mensal domiciliar per capita,Mais de 1/4 a 1/2 salário mínimo
Distribuição por faixas de renda,2022,Município,2505204,Cuitegi (PB),"Moradores em domicílios particulares permanentes ocupados, exclusive os cuja condição no domicílio era pensionista, empregado(a) doméstico(a) ou parente do(a) empregado(a) doméstico(a)",Pessoas,2341,Classes de rendimento nominal mensal domiciliar per capita,Mais de 1/4 a 1/2 salário mínimo
Distribuição por faixas de renda,2022,Município,2505238,Cuité de Mamanguape (PB),"Moradores em domicílios particulares permanentes ocupados, exclusive os cuja condição no domicílio era pensionista, empregado(a) doméstico(a) ou parente do(a) empregado(a) doméstico(a)",Pessoas,2382,Classes de rendimento nominal mensal domiciliar per capita,Mais de 1/4 a 1/2 salário mínimo
Distribuição por faixas de renda,2022,Município,2505279,Curral de Cima (PB),"Moradores em domicílios particulares permanentes ocupados, exclusive os cuja condição no domicílio era pensionista, empregado(a) doméstico(a) ou parente do(a) empregado(a) doméstico(a)",Pessoas,1838,Classes de rendimento nominal mensal domiciliar per capita,Mais de 1/4 a 1/2 salário mínimo
Distribuição por faixas de renda,2022,Município,2505303,Curral Velho (PB),"Moradores em domicílios particulares permanentes ocupados, exclusive os cuja condição no domicílio era pensionista, empregado(a) doméstico(a) ou parente do(a) empregado(a) doméstico(a)",Pessoas,726,Classes de rendimento nominal mensal domiciliar per capita,Mais de 1/4 a 1/2 salário mínimo
Distribuição por faixas de renda,2022,Município,2505352,Damião (PB),"Moradores em domicílios particulares permanentes ocupados, exclusive os cuja condição no domicílio era pensionista, empregado(a) doméstico(a) ou parente do(a) empregado(a) doméstico(a)",Pessoas,1331,Classes de rendimento nominal mensal domiciliar per capita,Mais de 1/4 a 1/2 salário mínimo
Distribuição por faixas de renda,2022,Município,2505402,Desterro (PB),"Moradores em domicílios particulares permanentes ocupados, exclusive os cuja condição no domicílio era pensionista, empregado(a) doméstico(a) ou parente do(a) empregado(a) doméstico(a)",Pessoas,2520,Classes de rendimento nominal mensal domiciliar per capita,Mais de 1/4 a 1/2 salário mínimo
Distribuição por faixas de renda,2022,Município,2505501,Vista Serrana (PB),"Moradores em domicílios particulares permanentes ocupados, exclusive os cuja condição no domicílio era pensionista, empregado(a) doméstico(a) ou parente do(a) empregado(a) doméstico(a)",Pessoas,1026,Classes de rendimento nominal mensal domiciliar per capita,Mais de 1/4 a 1/2 salário mínimo
Distribuição por faixas de renda,2022,Município,2505600,Diamante (PB),"Moradores em domicílios particulares permanentes ocupados, exclusive os cuja condição no domicílio era pensionista, empregado(a) doméstico(a) ou parente do(a) empregado(a) doméstico(a)",Pessoas,1787,Classes de rendimento nominal mensal domiciliar per capita,Mais de 1/4 a 1/2 salário mínimo
Distribuição por faixas de renda,2022,Município,2505709,Dona Inês (PB),"Moradores em domicílios particulares permanentes ocupados, exclusive os cuja condição no domicílio era pensionista, empregado(a) doméstico(a) ou parente do(a) empregado(a) doméstico(a)",Pessoas,2685,Classes de rendimento nominal mensal domiciliar per capita,Mais de 1/4 a 1/2 salário mínimo
Distribuição por faixas de renda,2022,Município,2505808,Duas Estradas (PB),"Moradores em domicílios particulares permanentes ocupados, exclusive os cuja condição no domicílio era pensionista, empregado(a) doméstico(a) ou parente do(a) empregado(a) doméstico(a)",Pessoas,1024,Classes de rendimento nominal mensal domiciliar per capita,Mais de 1/4 a 1/2 salário mínimo
Distribuição por faixas de renda,2022,Município,2505907,Emas (PB),"Moradores em domicílios particulares permanentes ocupados, exclusive os cuja condição no domicílio era pensionista, empregado(a) doméstico(a) ou parente do(a) empregado(a) doméstico(a)",Pessoas,782,Classes de rendimento nominal mensal domiciliar per capita,Mais de 1/4 a 1/2 salário mínimo
Distribuição por faixas de renda,2022,Município,2506004,Esperança (PB),"Moradores em domicílios particulares permanentes ocupados, exclusive os cuja condição no domicílio era pensionista, empregado(a) doméstico(a) ou parente do(a) empregado(a) doméstico(a)",Pessoas,9698,Classes de rendimento nominal mensal domiciliar per capita,Mais de 1/4 a 1/2 salário mínimo
Distribuição por faixas de renda,2022,Município,2506103,Fagundes (PB),"Moradores em domicílios particulares permanentes ocupados, exclusive os cuja condição no domicílio era pensionista, empregado(a) doméstico(a) ou parente do(a) empregado(a) doméstico(a)",Pessoas,3223,Classes de rendimento nominal mensal domiciliar per capita,Mais de 1/4 a 1/2 salário mínimo
Distribuição por faixas de renda,2022,Município,2506202,Frei Martinho (PB),"Moradores em domicílios particulares permanentes ocupados, exclusive os cuja condição no domicílio era pensionista, empregado(a) doméstico(a) ou parente do(a) empregado(a) doméstico(a)",Pessoas,740,Classes de rendimento nominal mensal domiciliar per capita,Mais de 1/4 a 1/2 salário mínimo
Distribuição por faixas de renda,2022,Município,2506251,Gado Bravo (PB),"Moradores em domicílios particulares permanentes ocupados, exclusive os cuja condição no domicílio era pensionista, empregado(a) doméstico(a) ou parente do(a) empregado(a) doméstico(a)",Pessoas,2096,Classes de rendimento nominal mensal domiciliar per capita,Mais de 1/4 a 1/2 salário mínimo
Distribuição por faixas de renda,2022,Município,2506301,Guarabira (PB),"Moradores em domicílios particulares permanentes ocupados, exclusive os cuja condição no domicílio era pensionista, empregado(a) doméstico(a) ou parente do(a) empregado(a) doméstico(a)",Pessoas,15410,Classes de rendimento nominal mensal domiciliar per capita,Mais de 1/4 a 1/2 salário mínimo
Distribuição por faixas de renda,2022,Município,2506400,Gurinhém (PB),"Moradores em domicílios particulares permanentes ocupados, exclusive os cuja condição no domicílio era pensionista, empregado(a) doméstico(a) ou parente do(a) empregado(a) doméstico(a)",Pessoas,4752,Classes de rendimento nominal mensal domiciliar per capita,Mais de 1/4 a 1/2 salário mínimo
Distribuição por faixas de renda,2022,Município,2506509,Gurjão (PB),"Moradores em domicílios particulares permanentes ocupados, exclusive os cuja condição no domicílio era pensionista, empregado(a) doméstico(a) ou parente do(a) empregado(a) doméstico(a)",Pessoas,911,Classes de rendimento nominal mensal domiciliar per capita,Mais de 1/4 a 1/2 salário mínimo
Distribuição por faixas de renda,2022,Município,2506608,Ibiara (PB),"Moradores em domicílios particulares permanentes ocupados, exclusive os cuja condição no domicílio era pensionista, empregado(a) doméstico(a) ou parente do(a) empregado(a) doméstico(a)",Pessoas,1421,Classes de rendimento nominal mensal domiciliar per capita,Mais de 1/4 a 1/2 salário mínimo
Distribuição por faixas de renda,2022,Município,2506707,Imaculada (PB),"Moradores em domicílios particulares permanentes ocupados, exclusive os cuja condição no domicílio era pensionista, empregado(a) doméstico(a) ou parente do(a) empregado(a) doméstico(a)",Pessoas,2674,Classes de rendimento nominal mensal domiciliar per capita,Mais de 1/4 a 1/2 salário mínimo
Distribuição por faixas de renda,2022,Município,2506806,Ingá (PB),"Moradores em domicílios particulares permanentes ocupados, exclusive os cuja condição no domicílio era pensionista, empregado(a) doméstico(a) ou parente do(a) empregado(a) doméstico(a)",Pessoas,5554,Classes de rendimento nominal mensal domiciliar per capita,Mais de 1/4 a 1/2 salário mínimo
Distribuição por faixas de renda,2022,Município,2506905,Itabaiana (PB),"Moradores em domicílios particulares permanentes ocupados, exclusive os cuja condição no domicílio era pensionista, empregado(a) doméstico(a) ou parente do(a) empregado(a) doméstico(a)",Pessoas,6564,Classes de rendimento nominal mensal domiciliar per capita,Mais de 1/4 a 1/2 salário mínimo
Distribuição por faixas de renda,2022,Município,2507002,Itaporanga (PB),"Moradores em domicílios particulares permanentes ocupados, exclusive os cuja condição no domicílio era pensionista, empregado(a) doméstico(a) ou parente do(a) empregado(a) doméstico(a)",Pessoas,6741,Classes de rendimento nominal mensal domiciliar per capita,Mais de 1/4 a 1/2 salário mínimo
Distribuição por faixas de renda,2022,Município,2507101,Itapororoca (PB),"Moradores em domicílios particulares permanentes ocupados, exclusive os cuja condição no domicílio era pensionista, empregado(a) doméstico(a) ou parente do(a) empregado(a) doméstico(a)",Pessoas,6149,Classes de rendimento nominal mensal domiciliar per capita,Mais de 1/4 a 1/2 salário mínimo
Distribuição por faixas de renda,2022,Município,2507200,Itatuba (PB),"Moradores em domicílios particulares permanentes ocupados, exclusive os cuja condição no domicílio era pensionista, empregado(a) doméstico(a) ou parente do(a) empregado(a) doméstico(a)",Pessoas,3655,Classes de rendimento nominal mensal domiciliar per capita,Mais de 1/4 a 1/2 salário mínimo
Distribuição por faixas de renda,2022,Município,2507309,Jacaraú (PB),"Moradores em domicílios particulares permanentes ocupados, exclusive os cuja condição no domicílio era pensionista, empregado(a) doméstico(a) ou parente do(a) empregado(a) doméstico(a)",Pessoas,4575,Classes de rendimento nominal mensal domiciliar per capita,Mais de 1/4 a 1/2 salário mínimo
Distribuição por faixas de renda,2022,Município,2507408,Jericó (PB),"Moradores em domicílios particulares permanentes ocupados, exclusive os cuja condição no domicílio era pensionista, empregado(a) doméstico(a) ou parente do(a) empregado(a) doméstico(a)",Pessoas,2111,Classes de rendimento nominal mensal domiciliar per capita,Mais de 1/4 a 1/2 salário mínimo
Distribuição por faixas de renda,2022,Município,2507507,João Pessoa (PB),"Moradores em domicílios particulares permanentes ocupados, exclusive os cuja condição no domicílio era pensionista, empregado(a) doméstico(a) ou parente do(a) empregado(a) doméstico(a)",Pessoas,159052,Classes de rendimento nominal mensal domiciliar per capita,Mais de 1/4 a 1/2 salário mínimo
Distribuição por faixas de renda,2022,Município,2507606,Juarez Távora (PB),"Moradores em domicílios particulares permanentes ocupados, exclusive os cuja condição no domicílio era pensionista, empregado(a) doméstico(a) ou parente do(a) empregado(a) doméstico(a)",Pessoas,2202,Classes de rendimento nominal mensal domiciliar per capita,Mais de 1/4 a 1/2 salário mínimo
Distribuição por faixas de renda,2022,Município,2507705,Juazeirinho (PB),"Moradores em domicílios particulares permanentes ocupados, exclusive os cuja condição no domicílio era pensionista, empregado(a) doméstico(a) ou parente do(a) empregado(a) doméstico(a)",Pessoas,4942,Classes de rendimento nominal mensal domiciliar per capita,Mais de 1/4 a 1/2 salário mínimo
Distribuição por faixas de renda,2022,Município,2507804,Junco do Seridó (PB),"Moradores em domicílios particulares permanentes ocupados, exclusive os cuja condição no domicílio era pensionista, empregado(a) doméstico(a) ou parente do(a) empregado(a) doméstico(a)",Pessoas,2323,Classes de rendimento nominal mensal domiciliar per capita,Mais de 1/4 a 1/2 salário mínimo
Distribuição por faixas de renda,2022,Município,2507903,Juripiranga (PB),"Moradores em domicílios particulares permanentes ocupados, exclusive os cuja condição no domicílio era pensionista, empregado(a) doméstico(a) ou parente do(a) empregado(a) doméstico(a)",Pessoas,3390,Classes de rendimento nominal mensal domiciliar per capita,Mais de 1/4 a 1/2 salário mínimo
Distribuição por faixas de renda,2022,Município,2508000,Juru (PB),"Moradores em domicílios particulares permanentes ocupados, exclusive os cuja condição no domicílio era pensionista, empregado(a) doméstico(a) ou parente do(a) empregado(a) doméstico(a)",Pessoas,2493,Classes de rendimento nominal mensal domiciliar per capita,Mais de 1/4 a 1/2 salário mínimo
Distribuição por faixas de renda,2022,Município,2508109,Lagoa (PB),"Moradores em domicílios particulares permanentes ocupados, exclusive os cuja condição no domicílio era pensionista, empregado(a) doméstico(a) ou parente do(a) empregado(a) doméstico(a)",Pessoas,1341,Classes de rendimento nominal mensal domiciliar per capita,Mais de 1/4 a 1/2 salário mínimo
Distribuição por faixas de renda,2022,Município,2508208,Lagoa de Dentro (PB),"Moradores em domicílios particulares permanentes ocupados, exclusive os cuja condição no domicílio era pensionista, empregado(a) doméstico(a) ou parente do(a) empregado(a) doméstico(a)",Pessoas,2142,Classes de rendimento nominal mensal domiciliar per capita,Mais de 1/4 a 1/2 salário mínimo
Distribuição por faixas de renda,2022,Município,2508307,Lagoa Seca (PB),"Moradores em domicílios particulares permanentes ocupados, exclusive os cuja condição no domicílio era pensionista, empregado(a) doméstico(a) ou parente do(a) empregado(a) doméstico(a)",Pessoas,7548,Classes de rendimento nominal mensal domiciliar per capita,Mais de 1/4 a 1/2 salário mínimo
Distribuição por faixas de renda,2022,Município,2508406,Lastro (PB),"Moradores em domicílios particulares permanentes ocupados, exclusive os cuja condição no domicílio era pensionista, empregado(a) doméstico(a) ou parente do(a) empregado(a) doméstico(a)",Pessoas,1027,Classes de rendimento nominal mensal domiciliar per capita,Mais de 1/4 a 1/2 salário mínimo
Distribuição por faixas de renda,2022,Município,2508505,Livramento (PB),"Moradores em domicílios particulares permanentes ocupados, exclusive os cuja condição no domicílio era pensionista, empregado(a) doméstico(a) ou parente do(a) empregado(a) doméstico(a)",Pessoas,1912,Classes de rendimento nominal mensal domiciliar per capita,Mais de 1/4 a 1/2 salário mínimo
Distribuição por faixas de renda,2022,Município,2508554,Logradouro (PB),"Moradores em domicílios particulares permanentes ocupados, exclusive os cuja condição no domicílio era pensionista, empregado(a) doméstico(a) ou parente do(a) empregado(a) doméstico(a)",Pessoas,1347,Classes de rendimento nominal mensal domiciliar per capita,Mais de 1/4 a 1/2 salário mínimo
Distribuição por faixas de renda,2022,Município,2508604,Lucena (PB),"Moradores em domicílios particulares permanentes ocupados, exclusive os cuja condição no domicílio era pensionista, empregado(a) doméstico(a) ou parente do(a) empregado(a) doméstico(a)",Pessoas,3856,Classes de rendimento nominal mensal domiciliar per capita,Mais de 1/4 a 1/2 salário mínimo
Distribuição por faixas de renda,2022,Município,2508703,Mãe d'Água (PB),"Moradores em domicílios particulares permanentes ocupados, exclusive os cuja condição no domicílio era pensionista, empregado(a) doméstico(a) ou parente do(a) empregado(a) doméstico(a)",Pessoas,1037,Classes de rendimento nominal mensal domiciliar per capita,Mais de 1/4 a 1/2 salário mínimo
Distribuição por faixas de renda,2022,Município,2508802,Malta (PB),"Moradores em domicílios particulares permanentes ocupados, exclusive os cuja condição no domicílio era pensionista, empregado(a) doméstico(a) ou parente do(a) empregado(a) doméstico(a)",Pessoas,1788,Classes de rendimento nominal mensal domiciliar per capita,Mais de 1/4 a 1/2 salário mínimo
Distribuição por faixas de renda,2022,Município,2508901,Mamanguape (PB),"Moradores em domicílios particulares permanentes ocupados, exclusive os cuja condição no domicílio era pensionista, empregado(a) doméstico(a) ou parente do(a) empregado(a) doméstico(a)",Pessoas,14346,Classes de rendimento nominal mensal domiciliar per capita,Mais de 1/4 a 1/2 salário mínimo
Distribuição por faixas de renda,2022,Município,2509008,Manaíra (PB),"Moradores em domicílios particulares permanentes ocupados, exclusive os cuja condição no domicílio era pensionista, empregado(a) doméstico(a) ou parente do(a) empregado(a) doméstico(a)",Pessoas,2405,Classes de rendimento nominal mensal domiciliar per capita,Mais de 1/4 a 1/2 salário mínimo
Distribuição por faixas de renda,2022,Município,2509057,Marcação (PB),"Moradores em domicílios particulares permanentes ocupados, exclusive os cuja condição no domicílio era pensionista, empregado(a) doméstico(a) ou parente do(a) empregado(a) doméstico(a)",Pessoas,3376,Classes de rendimento nominal mensal domiciliar per capita,Mais de 1/4 a 1/2 salário mínimo
Distribuição por faixas de renda,2022,Município,2509107,Mari (PB),"Moradores em domicílios particulares permanentes ocupados, exclusive os cuja condição no domicílio era pensionista, empregado(a) doméstico(a) ou parente do(a) empregado(a) doméstico(a)",Pessoas,6270,Classes de rendimento nominal mensal domiciliar per capita,Mais de 1/4 a 1/2 salário mínimo
Distribuição por faixas de renda,2022,Município,2509156,Marizópolis (PB),"Moradores em domicílios particulares permanentes ocupados, exclusive os cuja condição no domicílio era pensionista, empregado(a) doméstico(a) ou parente do(a) empregado(a) doméstico(a)",Pessoas,2124,Classes de rendimento nominal mensal domiciliar per capita,Mais de 1/4 a 1/2 salário mínimo
Distribuição por faixas de renda,2022,Município,2509206,Massaranduba (PB),"Moradores em domicílios particulares permanentes ocupados, exclusive os cuja condição no domicílio era pensionista, empregado(a) doméstico(a) ou parente do(a) empregado(a) doméstico(a)",Pessoas,5204,Classes de rendimento nominal mensal domiciliar per capita,Mais de 1/4 a 1/2 salário mínimo
Distribuição por faixas de renda,2022,Município,2509305,Mataraca (PB),"Moradores em domicílios particulares permanentes ocupados, exclusive os cuja condição no domicílio era pensionista, empregado(a) doméstico(a) ou parente do(a) empregado(a) doméstico(a)",Pessoas,2775,Classes de rendimento nominal mensal domiciliar per capita,Mais de 1/4 a 1/2 salário mínimo
Distribuição por faixas de renda,2022,Município,2509339,Matinhas (PB),"Moradores em domicílios particulares permanentes ocupados, exclusive os cuja condição no domicílio era pensionista, empregado(a) doméstico(a) ou parente do(a) empregado(a) doméstico(a)",Pessoas,1212,Classes de rendimento nominal mensal domiciliar per capita,Mais de 1/4 a 1/2 salário mínimo
Distribuição por faixas de renda,2022,Município,2509370,Mato Grosso (PB),"Moradores em domicílios particulares permanentes ocupados, exclusive os cuja condição no domicílio era pensionista, empregado(a) doméstico(a) ou parente do(a) empregado(a) doméstico(a)",Pessoas,798,Classes de rendimento nominal mensal domiciliar per capita,Mais de 1/4 a 1/2 salário mínimo
Distribuição por faixas de renda,2022,Município,2509396,Maturéia (PB),"Moradores em domicílios particulares permanentes ocupados, exclusive os cuja condição no domicílio era pensionista, empregado(a) doméstico(a) ou parente do(a) empregado(a) doméstico(a)",Pessoas,1678,Classes de rendimento nominal mensal domiciliar per capita,Mais de 1/4 a 1/2 salário mínimo
Distribuição por faixas de renda,2022,Município,2509404,Mogeiro (PB),"Moradores em domicílios particulares permanentes ocupados, exclusive os cuja condição no domicílio era pensionista, empregado(a) doméstico(a) ou parente do(a) empregado(a) doméstico(a)",Pessoas,4215,Classes de rendimento nominal mensal domiciliar per capita,Mais de 1/4 a 1/2 salário mínimo
Distribuição por faixas de renda,2022,Município,2509503,Montadas (PB),"Moradores em domicílios particulares permanentes ocupados, exclusive os cuja condição no domicílio era pensionista, empregado(a) doméstico(a) ou parente do(a) empregado(a) doméstico(a)",Pessoas,1776,Classes de rendimento nominal mensal domiciliar per capita,Mais de 1/4 a 1/2 salário mínimo
Distribuição por faixas de renda,2022,Município,2509602,Monte Horebe (PB),"Moradores em domicílios particulares permanentes ocupados, exclusive os cuja condição no domicílio era pensionista, empregado(a) doméstico(a) ou parente do(a) empregado(a) doméstico(a)",Pessoas,1102,Classes de rendimento nominal mensal domiciliar per capita,Mais de 1/4 a 1/2 salário mínimo
Distribuição por faixas de renda,2022,Município,2509701,Monteiro (PB),"Moradores em domicílios particulares permanentes ocupados, exclusive os cuja condição no domicílio era pensionista, empregado(a) doméstico(a) ou parente do(a) empregado(a) doméstico(a)",Pessoas,9533,Classes de rendimento nominal mensal domiciliar per capita,Mais de 1/4 a 1/2 salário mínimo
Distribuição por faixas de renda,2022,Município,2509800,Mulungu (PB),"Moradores em domicílios particulares permanentes ocupados, exclusive os cuja condição no domicílio era pensionista, empregado(a) doméstico(a) ou parente do(a) empregado(a) doméstico(a)",Pessoas,2794,Classes de rendimento nominal mensal domiciliar per capita,Mais de 1/4 a 1/2 salário mínimo
Distribuição por faixas de renda,2022,Município,2509909,Natuba (PB),"Moradores em domicílios particulares permanentes ocupados, exclusive os cuja condição no domicílio era pensionista, empregado(a) doméstico(a) ou parente do(a) empregado(a) doméstico(a)",Pessoas,2502,Classes de rendimento nominal mensal domiciliar per capita,Mais de 1/4 a 1/2 salário mínimo
Distribuição por faixas de renda,2022,Município,2510006,Nazarezinho (PB),"Moradores em domicílios particulares permanentes ocupados, exclusive os cuja condição no domicílio era pensionista, empregado(a) doméstico(a) ou parente do(a) empregado(a) doméstico(a)",Pessoas,1854,Classes de rendimento nominal mensal domiciliar per capita,Mais de 1/4 a 1/2 salário mínimo
Distribuição por faixas de renda,2022,Município,2510105,Nova Floresta (PB),"Moradores em domicílios particulares permanentes ocupados, exclusive os cuja condição no domicílio era pensionista, empregado(a) doméstico(a) ou parente do(a) empregado(a) doméstico(a)",Pessoas,2751,Classes de rendimento nominal mensal domiciliar per capita,Mais de 1/4 a 1/2 salário mínimo
Distribuição por faixas de renda,2022,Município,2510204,Nova Olinda (PB),"Moradores em domicílios particulares permanentes ocupados, exclusive os cuja condição no domicílio era pensionista, empregado(a) doméstico(a) ou parente do(a) empregado(a) doméstico(a)",Pessoas,1772,Classes de rendimento nominal mensal domiciliar per capita,Mais de 1/4 a 1/2 salário mínimo
Distribuição por faixas de renda,2022,Município,2510303,Nova Palmeira (PB),"Moradores em domicílios particulares permanentes ocupados, exclusive os cuja condição no domicílio era pensionista, empregado(a) doméstico(a) ou parente do(a) empregado(a) doméstico(a)",Pessoas,1221,Classes de rendimento nominal mensal domiciliar per capita,Mais de 1/4 a 1/2 salário mínimo
Distribuição por faixas de renda,2022,Município,2510402,Olho d'Água (PB),"Moradores em domicílios particulares permanentes ocupados, exclusive os cuja condição no domicílio era pensionista, empregado(a) doméstico(a) ou parente do(a) empregado(a) doméstico(a)",Pessoas,1379,Classes de rendimento nominal mensal domiciliar per capita,Mais de 1/4 a 1/2 salário mínimo
Distribuição por faixas de renda,2022,Município,2510501,Olivedos (PB),"Moradores em domicílios particulares permanentes ocupados, exclusive os cuja condição no domicílio era pensionista, empregado(a) doméstico(a) ou parente do(a) empregado(a) doméstico(a)",Pessoas,1037,Classes de rendimento nominal mensal domiciliar per capita,Mais de 1/4 a 1/2 salário mínimo
Distribuição por faixas de renda,2022,Município,2510600,Ouro Velho (PB),"Moradores em domicílios particulares permanentes ocupados, exclusive os cuja condição no domicílio era pensionista, empregado(a) doméstico(a) ou parente do(a) empregado(a) doméstico(a)",Pessoas,914,Classes de rendimento nominal mensal domiciliar per capita,Mais de 1/4 a 1/2 salário mínimo
Distribuição por faixas de renda,2022,Município,2510659,Parari (PB),"Moradores em domicílios particulares permanentes ocupados, exclusive os cuja condição no domicílio era pensionista, empregado(a) doméstico(a) ou parente do(a) empregado(a) doméstico(a)",Pessoas,447,Classes de rendimento nominal mensal domiciliar per capita,Mais de 1/4 a 1/2 salário mínimo
Distribuição por faixas de renda,2022,Município,2510709,Passagem (PB),"Moradores em domicílios particulares permanentes ocupados, exclusive os cuja condição no domicílio era pensionista, empregado(a) doméstico(a) ou parente do(a) empregado(a) doméstico(a)",Pessoas,818,Classes de rendimento nominal mensal domiciliar per capita,Mais de 1/4 a 1/2 salário mínimo
Distribuição por faixas de renda,2022,Município,2510808,Patos (PB),"Moradores em domicílios particulares permanentes ocupados, exclusive os cuja condição no domicílio era pensionista, empregado(a) doméstico(a) ou parente do(a) empregado(a) doméstico(a)",Pessoas,26907,Classes de rendimento nominal mensal domiciliar per capita,Mais de 1/4 a 1/2 salário mínimo
Distribuição por faixas de renda,2022,Município,2510907,Paulista (PB),"Moradores em domicílios particulares permanentes ocupados, exclusive os cuja condição no domicílio era pensionista, empregado(a) doméstico(a) ou parente do(a) empregado(a) doméstico(a)",Pessoas,3302,Classes de rendimento nominal mensal domiciliar per capita,Mais de 1/4 a 1/2 salário mínimo
Distribuição por faixas de renda,2022,Município,2511004,Pedra Branca (PB),"Moradores em domicílios particulares permanentes ocupados, exclusive os cuja condição no domicílio era pensionista, empregado(a) doméstico(a) ou parente do(a) empregado(a) doméstico(a)",Pessoas,1004,Classes de rendimento nominal mensal domiciliar per capita,Mais de 1/4 a 1/2 salário mínimo
Distribuição por faixas de renda,2022,Município,2511103,Pedra Lavrada (PB),"Moradores em domicílios particulares permanentes ocupados, exclusive os cuja condição no domicílio era pensionista, empregado(a) doméstico(a) ou parente do(a) empregado(a) doméstico(a)",Pessoas,2128,Classes de rendimento nominal mensal domiciliar per capita,Mais de 1/4 a 1/2 salário mínimo
Distribuição por faixas de renda,2022,Município,2511202,Pedras de Fogo (PB),"Moradores em domicílios particulares permanentes ocupados, exclusive os cuja condição no domicílio era pensionista, empregado(a) doméstico(a) ou parente do(a) empregado(a) doméstico(a)",Pessoas,9640,Classes de rendimento nominal mensal domiciliar per capita,Mais de 1/4 a 1/2 salário mínimo
Distribuição por faixas de renda,2022,Município,2511301,Piancó (PB),"Moradores em domicílios particulares permanentes ocupados, exclusive os cuja condição no domicílio era pensionista, empregado(a) doméstico(a) ou parente do(a) empregado(a) doméstico(a)",Pessoas,5015,Classes de rendimento nominal mensal domiciliar per capita,Mais de 1/4 a 1/2 salário mínimo
Distribuição por faixas de renda,2022,Município,2511400,Picuí (PB),"Moradores em domicílios particulares permanentes ocupados, exclusive os cuja condição no domicílio era pensionista, empregado(a) doméstico(a) ou parente do(a) empregado(a) doméstico(a)",Pessoas,5104,Classes de rendimento nominal mensal domiciliar per capita,Mais de 1/4 a 1/2 salário mínimo
Distribuição por faixas de renda,2022,Município,2511509,Pilar (PB),"Moradores em domicílios particulares permanentes ocupados, exclusive os cuja condição no domicílio era pensionista, empregado(a) doméstico(a) ou parente do(a) empregado(a) doméstico(a)",Pessoas,3484,Classes de rendimento nominal mensal domiciliar per capita,Mais de 1/4 a 1/2 salário mínimo
Distribuição por faixas de renda,2022,Município,2511608,Pilões (PB),"Moradores em domicílios particulares permanentes ocupados, exclusive os cuja condição no domicílio era pensionista, empregado(a) doméstico(a) ou parente do(a) empregado(a) doméstico(a)",Pessoas,2182,Classes de rendimento nominal mensal domiciliar per capita,Mais de 1/4 a 1/2 salário mínimo
Distribuição por faixas de renda,2022,Município,2511707,Pilõezinhos (PB),"Moradores em domicílios particulares permanentes ocupados, exclusive os cuja condição no domicílio era pensionista, empregado(a) doméstico(a) ou parente do(a) empregado(a) doméstico(a)",Pessoas,1591,Classes de rendimento nominal mensal domiciliar per capita,Mais de 1/4 a 1/2 salário mínimo
Distribuição por faixas de renda,2022,Município,2511806,Pirpirituba (PB),"Moradores em domicílios particulares permanentes ocupados, exclusive os cuja condição no domicílio era pensionista, empregado(a) doméstico(a) ou parente do(a) empregado(a) doméstico(a)",Pessoas,2597,Classes de rendimento nominal mensal domiciliar per capita,Mais de 1/4 a 1/2 salário mínimo
Distribuição por faixas de renda,2022,Município,2511905,Pitimbu (PB),"Moradores em domicílios particulares permanentes ocupados, exclusive os cuja condição no domicílio era pensionista, empregado(a) doméstico(a) ou parente do(a) empregado(a) doméstico(a)",Pessoas,5532,Classes de rendimento nominal mensal domiciliar per capita,Mais de 1/4 a 1/2 salário mínimo
Distribuição por faixas de renda,2022,Município,2512002,Pocinhos (PB),"Moradores em domicílios particulares permanentes ocupados, exclusive os cuja condição no domicílio era pensionista, empregado(a) doméstico(a) ou parente do(a) empregado(a) doméstico(a)",Pessoas,4980,Classes de rendimento nominal mensal domiciliar per capita,Mais de 1/4 a 1/2 salário mínimo
Distribuição por faixas de renda,2022,Município,2512036,Poço Dantas (PB),"Moradores em domicílios particulares permanentes ocupados, exclusive os cuja condição no domicílio era pensionista, empregado(a) doméstico(a) ou parente do(a) empregado(a) doméstico(a)",Pessoas,1066,Classes de rendimento nominal mensal domiciliar per capita,Mais de 1/4 a 1/2 salário mínimo
Distribuição por faixas de renda,2022,Município,2512077,Poço de José de Moura (PB),"Moradores em domicílios particulares permanentes ocupados, exclusive os cuja condição no domicílio era pensionista, empregado(a) doméstico(a) ou parente do(a) empregado(a) doméstico(a)",Pessoas,1150,Classes de rendimento nominal mensal domiciliar per capita,Mais de 1/4 a 1/2 salário mínimo
Distribuição por faixas de renda,2022,Município,2512101,Pombal (PB),"Moradores em domicílios particulares permanentes ocupados, exclusive os cuja condição no domicílio era pensionista, empregado(a) doméstico(a) ou parente do(a) empregado(a) doméstico(a)",Pessoas,9174,Classes de rendimento nominal mensal domiciliar per capita,Mais de 1/4 a 1/2 salário mínimo
Distribuição por faixas de renda,2022,Município,2512200,Prata (PB),"Moradores em domicílios particulares permanentes ocupados, exclusive os cuja condição no domicílio era pensionista, empregado(a) doméstico(a) ou parente do(a) empregado(a) doméstico(a)",Pessoas,1323,Classes de rendimento nominal mensal domiciliar per capita,Mais de 1/4 a 1/2 salário mínimo
Distribuição por faixas de renda,2022,Município,2512309,Princesa Isabel (PB),"Moradores em domicílios particulares permanentes ocupados, exclusive os cuja condição no domicílio era pensionista, empregado(a) doméstico(a) ou parente do(a) empregado(a) doméstico(a)",Pessoas,6461,Classes de rendimento nominal mensal domiciliar per capita,Mais de 1/4 a 1/2 salário mínimo
Distribuição por faixas de renda,2022,Município,2512408,Puxinanã (PB),"Moradores em domicílios particulares permanentes ocupados, exclusive os cuja condição no domicílio era pensionista, empregado(a) doméstico(a) ou parente do(a) empregado(a) doméstico(a)",Pessoas,4911,Classes de rendimento nominal mensal domiciliar per capita,Mais de 1/4 a 1/2 salário mínimo
Distribuição por faixas de renda,2022,Município,2512507,Queimadas (PB),"Moradores em domicílios particulares permanentes ocupados, exclusive os cuja condição no domicílio era pensionista, empregado(a) doméstico(a) ou parente do(a) empregado(a) doméstico(a)",Pessoas,16749,Classes de rendimento nominal mensal domiciliar per capita,Mais de 1/4 a 1/2 salário mínimo
Distribuição por faixas de renda,2022,Município,2512606,Quixaba (PB),"Moradores em domicílios particulares permanentes ocupados, exclusive os cuja condição no domicílio era pensionista, empregado(a) doméstico(a) ou parente do(a) empregado(a) doméstico(a)",Pessoas,614,Classes de rendimento nominal mensal domiciliar per capita,Mais de 1/4 a 1/2 salário mínimo
Distribuição por faixas de renda,2022,Município,2512705,Remígio (PB),"Moradores em domicílios particulares permanentes ocupados, exclusive os cuja condição no domicílio era pensionista, empregado(a) doméstico(a) ou parente do(a) empregado(a) doméstico(a)",Pessoas,5025,Classes de rendimento nominal mensal domiciliar per capita,Mais de 1/4 a 1/2 salário mínimo
Distribuição por faixas de renda,2022,Município,2512721,Pedro Régis (PB),"Moradores em domicílios particulares permanentes ocupados, exclusive os cuja condição no domicílio era pensionista, empregado(a) doméstico(a) ou parente do(a) empregado(a) doméstico(a)",Pessoas,1557,Classes de rendimento nominal mensal domiciliar per capita,Mais de 1/4 a 1/2 salário mínimo
Distribuição por faixas de renda,2022,Município,2512747,Riachão (PB),"Moradores em domicílios particulares permanentes ocupados, exclusive os cuja condição no domicílio era pensionista, empregado(a) doméstico(a) ou parente do(a) empregado(a) doméstico(a)",Pessoas,868,Classes de rendimento nominal mensal domiciliar per capita,Mais de 1/4 a 1/2 salário mínimo
Distribuição por faixas de renda,2022,Município,2512754,Riachão do Bacamarte (PB),"Moradores em domicílios particulares permanentes ocupados, exclusive os cuja condição no domicílio era pensionista, empregado(a) doméstico(a) ou parente do(a) empregado(a) doméstico(a)",Pessoas,1756,Classes de rendimento nominal mensal domiciliar per capita,Mais de 1/4 a 1/2 salário mínimo
Distribuição por faixas de renda,2022,Município,2512762,Riachão do Poço (PB),"Moradores em domicílios particulares permanentes ocupados, exclusive os cuja condição no domicílio era pensionista, empregado(a) doméstico(a) ou parente do(a) empregado(a) doméstico(a)",Pessoas,1489,Classes de rendimento nominal mensal domiciliar per capita,Mais de 1/4 a 1/2 salário mínimo
Distribuição por faixas de renda,2022,Município,2512788,Riacho de Santo Antônio (PB),"Moradores em domicílios particulares permanentes ocupados, exclusive os cuja condição no domicílio era pensionista, empregado(a) doméstico(a) ou parente do(a) empregado(a) doméstico(a)",Pessoas,584,Classes de rendimento nominal mensal domiciliar per capita,Mais de 1/4 a 1/2 salário mínimo
Distribuição por faixas de renda,2022,Município,2512804,Riacho dos Cavalos (PB),"Moradores em domicílios particulares permanentes ocupados, exclusive os cuja condição no domicílio era pensionista, empregado(a) doméstico(a) ou parente do(a) empregado(a) doméstico(a)",Pessoas,2837,Classes de rendimento nominal mensal domiciliar per capita,Mais de 1/4 a 1/2 salário mínimo
Distribuição por faixas de renda,2022,Município,2512903,Rio Tinto (PB),"Moradores em domicílios particulares permanentes ocupados, exclusive os cuja condição no domicílio era pensionista, empregado(a) doméstico(a) ou parente do(a) empregado(a) doméstico(a)",Pessoas,8063,Classes de rendimento nominal mensal domiciliar per capita,Mais de 1/4 a 1/2 salário mínimo
Distribuição por faixas de renda,2022,Município,2513000,Salgadinho (PB),"Moradores em domicílios particulares permanentes ocupados, exclusive os cuja condição no domicílio era pensionista, empregado(a) doméstico(a) ou parente do(a) empregado(a) doméstico(a)",Pessoas,1055,Classes de rendimento nominal mensal domiciliar per capita,Mais de 1/4 a 1/2 salário mínimo
Distribuição por faixas de renda,2022,Município,2513109,Salgado de São Félix (PB),"Moradores em domicílios particulares permanentes ocupados, exclusive os cuja condição no domicílio era pensionista, empregado(a) doméstico(a) ou parente do(a) empregado(a) doméstico(a)",Pessoas,3587,Classes de rendimento nominal mensal domiciliar per capita,Mais de 1/4 a 1/2 salário mínimo
Distribuição por faixas de renda,2022,Município,2513158,Santa Cecília (PB),"Moradores em domicílios particulares permanentes ocupados, exclusive os cuja condição no domicílio era pensionista, empregado(a) doméstico(a) ou parente do(a) empregado(a) doméstico(a)",Pessoas,2563,Classes de rendimento nominal mensal domiciliar per capita,Mais de 1/4 a 1/2 salário mínimo
Distribuição por faixas de renda,2022,Município,2513208,Santa Cruz (PB),"Moradores em domicílios particulares permanentes ocupados, exclusive os cuja condição no domicílio era pensionista, empregado(a) doméstico(a) ou parente do(a) empregado(a) doméstico(a)",Pessoas,1718,Classes de rendimento nominal mensal domiciliar per capita,Mais de 1/4 a 1/2 salário mínimo
Distribuição por faixas de renda,2022,Município,2513307,Santa Helena (PB),"Moradores em domicílios particulares permanentes ocupados, exclusive os cuja condição no domicílio era pensionista, empregado(a) doméstico(a) ou parente do(a) empregado(a) doméstico(a)",Pessoas,1806,Classes de rendimento nominal mensal domiciliar per capita,Mais de 1/4 a 1/2 salário mínimo
Distribuição por faixas de renda,2022,Município,2513356,Santa Inês (PB),"Moradores em domicílios particulares permanentes ocupados, exclusive os cuja condição no domicílio era pensionista, empregado(a) doméstico(a) ou parente do(a) empregado(a) doméstico(a)",Pessoas,819,Classes de rendimento nominal mensal domiciliar per capita,Mais de 1/4 a 1/2 salário mínimo
Distribuição por faixas de renda,2022,Município,2513406,Santa Luzia (PB),"Moradores em domicílios particulares permanentes ocupados, exclusive os cuja condição no domicílio era pensionista, empregado(a) doméstico(a) ou parente do(a) empregado(a) doméstico(a)",Pessoas,4030,Classes de rendimento nominal mensal domiciliar per capita,Mais de 1/4 a 1/2 salário mínimo
Distribuição por faixas de renda,2022,Município,2513505,Santana de Mangueira (PB),"Moradores em domicílios particulares permanentes ocupados, exclusive os cuja condição no domicílio era pensionista, empregado(a) doméstico(a) ou parente do(a) empregado(a) doméstico(a)",Pessoas,1292,Classes de rendimento nominal mensal domiciliar per capita,Mais de 1/4 a 1/2 salário mínimo
Distribuição por faixas de renda,2022,Município,2513604,Santana dos Garrotes (PB),"Moradores em domicílios particulares permanentes ocupados, exclusive os cuja condição no domicílio era pensionista, empregado(a) doméstico(a) ou parente do(a) empregado(a) doméstico(a)",Pessoas,1859,Classes de rendimento nominal mensal domiciliar per capita,Mais de 1/4 a 1/2 salário mínimo
Distribuição por faixas de renda,2022,Município,2513653,Joca Claudino (PB),"Moradores em domicílios particulares permanentes ocupados, exclusive os cuja condição no domicílio era pensionista, empregado(a) doméstico(a) ou parente do(a) empregado(a) doméstico(a)",Pessoas,701,Classes de rendimento nominal mensal domiciliar per capita,Mais de 1/4 a 1/2 salário mínimo
Distribuição por faixas de renda,2022,Município,2513703,Santa Rita (PB),"Moradores em domicílios particulares permanentes ocupados, exclusive os cuja condição no domicílio era pensionista, empregado(a) doméstico(a) ou parente do(a) empregado(a) doméstico(a)",Pessoas,46337,Classes de rendimento nominal mensal domiciliar per capita,Mais de 1/4 a 1/2 salário mínimo
Distribuição por faixas de renda,2022,Município,2513802,Santa Teresinha (PB),"Moradores em domicílios particulares permanentes ocupados, exclusive os cuja condição no domicílio era pensionista, empregado(a) doméstico(a) ou parente do(a) empregado(a) doméstico(a)",Pessoas,1354,Classes de rendimento nominal mensal domiciliar per capita,Mais de 1/4 a 1/2 salário mínimo
Distribuição por faixas de renda,2022,Município,2513851,Santo André (PB),"Moradores em domicílios particulares permanentes ocupados, exclusive os cuja condição no domicílio era pensionista, empregado(a) doméstico(a) ou parente do(a) empregado(a) doméstico(a)",Pessoas,827,Classes de rendimento nominal mensal domiciliar per capita,Mais de 1/4 a 1/2 salário mínimo
Distribuição por faixas de renda,2022,Município,2513901,São Bento (PB),"Moradores em domicílios particulares permanentes ocupados, exclusive os cuja condição no domicílio era pensionista, empregado(a) doméstico(a) ou parente do(a) empregado(a) doméstico(a)",Pessoas,9892,Classes de rendimento nominal mensal domiciliar per capita,Mais de 1/4 a 1/2 salário mínimo
Distribuição por faixas de renda,2022,Município,2513927,São Bentinho (PB),"Moradores em domicílios particulares permanentes ocupados, exclusive os cuja condição no domicílio era pensionista, empregado(a) doméstico(a) ou parente do(a) empregado(a) doméstico(a)",Pessoas,1344,Classes de rendimento nominal mensal domiciliar per capita,Mais de 1/4 a 1/2 salário mínimo
Distribuição por faixas de renda,2022,Município,2513943,São Domingos do Cariri (PB),"Moradores em domicílios particulares permanentes ocupados, exclusive os cuja condição no domicílio era pensionista, empregado(a) doméstico(a) ou parente do(a) empregado(a) doméstico(a)",Pessoas,802,Classes de rendimento nominal mensal domiciliar per capita,Mais de 1/4 a 1/2 salário mínimo
Distribuição por faixas de renda,2022,Município,2513968,São Domingos (PB),"Moradores em domicílios particulares permanentes ocupados, exclusive os cuja condição no domicílio era pensionista, empregado(a) doméstico(a) ou parente do(a) empregado(a) doméstico(a)",Pessoas,914,Classes de rendimento nominal mensal domiciliar per capita,Mais de 1/4 a 1/2 salário mínimo
Distribuição por faixas de renda,2022,Município,2513984,São Francisco (PB),"Moradores em domicílios particulares permanentes ocupados, exclusive os cuja condição no domicílio era pensionista, empregado(a) doméstico(a) ou parente do(a) empregado(a) doméstico(a)",Pessoas,849,Classes de rendimento nominal mensal domiciliar per capita,Mais de 1/4 a 1/2 salário mínimo
Distribuição por faixas de renda,2022,Município,2514008,São João do Cariri (PB),"Moradores em domicílios particulares permanentes ocupados, exclusive os cuja condição no domicílio era pensionista, empregado(a) doméstico(a) ou parente do(a) empregado(a) doméstico(a)",Pessoas,1049,Classes de rendimento nominal mensal domiciliar per capita,Mais de 1/4 a 1/2 salário mínimo
Distribuição por faixas de renda,2022,Município,2514107,São João do Tigre (PB),"Moradores em domicílios particulares permanentes ocupados, exclusive os cuja condição no domicílio era pensionista, empregado(a) doméstico(a) ou parente do(a) empregado(a) doméstico(a)",Pessoas,1311,Classes de rendimento nominal mensal domiciliar per capita,Mais de 1/4 a 1/2 salário mínimo
Distribuição por faixas de renda,2022,Município,2514206,São José da Lagoa Tapada (PB),"Moradores em domicílios particulares permanentes ocupados, exclusive os cuja condição no domicílio era pensionista, empregado(a) doméstico(a) ou parente do(a) empregado(a) doméstico(a)",Pessoas,1991,Classes de rendimento nominal mensal domiciliar per capita,Mais de 1/4 a 1/2 salário mínimo
Distribuição por faixas de renda,2022,Município,2514305,São José de Caiana (PB),"Moradores em domicílios particulares permanentes ocupados, exclusive os cuja condição no domicílio era pensionista, empregado(a) doméstico(a) ou parente do(a) empregado(a) doméstico(a)",Pessoas,1459,Classes de rendimento nominal mensal domiciliar per capita,Mais de 1/4 a 1/2 salário mínimo
Distribuição por faixas de renda,2022,Município,2514404,São José de Espinharas (PB),"Moradores em domicílios particulares permanentes ocupados, exclusive os cuja condição no domicílio era pensionista, empregado(a) doméstico(a) ou parente do(a) empregado(a) doméstico(a)",Pessoas,1346,Classes de rendimento nominal mensal domiciliar per capita,Mais de 1/4 a 1/2 salário mínimo
Distribuição por faixas de renda,2022,Município,2514453,São José dos Ramos (PB),"Moradores em domicílios particulares permanentes ocupados, exclusive os cuja condição no domicílio era pensionista, empregado(a) doméstico(a) ou parente do(a) empregado(a) doméstico(a)",Pessoas,1909,Classes de rendimento nominal mensal domiciliar per capita,Mais de 1/4 a 1/2 salário mínimo
Distribuição por faixas de renda,2022,Município,2514503,São José de Piranhas (PB),"Moradores em domicílios particulares permanentes ocupados, exclusive os cuja condição no domicílio era pensionista, empregado(a) doméstico(a) ou parente do(a) empregado(a) doméstico(a)",Pessoas,4742,Classes de rendimento nominal mensal domiciliar per capita,Mais de 1/4 a 1/2 salário mínimo
Distribuição por faixas de renda,2022,Município,2514552,São José de Princesa (PB),"Moradores em domicílios particulares permanentes ocupados, exclusive os cuja condição no domicílio era pensionista, empregado(a) doméstico(a) ou parente do(a) empregado(a) doméstico(a)",Pessoas,926,Classes de rendimento nominal mensal domiciliar per capita,Mais de 1/4 a 1/2 salário mínimo
Distribuição por faixas de renda,2022,Município,2514602,São José do Bonfim (PB),"Moradores em domicílios particulares permanentes ocupados, exclusive os cuja condição no domicílio era pensionista, empregado(a) doméstico(a) ou parente do(a) empregado(a) doméstico(a)",Pessoas,1139,Classes de rendimento nominal mensal domiciliar per capita,Mais de 1/4 a 1/2 salário mínimo
Distribuição por faixas de renda,2022,Município,2514651,São José do Brejo do Cruz (PB),"Moradores em domicílios particulares permanentes ocupados, exclusive os cuja condição no domicílio era pensionista, empregado(a) doméstico(a) ou parente do(a) empregado(a) doméstico(a)",Pessoas,525,Classes de rendimento nominal mensal domiciliar per capita,Mais de 1/4 a 1/2 salário mínimo
Distribuição por faixas de renda,2022,Município,2514701,São José do Sabugi (PB),"Moradores em domicílios particulares permanentes ocupados, exclusive os cuja condição no domicílio era pensionista, empregado(a) doméstico(a) ou parente do(a) empregado(a) doméstico(a)",Pessoas,1391,Classes de rendimento nominal mensal domiciliar per capita,Mais de 1/4 a 1/2 salário mínimo
Distribuição por faixas de renda,2022,Município,2514800,São José dos Cordeiros (PB),"Moradores em domicílios particulares permanentes ocupados, exclusive os cuja condição no domicílio era pensionista, empregado(a) doméstico(a) ou parente do(a) empregado(a) doméstico(a)",Pessoas,1019,Classes de rendimento nominal mensal domiciliar per capita,Mais de 1/4 a 1/2 salário mínimo
Distribuição por faixas de renda,2022,Município,2514909,São Mamede (PB),"Moradores em domicílios particulares permanentes ocupados, exclusive os cuja condição no domicílio era pensionista, empregado(a) doméstico(a) ou parente do(a) empregado(a) doméstico(a)",Pessoas,2165,Classes de rendimento nominal mensal domiciliar per capita,Mais de 1/4 a 1/2 salário mínimo
Distribuição por faixas de renda,2022,Município,2515005,São Miguel de Taipu (PB),"Moradores em domicílios particulares permanentes ocupados, exclusive os cuja condição no domicílio era pensionista, empregado(a) doméstico(a) ou parente do(a) empregado(a) doméstico(a)",Pessoas,2458,Classes de rendimento nominal mensal domiciliar per capita,Mais de 1/4 a 1/2 salário mínimo
Distribuição por faixas de renda,2022,Município,2515104,São Sebastião de Lagoa de Roça (PB),"Moradores em domicílios particulares permanentes ocupados, exclusive os cuja condição no domicílio era pensionista, empregado(a) doméstico(a) ou parente do(a) empregado(a) doméstico(a)",Pessoas,3160,Classes de rendimento nominal mensal domiciliar per capita,Mais de 1/4 a 1/2 salário mínimo
Distribuição por faixas de renda,2022,Município,2515203,São Sebastião do Umbuzeiro (PB),"Moradores em domicílios particulares permanentes ocupados, exclusive os cuja condição no domicílio era pensionista, empregado(a) doméstico(a) ou parente do(a) empregado(a) doméstico(a)",Pessoas,1005,Classes de rendimento nominal mensal domiciliar per capita,Mais de 1/4 a 1/2 salário mínimo
Distribuição por faixas de renda,2022,Município,2515302,Sapé (PB),"Moradores em domicílios particulares permanentes ocupados, exclusive os cuja condição no domicílio era pensionista, empregado(a) doméstico(a) ou parente do(a) empregado(a) doméstico(a)",Pessoas,17043,Classes de rendimento nominal mensal domiciliar per capita,Mais de 1/4 a 1/2 salário mínimo
Distribuição por faixas de renda,2022,Município,2515401,São Vicente do Seridó (PB),"Moradores em domicílios particulares permanentes ocupados, exclusive os cuja condição no domicílio era pensionista, empregado(a) doméstico(a) ou parente do(a) empregado(a) doméstico(a)",Pessoas,3276,Classes de rendimento nominal mensal domiciliar per capita,Mais de 1/4 a 1/2 salário mínimo
Distribuição por faixas de renda,2022,Município,2515500,Serra Branca (PB),"Moradores em domicílios particulares permanentes ocupados, exclusive os cuja condição no domicílio era pensionista, empregado(a) doméstico(a) ou parente do(a) empregado(a) doméstico(a)",Pessoas,3510,Classes de rendimento nominal mensal domiciliar per capita,Mais de 1/4 a 1/2 salário mínimo
Distribuição por faixas de renda,2022,Município,2515609,Serra da Raiz (PB),"Moradores em domicílios particulares permanentes ocupados, exclusive os cuja condição no domicílio era pensionista, empregado(a) doméstico(a) ou parente do(a) empregado(a) doméstico(a)",Pessoas,1059,Classes de rendimento nominal mensal domiciliar per capita,Mais de 1/4 a 1/2 salário mínimo
Distribuição por faixas de renda,2022,Município,2515708,Serra Grande (PB),"Moradores em domicílios particulares permanentes ocupados, exclusive os cuja condição no domicílio era pensionista, empregado(a) doméstico(a) ou parente do(a) empregado(a) doméstico(a)",Pessoas,891,Classes de rendimento nominal mensal domiciliar per capita,Mais de 1/4 a 1/2 salário mínimo
Distribuição por faixas de renda,2022,Município,2515807,Serra Redonda (PB),"Moradores em domicílios particulares permanentes ocupados, exclusive os cuja condição no domicílio era pensionista, empregado(a) doméstico(a) ou parente do(a) empregado(a) doméstico(a)",Pessoas,1943,Classes de rendimento nominal mensal domiciliar per capita,Mais de 1/4 a 1/2 salário mínimo
Distribuição por faixas de renda,2022,Município,2515906,Serraria (PB),"Moradores em domicílios particulares permanentes ocupados, exclusive os cuja condição no domicílio era pensionista, empregado(a) doméstico(a) ou parente do(a) empregado(a) doméstico(a)",Pessoas,1509,Classes de rendimento nominal mensal domiciliar per capita,Mais de 1/4 a 1/2 salário mínimo
Distribuição por faixas de renda,2022,Município,2515930,Sertãozinho (PB),"Moradores em domicílios particulares permanentes ocupados, exclusive os cuja condição no domicílio era pensionista, empregado(a) doméstico(a) ou parente do(a) empregado(a) doméstico(a)",Pessoas,1619,Classes de rendimento nominal mensal domiciliar per capita,Mais de 1/4 a 1/2 salário mínimo
Distribuição por faixas de renda,2022,Município,2515971,Sobrado (PB),"Moradores em domicílios particulares permanentes ocupados, exclusive os cuja condição no domicílio era pensionista, empregado(a) doméstico(a) ou parente do(a) empregado(a) doméstico(a)",Pessoas,2682,Classes de rendimento nominal mensal domiciliar per capita,Mais de 1/4 a 1/2 salário mínimo
Distribuição por faixas de renda,2022,Município,2516003,Solânea (PB),"Moradores em domicílios particulares permanentes ocupados, exclusive os cuja condição no domicílio era pensionista, empregado(a) doméstico(a) ou parente do(a) empregado(a) doméstico(a)",Pessoas,8049,Classes de rendimento nominal mensal domiciliar per capita,Mais de 1/4 a 1/2 salário mínimo
Distribuição por faixas de renda,2022,Município,2516102,Soledade (PB),"Moradores em domicílios particulares permanentes ocupados, exclusive os cuja condição no domicílio era pensionista, empregado(a) doméstico(a) ou parente do(a) empregado(a) doméstico(a)",Pessoas,4241,Classes de rendimento nominal mensal domiciliar per capita,Mais de 1/4 a 1/2 salário mínimo
Distribuição por faixas de renda,2022,Município,2516151,Sossêgo (PB),"Moradores em domicílios particulares permanentes ocupados, exclusive os cuja condição no domicílio era pensionista, empregado(a) doméstico(a) ou parente do(a) empregado(a) doméstico(a)",Pessoas,989,Classes de rendimento nominal mensal domiciliar per capita,Mais de 1/4 a 1/2 salário mínimo
Distribuição por faixas de renda,2022,Município,2516201,Sousa (PB),"Moradores em domicílios particulares permanentes ocupados, exclusive os cuja condição no domicílio era pensionista, empregado(a) doméstico(a) ou parente do(a) empregado(a) doméstico(a)",Pessoas,18680,Classes de rendimento nominal mensal domiciliar per capita,Mais de 1/4 a 1/2 salário mínimo
Distribuição por faixas de renda,2022,Município,2516300,Sumé (PB),"Moradores em domicílios particulares permanentes ocupados, exclusive os cuja condição no domicílio era pensionista, empregado(a) doméstico(a) ou parente do(a) empregado(a) doméstico(a)",Pessoas,5108,Classes de rendimento nominal mensal domiciliar per capita,Mais de 1/4 a 1/2 salário mínimo
Distribuição por faixas de renda,2022,Município,2516409,Tacima (PB),"Moradores em domicílios particulares permanentes ocupados, exclusive os cuja condição no domicílio era pensionista, empregado(a) doméstico(a) ou parente do(a) empregado(a) doméstico(a)",Pessoas,2614,Classes de rendimento nominal mensal domiciliar per capita,Mais de 1/4 a 1/2 salário mínimo
Distribuição por faixas de renda,2022,Município,2516508,Taperoá (PB),"Moradores em domicílios particulares permanentes ocupados, exclusive os cuja condição no domicílio era pensionista, empregado(a) doméstico(a) ou parente do(a) empregado(a) doméstico(a)",Pessoas,3695,Classes de rendimento nominal mensal domiciliar per capita,Mais de 1/4 a 1/2 salário mínimo
Distribuição por faixas de renda,2022,Município,2516607,Tavares (PB),"Moradores em domicílios particulares permanentes ocupados, exclusive os cuja condição no domicílio era pensionista, empregado(a) doméstico(a) ou parente do(a) empregado(a) doméstico(a)",Pessoas,3719,Classes de rendimento nominal mensal domiciliar per capita,Mais de 1/4 a 1/2 salário mínimo
Distribuição por faixas de renda,2022,Município,2516706,Teixeira (PB),"Moradores em domicílios particulares permanentes ocupados, exclusive os cuja condição no domicílio era pensionista, empregado(a) doméstico(a) ou parente do(a) empregado(a) doméstico(a)",Pessoas,3962,Classes de rendimento nominal mensal domiciliar per capita,Mais de 1/4 a 1/2 salário mínimo
Distribuição por faixas de renda,2022,Município,2516755,Tenório (PB),"Moradores em domicílios particulares permanentes ocupados, exclusive os cuja condição no domicílio era pensionista, empregado(a) doméstico(a) ou parente do(a) empregado(a) doméstico(a)",Pessoas,922,Classes de rendimento nominal mensal domiciliar per capita,Mais de 1/4 a 1/2 salário mínimo
Distribuição por faixas de renda,2022,Município,2516805,Triunfo (PB),"Moradores em domicílios particulares permanentes ocupados, exclusive os cuja condição no domicílio era pensionista, empregado(a) doméstico(a) ou parente do(a) empregado(a) doméstico(a)",Pessoas,3010,Classes de rendimento nominal mensal domiciliar per capita,Mais de 1/4 a 1/2 salário mínimo
Distribuição por faixas de renda,2022,Município,2516904,Uiraúna (PB),"Moradores em domicílios particulares permanentes ocupados, exclusive os cuja condição no domicílio era pensionista, empregado(a) doméstico(a) ou parente do(a) empregado(a) doméstico(a)",Pessoas,3487,Classes de rendimento nominal mensal domiciliar per capita,Mais de 1/4 a 1/2 salário mínimo
Distribuição por faixas de renda,2022,Município,2517001,Umbuzeiro (PB),"Moradores em domicílios particulares permanentes ocupados, exclusive os cuja condição no domicílio era pensionista, empregado(a) doméstico(a) ou parente do(a) empregado(a) doméstico(a)",Pessoas,2241,Classes de rendimento nominal mensal domiciliar per capita,Mais de 1/4 a 1/2 salário mínimo
Distribuição por faixas de renda,2022,Município,2517100,Várzea (PB),"Moradores em domicílios particulares permanentes ocupados, exclusive os cuja condição no domicílio era pensionista, empregado(a) doméstico(a) ou parente do(a) empregado(a) doméstico(a)",Pessoas,565,Classes de rendimento nominal mensal domiciliar per capita,Mais de 1/4 a 1/2 salário mínimo
Distribuição por faixas de renda,2022,Município,2517209,Vieirópolis (PB),"Moradores em domicílios particulares permanentes ocupados, exclusive os cuja condição no domicílio era pensionista, empregado(a) doméstico(a) ou parente do(a) empregado(a) doméstico(a)",Pessoas,1559,Classes de rendimento nominal mensal domiciliar per capita,Mais de 1/4 a 1/2 salário mínimo
Distribuição por faixas de renda,2022,Município,2517407,Zabelê (PB),"Moradores em domicílios particulares permanentes ocupados, exclusive os cuja condição no domicílio era pensionista, empregado(a) doméstico(a) ou parente do(a) empregado(a) doméstico(a)",Pessoas,656,Classes de rendimento nominal mensal domiciliar per capita,Mais de 1/4 a 1/2 salário mínimo
Distribuição por faixas de renda,2022,Unidade da Federação,25,Paraíba,"Moradores em domicílios particulares permanentes ocupados, exclusive os cuja condição no domicílio era pensionista, empregado(a) doméstico(a) ou parente do(a) empregado(a) doméstico(a)",Pessoas,1204246,Classes de rendimento nominal mensal domiciliar per capita,Mais de 1/2 a 1 salário mínimo
Distribuição por faixas de renda,2022,Município,2500106,Água Branca (PB),"Moradores em domicílios particulares permanentes ocupados, exclusive os cuja condição no domicílio era pensionista, empregado(a) doméstico(a) ou parente do(a) empregado(a) doméstico(a)",Pessoas,2617,Classes de rendimento nominal mensal domiciliar per capita,Mais de 1/2 a 1 salário mínimo
Distribuição por faixas de renda,2022,Município,2500205,Aguiar (PB),"Moradores em domicílios particulares permanentes ocupados, exclusive os cuja condição no domicílio era pensionista, empregado(a) doméstico(a) ou parente do(a) empregado(a) doméstico(a)",Pessoas,1628,Classes de rendimento nominal mensal domiciliar per capita,Mais de 1/2 a 1 salário mínimo
Distribuição por faixas de renda,2022,Município,2500304,Alagoa Grande (PB),"Moradores em domicílios particulares permanentes ocupados, exclusive os cuja condição no domicílio era pensionista, empregado(a) doméstico(a) ou parente do(a) empregado(a) doméstico(a)",Pessoas,7768,Classes de rendimento nominal mensal domiciliar per capita,Mais de 1/2 a 1 salário mínimo
Distribuição por faixas de renda,2022,Município,2500403,Alagoa Nova (PB),"Moradores em domicílios particulares permanentes ocupados, exclusive os cuja condição no domicílio era pensionista, empregado(a) doméstico(a) ou parente do(a) empregado(a) doméstico(a)",Pessoas,6626,Classes de rendimento nominal mensal domiciliar per capita,Mais de 1/2 a 1 salário mínimo
Distribuição por faixas de renda,2022,Município,2500502,Alagoinha (PB),"Moradores em domicílios particulares permanentes ocupados, exclusive os cuja condição no domicílio era pensionista, empregado(a) doméstico(a) ou parente do(a) empregado(a) doméstico(a)",Pessoas,3900,Classes de rendimento nominal mensal domiciliar per capita,Mais de 1/2 a 1 salário mínimo
Distribuição por faixas de renda,2022,Município,2500536,Alcantil (PB),"Moradores em domicílios particulares permanentes ocupados, exclusive os cuja condição no domicílio era pensionista, empregado(a) doméstico(a) ou parente do(a) empregado(a) doméstico(a)",Pessoas,1921,Classes de rendimento nominal mensal domiciliar per capita,Mais de 1/2 a 1 salário mínimo
Distribuição por faixas de renda,2022,Município,2500577,Algodão de Jandaíra (PB),"Moradores em domicílios particulares permanentes ocupados, exclusive os cuja condição no domicílio era pensionista, empregado(a) doméstico(a) ou parente do(a) empregado(a) doméstico(a)",Pessoas,701,Classes de rendimento nominal mensal domiciliar per capita,Mais de 1/2 a 1 salário mínimo
Distribuição por faixas de renda,2022,Município,2500601,Alhandra (PB),"Moradores em domicílios particulares permanentes ocupados, exclusive os cuja condição no domicílio era pensionista, empregado(a) doméstico(a) ou parente do(a) empregado(a) doméstico(a)",Pessoas,7278,Classes de rendimento nominal mensal domiciliar per capita,Mais de 1/2 a 1 salário mínimo
Distribuição por faixas de renda,2022,Município,2500700,São João do Rio do Peixe (PB),"Moradores em domicílios particulares permanentes ocupados, exclusive os cuja condição no domicílio era pensionista, empregado(a) doméstico(a) ou parente do(a) empregado(a) doméstico(a)",Pessoas,5815,Classes de rendimento nominal mensal domiciliar per capita,Mais de 1/2 a 1 salário mínimo
Distribuição por faixas de renda,2022,Município,2500734,Amparo (PB),"Moradores em domicílios particulares permanentes ocupados, exclusive os cuja condição no domicílio era pensionista, empregado(a) doméstico(a) ou parente do(a) empregado(a) doméstico(a)",Pessoas,641,Classes de rendimento nominal mensal domiciliar per capita,Mais de 1/2 a 1 salário mínimo
Distribuição por faixas de renda,2022,Município,2500775,Aparecida (PB),"Moradores em domicílios particulares permanentes ocupados, exclusive os cuja condição no domicílio era pensionista, empregado(a) doméstico(a) ou parente do(a) empregado(a) doméstico(a)",Pessoas,2686,Classes de rendimento nominal mensal domiciliar per capita,Mais de 1/2 a 1 salário mínimo
Distribuição por faixas de renda,2022,Município,2500809,Araçagi (PB),"Moradores em domicílios particulares permanentes ocupados, exclusive os cuja condição no domicílio era pensionista, empregado(a) doméstico(a) ou parente do(a) empregado(a) doméstico(a)",Pessoas,5278,Classes de rendimento nominal mensal domiciliar per capita,Mais de 1/2 a 1 salário mínimo
Distribuição por faixas de renda,2022,Município,2500908,Arara (PB),"Moradores em domicílios particulares permanentes ocupados, exclusive os cuja condição no domicílio era pensionista, empregado(a) doméstico(a) ou parente do(a) empregado(a) doméstico(a)",Pessoas,4169,Classes de rendimento nominal mensal domiciliar per capita,Mais de 1/2 a 1 salário mínimo
Distribuição por faixas de renda,2022,Município,2501005,Araruna (PB),"Moradores em domicílios particulares permanentes ocupados, exclusive os cuja condição no domicílio era pensionista, empregado(a) doméstico(a) ou parente do(a) empregado(a) doméstico(a)",Pessoas,4712,Classes de rendimento nominal mensal domiciliar per capita,Mais de 1/2 a 1 salário mínimo
Distribuição por faixas de renda,2022,Município,2501104,Areia (PB),"Moradores em domicílios particulares permanentes ocupados, exclusive os cuja condição no domicílio era pensionista, empregado(a) doméstico(a) ou parente do(a) empregado(a) doméstico(a)",Pessoas,6515,Classes de rendimento nominal mensal domiciliar per capita,Mais de 1/2 a 1 salário mínimo
Distribuição por faixas de renda,2022,Município,2501153,Areia de Baraúnas (PB),"Moradores em domicílios particulares permanentes ocupados, exclusive os cuja condição no domicílio era pensionista, empregado(a) doméstico(a) ou parente do(a) empregado(a) doméstico(a)",Pessoas,565,Classes de rendimento nominal mensal domiciliar per capita,Mais de 1/2 a 1 salário mínimo
Distribuição por faixas de renda,2022,Município,2501203,Areial (PB),"Moradores em domicílios particulares permanentes ocupados, exclusive os cuja condição no domicílio era pensionista, empregado(a) doméstico(a) ou parente do(a) empregado(a) doméstico(a)",Pessoas,2062,Classes de rendimento nominal mensal domiciliar per capita,Mais de 1/2 a 1 salário mínimo
Distribuição por faixas de renda,2022,Município,2501302,Aroeiras (PB),"Moradores em domicílios particulares permanentes ocupados, exclusive os cuja condição no domicílio era pensionista, empregado(a) doméstico(a) ou parente do(a) empregado(a) doméstico(a)",Pessoas,5115,Classes de rendimento nominal mensal domiciliar per capita,Mais de 1/2 a 1 salário mínimo
Distribuição por faixas de renda,2022,Município,2501351,Assunção (PB),"Moradores em domicílios particulares permanentes ocupados, exclusive os cuja condição no domicílio era pensionista, empregado(a) doméstico(a) ou parente do(a) empregado(a) doméstico(a)",Pessoas,1241,Classes de rendimento nominal mensal domiciliar per capita,Mais de 1/2 a 1 salário mínimo
Distribuição por faixas de renda,2022,Município,2501401,Baía da Traição (PB),"Moradores em domicílios particulares permanentes ocupados, exclusive os cuja condição no domicílio era pensionista, empregado(a) doméstico(a) ou parente do(a) empregado(a) doméstico(a)",Pessoas,2060,Classes de rendimento nominal mensal domiciliar per capita,Mais de 1/2 a 1 salário mínimo
Distribuição por faixas de renda,2022,Município,2501500,Bananeiras (PB),"Moradores em domicílios particulares permanentes ocupados, exclusive os cuja condição no domicílio era pensionista, empregado(a) doméstico(a) ou parente do(a) empregado(a) doméstico(a)",Pessoas,5856,Classes de rendimento nominal mensal domiciliar per capita,Mais de 1/2 a 1 salário mínimo
Distribuição por faixas de renda,2022,Município,2501534,Baraúna (PB),"Moradores em domicílios particulares permanentes ocupados, exclusive os cuja condição no domicílio era pensionista, empregado(a) doméstico(a) ou parente do(a) empregado(a) doméstico(a)",Pessoas,1318,Classes de rendimento nominal mensal domiciliar per capita,Mais de 1/2 a 1 salário mínimo
Distribuição por faixas de renda,2022,Município,2501575,Barra de Santana (PB),"Moradores em domicílios particulares permanentes ocupados, exclusive os cuja condição no domicílio era pensionista, empregado(a) doméstico(a) ou parente do(a) empregado(a) doméstico(a)",Pessoas,1988,Classes de rendimento nominal mensal domiciliar per capita,Mais de 1/2 a 1 salário mínimo
Distribuição por faixas de renda,2022,Município,2501609,Barra de Santa Rosa (PB),"Moradores em domicílios particulares permanentes ocupados, exclusive os cuja condição no domicílio era pensionista, empregado(a) doméstico(a) ou parente do(a) empregado(a) doméstico(a)",Pessoas,3842,Classes de rendimento nominal mensal domiciliar per capita,Mais de 1/2 a 1 salário mínimo
Distribuição por faixas de renda,2022,Município,2501708,Barra de São Miguel (PB),"Moradores em domicílios particulares permanentes ocupados, exclusive os cuja condição no domicílio era pensionista, empregado(a) doméstico(a) ou parente do(a) empregado(a) doméstico(a)",Pessoas,1989,Classes de rendimento nominal mensal domiciliar per capita,Mais de 1/2 a 1 salário mínimo
Distribuição por faixas de renda,2022,Município,2501807,Bayeux (PB),"Moradores em domicílios particulares permanentes ocupados, exclusive os cuja condição no domicílio era pensionista, empregado(a) doméstico(a) ou parente do(a) empregado(a) doméstico(a)",Pessoas,28930,Classes de rendimento nominal mensal domiciliar per capita,Mais de 1/2 a 1 salário mínimo
Distribuição por faixas de renda,2022,Município,2501906,Belém (PB),"Moradores em domicílios particulares permanentes ocupados, exclusive os cuja condição no domicílio era pensionista, empregado(a) doméstico(a) ou parente do(a) empregado(a) doméstico(a)",Pessoas,4632,Classes de rendimento nominal mensal domiciliar per capita,Mais de 1/2 a 1 salário mínimo
Distribuição por faixas de renda,2022,Município,2502003,Belém do Brejo do Cruz (PB),"Moradores em domicílios particulares permanentes ocupados, exclusive os cuja condição no domicílio era pensionista, empregado(a) doméstico(a) ou parente do(a) empregado(a) doméstico(a)",Pessoas,2304,Classes de rendimento nominal mensal domiciliar per capita,Mais de 1/2 a 1 salário mínimo
Distribuição por faixas de renda,2022,Município,2502052,Bernardino Batista (PB),"Moradores em domicílios particulares permanentes ocupados, exclusive os cuja condição no domicílio era pensionista, empregado(a) doméstico(a) ou parente do(a) empregado(a) doméstico(a)",Pessoas,1001,Classes de rendimento nominal mensal domiciliar per capita,Mais de 1/2 a 1 salário mínimo
Distribuição por faixas de renda,2022,Município,2502102,Boa Ventura (PB),"Moradores em domicílios particulares permanentes ocupados, exclusive os cuja condição no domicílio era pensionista, empregado(a) doméstico(a) ou parente do(a) empregado(a) doméstico(a)",Pessoas,1609,Classes de rendimento nominal mensal domiciliar per capita,Mais de 1/2 a 1 salário mínimo
Distribuição por faixas de renda,2022,Município,2502151,Boa Vista (PB),"Moradores em domicílios particulares permanentes ocupados, exclusive os cuja condição no domicílio era pensionista, empregado(a) doméstico(a) ou parente do(a) empregado(a) doméstico(a)",Pessoas,2525,Classes de rendimento nominal mensal domiciliar per capita,Mais de 1/2 a 1 salário mínimo
Distribuição por faixas de renda,2022,Município,2502201,Bom Jesus (PB),"Moradores em domicílios particulares permanentes ocupados, exclusive os cuja condição no domicílio era pensionista, empregado(a) doméstico(a) ou parente do(a) empregado(a) doméstico(a)",Pessoas,821,Classes de rendimento nominal mensal domiciliar per capita,Mais de 1/2 a 1 salário mínimo
Distribuição por faixas de renda,2022,Município,2502300,Bom Sucesso (PB),"Moradores em domicílios particulares permanentes ocupados, exclusive os cuja condição no domicílio era pensionista, empregado(a) doméstico(a) ou parente do(a) empregado(a) doméstico(a)",Pessoas,1825,Classes de rendimento nominal mensal domiciliar per capita,Mais de 1/2 a 1 salário mínimo
Distribuição por faixas de renda,2022,Município,2502409,Bonito de Santa Fé (PB),"Moradores em domicílios particulares permanentes ocupados, exclusive os cuja condição no domicílio era pensionista, empregado(a) doméstico(a) ou parente do(a) empregado(a) doméstico(a)",Pessoas,2436,Classes de rendimento nominal mensal domiciliar per capita,Mais de 1/2 a 1 salário mínimo
Distribuição por faixas de renda,2022,Município,2502508,Boqueirão (PB),"Moradores em domicílios particulares permanentes ocupados, exclusive os cuja condição no domicílio era pensionista, empregado(a) doméstico(a) ou parente do(a) empregado(a) doméstico(a)",Pessoas,5496,Classes de rendimento nominal mensal domiciliar per capita,Mais de 1/2 a 1 salário mínimo
Distribuição por faixas de renda,2022,Município,2502607,Igaracy (PB),"Moradores em domicílios particulares permanentes ocupados, exclusive os cuja condição no domicílio era pensionista, empregado(a) doméstico(a) ou parente do(a) empregado(a) doméstico(a)",Pessoas,1682,Classes de rendimento nominal mensal domiciliar per capita,Mais de 1/2 a 1 salário mínimo
Distribuição por faixas de renda,2022,Município,2502706,Borborema (PB),"Moradores em domicílios particulares permanentes ocupados, exclusive os cuja condição no domicílio era pensionista, empregado(a) doméstico(a) ou parente do(a) empregado(a) doméstico(a)",Pessoas,1100,Classes de rendimento nominal mensal domiciliar per capita,Mais de 1/2 a 1 salário mínimo
Distribuição por faixas de renda,2022,Município,2502805,Brejo do Cruz (PB),"Moradores em domicílios particulares permanentes ocupados, exclusive os cuja condição no domicílio era pensionista, empregado(a) doméstico(a) ou parente do(a) empregado(a) doméstico(a)",Pessoas,4260,Classes de rendimento nominal mensal domiciliar per capita,Mais de 1/2 a 1 salário mínimo
Distribuição por faixas de renda,2022,Município,2502904,Brejo dos Santos (PB),"Moradores em domicílios particulares permanentes ocupados, exclusive os cuja condição no domicílio era pensionista, empregado(a) doméstico(a) ou parente do(a) empregado(a) doméstico(a)",Pessoas,2091,Classes de rendimento nominal mensal domiciliar per capita,Mais de 1/2 a 1 salário mínimo
Distribuição por faixas de renda,2022,Município,2503001,Caaporã (PB),"Moradores em domicílios particulares permanentes ocupados, exclusive os cuja condição no domicílio era pensionista, empregado(a) doméstico(a) ou parente do(a) empregado(a) doméstico(a)",Pessoas,6670,Classes de rendimento nominal mensal domiciliar per capita,Mais de 1/2 a 1 salário mínimo
Distribuição por faixas de renda,2022,Município,2503100,Cabaceiras (PB),"Moradores em domicílios particulares permanentes ocupados, exclusive os cuja condição no domicílio era pensionista, empregado(a) doméstico(a) ou parente do(a) empregado(a) doméstico(a)",Pessoas,1900,Classes de rendimento nominal mensal domiciliar per capita,Mais de 1/2 a 1 salário mínimo
Distribuição por faixas de renda,2022,Município,2503209,Cabedelo (PB),"Moradores em domicílios particulares permanentes ocupados, exclusive os cuja condição no domicílio era pensionista, empregado(a) doméstico(a) ou parente do(a) empregado(a) doméstico(a)",Pessoas,17871,Classes de rendimento nominal mensal domiciliar per capita,Mais de 1/2 a 1 salário mínimo
Distribuição por faixas de renda,2022,Município,2503308,Cachoeira dos Índios (PB),"Moradores em domicílios particulares permanentes ocupados, exclusive os cuja condição no domicílio era pensionista, empregado(a) doméstico(a) ou parente do(a) empregado(a) doméstico(a)",Pessoas,3135,Classes de rendimento nominal mensal domiciliar per capita,Mais de 1/2 a 1 salário mínimo
Distribuição por faixas de renda,2022,Município,2503407,Cacimba de Areia (PB),"Moradores em domicílios particulares permanentes ocupados, exclusive os cuja condição no domicílio era pensionista, empregado(a) doméstico(a) ou parente do(a) empregado(a) doméstico(a)",Pessoas,958,Classes de rendimento nominal mensal domiciliar per capita,Mais de 1/2 a 1 salário mínimo
Distribuição por faixas de renda,2022,Município,2503506,Cacimba de Dentro (PB),"Moradores em domicílios particulares permanentes ocupados, exclusive os cuja condição no domicílio era pensionista, empregado(a) doméstico(a) ou parente do(a) empregado(a) doméstico(a)",Pessoas,4005,Classes de rendimento nominal mensal domiciliar per capita,Mais de 1/2 a 1 salário mínimo
Distribuição por faixas de renda,2022,Município,2503555,Cacimbas (PB),"Moradores em domicílios particulares permanentes ocupados, exclusive os cuja condição no domicílio era pensionista, empregado(a) doméstico(a) ou parente do(a) empregado(a) doméstico(a)",Pessoas,1612,Classes de rendimento nominal mensal domiciliar per capita,Mais de 1/2 a 1 salário mínimo
Distribuição por faixas de renda,2022,Município,2503605,Caiçara (PB),"Moradores em domicílios particulares permanentes ocupados, exclusive os cuja condição no domicílio era pensionista, empregado(a) doméstico(a) ou parente do(a) empregado(a) doméstico(a)",Pessoas,1631,Classes de rendimento nominal mensal domiciliar per capita,Mais de 1/2 a 1 salário mínimo
Distribuição por faixas de renda,2022,Município,2503704,Cajazeiras (PB),"Moradores em domicílios particulares permanentes ocupados, exclusive os cuja condição no domicílio era pensionista, empregado(a) doméstico(a) ou parente do(a) empregado(a) doméstico(a)",Pessoas,21840,Classes de rendimento nominal mensal domiciliar per capita,Mais de 1/2 a 1 salário mínimo
Distribuição por faixas de renda,2022,Município,2503753,Cajazeirinhas (PB),"Moradores em domicílios particulares permanentes ocupados, exclusive os cuja condição no domicílio era pensionista, empregado(a) doméstico(a) ou parente do(a) empregado(a) doméstico(a)",Pessoas,782,Classes de rendimento nominal mensal domiciliar per capita,Mais de 1/2 a 1 salário mínimo
Distribuição por faixas de renda,2022,Município,2503803,Caldas Brandão (PB),"Moradores em domicílios particulares permanentes ocupados, exclusive os cuja condição no domicílio era pensionista, empregado(a) doméstico(a) ou parente do(a) empregado(a) doméstico(a)",Pessoas,1795,Classes de rendimento nominal mensal domiciliar per capita,Mais de 1/2 a 1 salário mínimo
Distribuição por faixas de renda,2022,Município,2503902,Camalaú (PB),"Moradores em domicílios particulares permanentes ocupados, exclusive os cuja condição no domicílio era pensionista, empregado(a) doméstico(a) ou parente do(a) empregado(a) doméstico(a)",Pessoas,1760,Classes de rendimento nominal mensal domiciliar per capita,Mais de 1/2 a 1 salário mínimo
Distribuição por faixas de renda,2022,Município,2504009,Campina Grande (PB),"Moradores em domicílios particulares permanentes ocupados, exclusive os cuja condição no domicílio era pensionista, empregado(a) doméstico(a) ou parente do(a) empregado(a) doméstico(a)",Pessoas,126634,Classes de rendimento nominal mensal domiciliar per capita,Mais de 1/2 a 1 salário mínimo
Distribuição por faixas de renda,2022,Município,2504033,Capim (PB),"Moradores em domicílios particulares permanentes ocupados, exclusive os cuja condição no domicílio era pensionista, empregado(a) doméstico(a) ou parente do(a) empregado(a) doméstico(a)",Pessoas,1838,Classes de rendimento nominal mensal domiciliar per capita,Mais de 1/2 a 1 salário mínimo
Distribuição por faixas de renda,2022,Município,2504074,Caraúbas (PB),"Moradores em domicílios particulares permanentes ocupados, exclusive os cuja condição no domicílio era pensionista, empregado(a) doméstico(a) ou parente do(a) empregado(a) doméstico(a)",Pessoas,1501,Classes de rendimento nominal mensal domiciliar per capita,Mais de 1/2 a 1 salário mínimo
Distribuição por faixas de renda,2022,Município,2504108,Carrapateira (PB),"Moradores em domicílios particulares permanentes ocupados, exclusive os cuja condição no domicílio era pensionista, empregado(a) doméstico(a) ou parente do(a) empregado(a) doméstico(a)",Pessoas,680,Classes de rendimento nominal mensal domiciliar per capita,Mais de 1/2 a 1 salário mínimo
Distribuição por faixas de renda,2022,Município,2504157,Casserengue (PB),"Moradores em domicílios particulares permanentes ocupados, exclusive os cuja condição no domicílio era pensionista, empregado(a) doméstico(a) ou parente do(a) empregado(a) doméstico(a)",Pessoas,1811,Classes de rendimento nominal mensal domiciliar per capita,Mais de 1/2 a 1 salário mínimo
Distribuição por faixas de renda,2022,Município,2504207,Catingueira (PB),"Moradores em domicílios particulares permanentes ocupados, exclusive os cuja condição no domicílio era pensionista, empregado(a) doméstico(a) ou parente do(a) empregado(a) doméstico(a)",Pessoas,1383,Classes de rendimento nominal mensal domiciliar per capita,Mais de 1/2 a 1 salário mínimo
Distribuição por faixas de renda,2022,Município,2504306,Catolé do Rocha (PB),"Moradores em domicílios particulares permanentes ocupados, exclusive os cuja condição no domicílio era pensionista, empregado(a) doméstico(a) ou parente do(a) empregado(a) doméstico(a)",Pessoas,12239,Classes de rendimento nominal mensal domiciliar per capita,Mais de 1/2 a 1 salário mínimo
Distribuição por faixas de renda,2022,Município,2504355,Caturité (PB),"Moradores em domicílios particulares permanentes ocupados, exclusive os cuja condição no domicílio era pensionista, empregado(a) doméstico(a) ou parente do(a) empregado(a) doméstico(a)",Pessoas,1490,Classes de rendimento nominal mensal domiciliar per capita,Mais de 1/2 a 1 salário mínimo
Distribuição por faixas de renda,2022,Município,2504405,Conceição (PB),"Moradores em domicílios particulares permanentes ocupados, exclusive os cuja condição no domicílio era pensionista, empregado(a) doméstico(a) ou parente do(a) empregado(a) doméstico(a)",Pessoas,5118,Classes de rendimento nominal mensal domiciliar per capita,Mais de 1/2 a 1 salário mínimo
Distribuição por faixas de renda,2022,Município,2504504,Condado (PB),"Moradores em domicílios particulares permanentes ocupados, exclusive os cuja condição no domicílio era pensionista, empregado(a) doméstico(a) ou parente do(a) empregado(a) doméstico(a)",Pessoas,2102,Classes de rendimento nominal mensal domiciliar per capita,Mais de 1/2 a 1 salário mínimo
Distribuição por faixas de renda,2022,Município,2504603,Conde (PB),"Moradores em domicílios particulares permanentes ocupados, exclusive os cuja condição no domicílio era pensionista, empregado(a) doméstico(a) ou parente do(a) empregado(a) doméstico(a)",Pessoas,8123,Classes de rendimento nominal mensal domiciliar per capita,Mais de 1/2 a 1 salário mínimo
Distribuição por faixas de renda,2022,Município,2504702,Congo (PB),"Moradores em domicílios particulares permanentes ocupados, exclusive os cuja condição no domicílio era pensionista, empregado(a) doméstico(a) ou parente do(a) empregado(a) doméstico(a)",Pessoas,1734,Classes de rendimento nominal mensal domiciliar per capita,Mais de 1/2 a 1 salário mínimo
Distribuição por faixas de renda,2022,Município,2504801,Coremas (PB),"Moradores em domicílios particulares permanentes ocupados, exclusive os cuja condição no domicílio era pensionista, empregado(a) doméstico(a) ou parente do(a) empregado(a) doméstico(a)",Pessoas,4294,Classes de rendimento nominal mensal domiciliar per capita,Mais de 1/2 a 1 salário mínimo
Distribuição por faixas de renda,2022,Município,2504850,Coxixola (PB),"Moradores em domicílios particulares permanentes ocupados, exclusive os cuja condição no domicílio era pensionista, empregado(a) doméstico(a) ou parente do(a) empregado(a) doméstico(a)",Pessoas,664,Classes de rendimento nominal mensal domiciliar per capita,Mais de 1/2 a 1 salário mínimo
Distribuição por faixas de renda,2022,Município,2504900,Cruz do Espírito Santo (PB),"Moradores em domicílios particulares permanentes ocupados, exclusive os cuja condição no domicílio era pensionista, empregado(a) doméstico(a) ou parente do(a) empregado(a) doméstico(a)",Pessoas,5772,Classes de rendimento nominal mensal domiciliar per capita,Mais de 1/2 a 1 salário mínimo
Distribuição por faixas de renda,2022,Município,2505006,Cubati (PB),"Moradores em domicílios particulares permanentes ocupados, exclusive os cuja condição no domicílio era pensionista, empregado(a) doméstico(a) ou parente do(a) empregado(a) doméstico(a)",Pessoas,2274,Classes de rendimento nominal mensal domiciliar per capita,Mais de 1/2 a 1 salário mínimo
Distribuição por faixas de renda,2022,Município,2505105,Cuité (PB),"Moradores em domicílios particulares permanentes ocupados, exclusive os cuja condição no domicílio era pensionista, empregado(a) doméstico(a) ou parente do(a) empregado(a) doméstico(a)",Pessoas,5991,Classes de rendimento nominal mensal domiciliar per capita,Mais de 1/2 a 1 salário mínimo
Distribuição por faixas de renda,2022,Município,2505204,Cuitegi (PB),"Moradores em domicílios particulares permanentes ocupados, exclusive os cuja condição no domicílio era pensionista, empregado(a) doméstico(a) ou parente do(a) empregado(a) doméstico(a)",Pessoas,1833,Classes de rendimento nominal mensal domiciliar per capita,Mais de 1/2 a 1 salário mínimo
Distribuição por faixas de renda,2022,Município,2505238,Cuité de Mamanguape (PB),"Moradores em domicílios particulares permanentes ocupados, exclusive os cuja condição no domicílio era pensionista, empregado(a) doméstico(a) ou parente do(a) empregado(a) doméstico(a)",Pessoas,1748,Classes de rendimento nominal mensal domiciliar per capita,Mais de 1/2 a 1 salário mínimo
Distribuição por faixas de renda,2022,Município,2505279,Curral de Cima (PB),"Moradores em domicílios particulares permanentes ocupados, exclusive os cuja condição no domicílio era pensionista, empregado(a) doméstico(a) ou parente do(a) empregado(a) doméstico(a)",Pessoas,1461,Classes de rendimento nominal mensal domiciliar per capita,Mais de 1/2 a 1 salário mínimo
Distribuição por faixas de renda,2022,Município,2505303,Curral Velho (PB),"Moradores em domicílios particulares permanentes ocupados, exclusive os cuja condição no domicílio era pensionista, empregado(a) doméstico(a) ou parente do(a) empregado(a) doméstico(a)",Pessoas,775,Classes de rendimento nominal mensal domiciliar per capita,Mais de 1/2 a 1 salário mínimo
Distribuição por faixas de renda,2022,Município,2505352,Damião (PB),"Moradores em domicílios particulares permanentes ocupados, exclusive os cuja condição no domicílio era pensionista, empregado(a) doméstico(a) ou parente do(a) empregado(a) doméstico(a)",Pessoas,1307,Classes de rendimento nominal mensal domiciliar per capita,Mais de 1/2 a 1 salário mínimo
Distribuição por faixas de renda,2022,Município,2505402,Desterro (PB),"Moradores em domicílios particulares permanentes ocupados, exclusive os cuja condição no domicílio era pensionista, empregado(a) doméstico(a) ou parente do(a) empregado(a) doméstico(a)",Pessoas,2395,Classes de rendimento nominal mensal domiciliar per capita,Mais de 1/2 a 1 salário mínimo
Distribuição por faixas de renda,2022,Município,2505501,Vista Serrana (PB),"Moradores em domicílios particulares permanentes ocupados, exclusive os cuja condição no domicílio era pensionista, empregado(a) doméstico(a) ou parente do(a) empregado(a) doméstico(a)",Pessoas,1085,Classes de rendimento nominal mensal domiciliar per capita,Mais de 1/2 a 1 salário mínimo
Distribuição por faixas de renda,2022,Município,2505600,Diamante (PB),"Moradores em domicílios particulares permanentes ocupados, exclusive os cuja condição no domicílio era pensionista, empregado(a) doméstico(a) ou parente do(a) empregado(a) doméstico(a)",Pessoas,1701,Classes de rendimento nominal mensal domiciliar per capita,Mais de 1/2 a 1 salário mínimo
Distribuição por faixas de renda,2022,Município,2505709,Dona Inês (PB),"Moradores em domicílios particulares permanentes ocupados, exclusive os cuja condição no domicílio era pensionista, empregado(a) doméstico(a) ou parente do(a) empregado(a) doméstico(a)",Pessoas,2504,Classes de rendimento nominal mensal domiciliar per capita,Mais de 1/2 a 1 salário mínimo
Distribuição por faixas de renda,2022,Município,2505808,Duas Estradas (PB),"Moradores em domicílios particulares permanentes ocupados, exclusive os cuja condição no domicílio era pensionista, empregado(a) doméstico(a) ou parente do(a) empregado(a) doméstico(a)",Pessoas,903,Classes de rendimento nominal mensal domiciliar per capita,Mais de 1/2 a 1 salário mínimo
Distribuição por faixas de renda,2022,Município,2505907,Emas (PB),"Moradores em domicílios particulares permanentes ocupados, exclusive os cuja condição no domicílio era pensionista, empregado(a) doméstico(a) ou parente do(a) empregado(a) doméstico(a)",Pessoas,1103,Classes de rendimento nominal mensal domiciliar per capita,Mais de 1/2 a 1 salário mínimo
Distribuição por faixas de renda,2022,Município,2506004,Esperança (PB),"Moradores em domicílios particulares permanentes ocupados, exclusive os cuja condição no domicílio era pensionista, empregado(a) doméstico(a) ou parente do(a) empregado(a) doméstico(a)",Pessoas,9237,Classes de rendimento nominal mensal domiciliar per capita,Mais de 1/2 a 1 salário mínimo
Distribuição por faixas de renda,2022,Município,2506103,Fagundes (PB),"Moradores em domicílios particulares permanentes ocupados, exclusive os cuja condição no domicílio era pensionista, empregado(a) doméstico(a) ou parente do(a) empregado(a) doméstico(a)",Pessoas,2876,Classes de rendimento nominal mensal domiciliar per capita,Mais de 1/2 a 1 salário mínimo
Distribuição por faixas de renda,2022,Município,2506202,Frei Martinho (PB),"Moradores em domicílios particulares permanentes ocupados, exclusive os cuja condição no domicílio era pensionista, empregado(a) doméstico(a) ou parente do(a) empregado(a) doméstico(a)",Pessoas,1210,Classes de rendimento nominal mensal domiciliar per capita,Mais de 1/2 a 1 salário mínimo
Distribuição por faixas de renda,2022,Município,2506251,Gado Bravo (PB),"Moradores em domicílios particulares permanentes ocupados, exclusive os cuja condição no domicílio era pensionista, empregado(a) doméstico(a) ou parente do(a) empregado(a) doméstico(a)",Pessoas,2273,Classes de rendimento nominal mensal domiciliar per capita,Mais de 1/2 a 1 salário mínimo
Distribuição por faixas de renda,2022,Município,2506301,Guarabira (PB),"Moradores em domicílios particulares permanentes ocupados, exclusive os cuja condição no domicílio era pensionista, empregado(a) doméstico(a) ou parente do(a) empregado(a) doméstico(a)",Pessoas,18532,Classes de rendimento nominal mensal domiciliar per capita,Mais de 1/2 a 1 salário mínimo
Distribuição por faixas de renda,2022,Município,2506400,Gurinhém (PB),"Moradores em domicílios particulares permanentes ocupados, exclusive os cuja condição no domicílio era pensionista, empregado(a) doméstico(a) ou parente do(a) empregado(a) doméstico(a)",Pessoas,4144,Classes de rendimento nominal mensal domiciliar per capita,Mais de 1/2 a 1 salário mínimo
Distribuição por faixas de renda,2022,Município,2506509,Gurjão (PB),"Moradores em domicílios particulares permanentes ocupados, exclusive os cuja condição no domicílio era pensionista, empregado(a) doméstico(a) ou parente do(a) empregado(a) doméstico(a)",Pessoas,1212,Classes de rendimento nominal mensal domiciliar per capita,Mais de 1/2 a 1 salário mínimo
Distribuição por faixas de renda,2022,Município,2506608,Ibiara (PB),"Moradores em domicílios particulares permanentes ocupados, exclusive os cuja condição no domicílio era pensionista, empregado(a) doméstico(a) ou parente do(a) empregado(a) doméstico(a)",Pessoas,1577,Classes de rendimento nominal mensal domiciliar per capita,Mais de 1/2 a 1 salário mínimo
Distribuição por faixas de renda,2022,Município,2506707,Imaculada (PB),"Moradores em domicílios particulares permanentes ocupados, exclusive os cuja condição no domicílio era pensionista, empregado(a) doméstico(a) ou parente do(a) empregado(a) doméstico(a)",Pessoas,2812,Classes de rendimento nominal mensal domiciliar per capita,Mais de 1/2 a 1 salário mínimo
Distribuição por faixas de renda,2022,Município,2506806,Ingá (PB),"Moradores em domicílios particulares permanentes ocupados, exclusive os cuja condição no domicílio era pensionista, empregado(a) doméstico(a) ou parente do(a) empregado(a) doméstico(a)",Pessoas,6365,Classes de rendimento nominal mensal domiciliar per capita,Mais de 1/2 a 1 salário mínimo
Distribuição por faixas de renda,2022,Município,2506905,Itabaiana (PB),"Moradores em domicílios particulares permanentes ocupados, exclusive os cuja condição no domicílio era pensionista, empregado(a) doméstico(a) ou parente do(a) empregado(a) doméstico(a)",Pessoas,7423,Classes de rendimento nominal mensal domiciliar per capita,Mais de 1/2 a 1 salário mínimo
Distribuição por faixas de renda,2022,Município,2507002,Itaporanga (PB),"Moradores em domicílios particulares permanentes ocupados, exclusive os cuja condição no domicílio era pensionista, empregado(a) doméstico(a) ou parente do(a) empregado(a) doméstico(a)",Pessoas,8454,Classes de rendimento nominal mensal domiciliar per capita,Mais de 1/2 a 1 salário mínimo
Distribuição por faixas de renda,2022,Município,2507101,Itapororoca (PB),"Moradores em domicílios particulares permanentes ocupados, exclusive os cuja condição no domicílio era pensionista, empregado(a) doméstico(a) ou parente do(a) empregado(a) doméstico(a)",Pessoas,4810,Classes de rendimento nominal mensal domiciliar per capita,Mais de 1/2 a 1 salário mínimo
Distribuição por faixas de renda,2022,Município,2507200,Itatuba (PB),"Moradores em domicílios particulares permanentes ocupados, exclusive os cuja condição no domicílio era pensionista, empregado(a) doméstico(a) ou parente do(a) empregado(a) doméstico(a)",Pessoas,3070,Classes de rendimento nominal mensal domiciliar per capita,Mais de 1/2 a 1 salário mínimo
Distribuição por faixas de renda,2022,Município,2507309,Jacaraú (PB),"Moradores em domicílios particulares permanentes ocupados, exclusive os cuja condição no domicílio era pensionista, empregado(a) doméstico(a) ou parente do(a) empregado(a) doméstico(a)",Pessoas,4023,Classes de rendimento nominal mensal domiciliar per capita,Mais de 1/2 a 1 salário mínimo
Distribuição por faixas de renda,2022,Município,2507408,Jericó (PB),"Moradores em domicílios particulares permanentes ocupados, exclusive os cuja condição no domicílio era pensionista, empregado(a) doméstico(a) ou parente do(a) empregado(a) doméstico(a)",Pessoas,2665,Classes de rendimento nominal mensal domiciliar per capita,Mais de 1/2 a 1 salário mínimo
Distribuição por faixas de renda,2022,Município,2507507,João Pessoa (PB),"Moradores em domicílios particulares permanentes ocupados, exclusive os cuja condição no domicílio era pensionista, empregado(a) doméstico(a) ou parente do(a) empregado(a) doméstico(a)",Pessoas,229038,Classes de rendimento nominal mensal domiciliar per capita,Mais de 1/2 a 1 salário mínimo
Distribuição por faixas de renda,2022,Município,2507606,Juarez Távora (PB),"Moradores em domicílios particulares permanentes ocupados, exclusive os cuja condição no domicílio era pensionista, empregado(a) doméstico(a) ou parente do(a) empregado(a) doméstico(a)",Pessoas,2826,Classes de rendimento nominal mensal domiciliar per capita,Mais de 1/2 a 1 salário mínimo
Distribuição por faixas de renda,2022,Município,2507705,Juazeirinho (PB),"Moradores em domicílios particulares permanentes ocupados, exclusive os cuja condição no domicílio era pensionista, empregado(a) doméstico(a) ou parente do(a) empregado(a) doméstico(a)",Pessoas,4050,Classes de rendimento nominal mensal domiciliar per capita,Mais de 1/2 a 1 salário mínimo
Distribuição por faixas de renda,2022,Município,2507804,Junco do Seridó (PB),"Moradores em domicílios particulares permanentes ocupados, exclusive os cuja condição no domicílio era pensionista, empregado(a) doméstico(a) ou parente do(a) empregado(a) doméstico(a)",Pessoas,2512,Classes de rendimento nominal mensal domiciliar per capita,Mais de 1/2 a 1 salário mínimo
Distribuição por faixas de renda,2022,Município,2507903,Juripiranga (PB),"Moradores em domicílios particulares permanentes ocupados, exclusive os cuja condição no domicílio era pensionista, empregado(a) doméstico(a) ou parente do(a) empregado(a) doméstico(a)",Pessoas,2905,Classes de rendimento nominal mensal domiciliar per capita,Mais de 1/2 a 1 salário mínimo
Distribuição por faixas de renda,2022,Município,2508000,Juru (PB),"Moradores em domicílios particulares permanentes ocupados, exclusive os cuja condição no domicílio era pensionista, empregado(a) doméstico(a) ou parente do(a) empregado(a) doméstico(a)",Pessoas,2451,Classes de rendimento nominal mensal domiciliar per capita,Mais de 1/2 a 1 salário mínimo
Distribuição por faixas de renda,2022,Município,2508109,Lagoa (PB),"Moradores em domicílios particulares permanentes ocupados, exclusive os cuja condição no domicílio era pensionista, empregado(a) doméstico(a) ou parente do(a) empregado(a) doméstico(a)",Pessoas,1303,Classes de rendimento nominal mensal domiciliar per capita,Mais de 1/2 a 1 salário mínimo
Distribuição por faixas de renda,2022,Município,2508208,Lagoa de Dentro (PB),"Moradores em domicílios particulares permanentes ocupados, exclusive os cuja condição no domicílio era pensionista, empregado(a) doméstico(a) ou parente do(a) empregado(a) doméstico(a)",Pessoas,2377,Classes de rendimento nominal mensal domiciliar per capita,Mais de 1/2 a 1 salário mínimo
Distribuição por faixas de renda,2022,Município,2508307,Lagoa Seca (PB),"Moradores em domicílios particulares permanentes ocupados, exclusive os cuja condição no domicílio era pensionista, empregado(a) doméstico(a) ou parente do(a) empregado(a) doméstico(a)",Pessoas,8856,Classes de rendimento nominal mensal domiciliar per capita,Mais de 1/2 a 1 salário mínimo
Distribuição por faixas de renda,2022,Município,2508406,Lastro (PB),"Moradores em domicílios particulares permanentes ocupados, exclusive os cuja condição no domicílio era pensionista, empregado(a) doméstico(a) ou parente do(a) empregado(a) doméstico(a)",Pessoas,997,Classes de rendimento nominal mensal domiciliar per capita,Mais de 1/2 a 1 salário mínimo
Distribuição por faixas de renda,2022,Município,2508505,Livramento (PB),"Moradores em domicílios particulares permanentes ocupados, exclusive os cuja condição no domicílio era pensionista, empregado(a) doméstico(a) ou parente do(a) empregado(a) doméstico(a)",Pessoas,1984,Classes de rendimento nominal mensal domiciliar per capita,Mais de 1/2 a 1 salário mínimo
Distribuição por faixas de renda,2022,Município,2508554,Logradouro (PB),"Moradores em domicílios particulares permanentes ocupados, exclusive os cuja condição no domicílio era pensionista, empregado(a) doméstico(a) ou parente do(a) empregado(a) doméstico(a)",Pessoas,1429,Classes de rendimento nominal mensal domiciliar per capita,Mais de 1/2 a 1 salário mínimo
Distribuição por faixas de renda,2022,Município,2508604,Lucena (PB),"Moradores em domicílios particulares permanentes ocupados, exclusive os cuja condição no domicílio era pensionista, empregado(a) doméstico(a) ou parente do(a) empregado(a) doméstico(a)",Pessoas,3857,Classes de rendimento nominal mensal domiciliar per capita,Mais de 1/2 a 1 salário mínimo
Distribuição por faixas de renda,2022,Município,2508703,Mãe d'Água (PB),"Moradores em domicílios particulares permanentes ocupados, exclusive os cuja condição no domicílio era pensionista, empregado(a) doméstico(a) ou parente do(a) empregado(a) doméstico(a)",Pessoas,982,Classes de rendimento nominal mensal domiciliar per capita,Mais de 1/2 a 1 salário mínimo
Distribuição por faixas de renda,2022,Município,2508802,Malta (PB),"Moradores em domicílios particulares permanentes ocupados, exclusive os cuja condição no domicílio era pensionista, empregado(a) doméstico(a) ou parente do(a) empregado(a) doméstico(a)",Pessoas,2250,Classes de rendimento nominal mensal domiciliar per capita,Mais de 1/2 a 1 salário mínimo
Distribuição por faixas de renda,2022,Município,2508901,Mamanguape (PB),"Moradores em domicílios particulares permanentes ocupados, exclusive os cuja condição no domicílio era pensionista, empregado(a) doméstico(a) ou parente do(a) empregado(a) doméstico(a)",Pessoas,13965,Classes de rendimento nominal mensal domiciliar per capita,Mais de 1/2 a 1 salário mínimo
Distribuição por faixas de renda,2022,Município,2509008,Manaíra (PB),"Moradores em domicílios particulares permanentes ocupados, exclusive os cuja condição no domicílio era pensionista, empregado(a) doméstico(a) ou parente do(a) empregado(a) doméstico(a)",Pessoas,2615,Classes de rendimento nominal mensal domiciliar per capita,Mais de 1/2 a 1 salário mínimo
Distribuição por faixas de renda,2022,Município,2509057,Marcação (PB),"Moradores em domicílios particulares permanentes ocupados, exclusive os cuja condição no domicílio era pensionista, empregado(a) doméstico(a) ou parente do(a) empregado(a) doméstico(a)",Pessoas,2285,Classes de rendimento nominal mensal domiciliar per capita,Mais de 1/2 a 1 salário mínimo
Distribuição por faixas de renda,2022,Município,2509107,Mari (PB),"Moradores em domicílios particulares permanentes ocupados, exclusive os cuja condição no domicílio era pensionista, empregado(a) doméstico(a) ou parente do(a) empregado(a) doméstico(a)",Pessoas,6949,Classes de rendimento nominal mensal domiciliar per capita,Mais de 1/2 a 1 salário mínimo
Distribuição por faixas de renda,2022,Município,2509156,Marizópolis (PB),"Moradores em domicílios particulares permanentes ocupados, exclusive os cuja condição no domicílio era pensionista, empregado(a) doméstico(a) ou parente do(a) empregado(a) doméstico(a)",Pessoas,2100,Classes de rendimento nominal mensal domiciliar per capita,Mais de 1/2 a 1 salário mínimo
Distribuição por faixas de renda,2022,Município,2509206,Massaranduba (PB),"Moradores em domicílios particulares permanentes ocupados, exclusive os cuja condição no domicílio era pensionista, empregado(a) doméstico(a) ou parente do(a) empregado(a) doméstico(a)",Pessoas,4488,Classes de rendimento nominal mensal domiciliar per capita,Mais de 1/2 a 1 salário mínimo
Distribuição por faixas de renda,2022,Município,2509305,Mataraca (PB),"Moradores em domicílios particulares permanentes ocupados, exclusive os cuja condição no domicílio era pensionista, empregado(a) doméstico(a) ou parente do(a) empregado(a) doméstico(a)",Pessoas,2289,Classes de rendimento nominal mensal domiciliar per capita,Mais de 1/2 a 1 salário mínimo
Distribuição por faixas de renda,2022,Município,2509339,Matinhas (PB),"Moradores em domicílios particulares permanentes ocupados, exclusive os cuja condição no domicílio era pensionista, empregado(a) doméstico(a) ou parente do(a) empregado(a) doméstico(a)",Pessoas,1050,Classes de rendimento nominal mensal domiciliar per capita,Mais de 1/2 a 1 salário mínimo
Distribuição por faixas de renda,2022,Município,2509370,Mato Grosso (PB),"Moradores em domicílios particulares permanentes ocupados, exclusive os cuja condição no domicílio era pensionista, empregado(a) doméstico(a) ou parente do(a) empregado(a) doméstico(a)",Pessoas,920,Classes de rendimento nominal mensal domiciliar per capita,Mais de 1/2 a 1 salário mínimo
Distribuição por faixas de renda,2022,Município,2509396,Maturéia (PB),"Moradores em domicílios particulares permanentes ocupados, exclusive os cuja condição no domicílio era pensionista, empregado(a) doméstico(a) ou parente do(a) empregado(a) doméstico(a)",Pessoas,1779,Classes de rendimento nominal mensal domiciliar per capita,Mais de 1/2 a 1 salário mínimo
Distribuição por faixas de renda,2022,Município,2509404,Mogeiro (PB),"Moradores em domicílios particulares permanentes ocupados, exclusive os cuja condição no domicílio era pensionista, empregado(a) doméstico(a) ou parente do(a) empregado(a) doméstico(a)",Pessoas,4386,Classes de rendimento nominal mensal domiciliar per capita,Mais de 1/2 a 1 salário mínimo
Distribuição por faixas de renda,2022,Município,2509503,Montadas (PB),"Moradores em domicílios particulares permanentes ocupados, exclusive os cuja condição no domicílio era pensionista, empregado(a) doméstico(a) ou parente do(a) empregado(a) doméstico(a)",Pessoas,1741,Classes de rendimento nominal mensal domiciliar per capita,Mais de 1/2 a 1 salário mínimo
Distribuição por faixas de renda,2022,Município,2509602,Monte Horebe (PB),"Moradores em domicílios particulares permanentes ocupados, exclusive os cuja condição no domicílio era pensionista, empregado(a) doméstico(a) ou parente do(a) empregado(a) doméstico(a)",Pessoas,1103,Classes de rendimento nominal mensal domiciliar per capita,Mais de 1/2 a 1 salário mínimo
Distribuição por faixas de renda,2022,Município,2509701,Monteiro (PB),"Moradores em domicílios particulares permanentes ocupados, exclusive os cuja condição no domicílio era pensionista, empregado(a) doméstico(a) ou parente do(a) empregado(a) doméstico(a)",Pessoas,9652,Classes de rendimento nominal mensal domiciliar per capita,Mais de 1/2 a 1 salário mínimo
Distribuição por faixas de renda,2022,Município,2509800,Mulungu (PB),"Moradores em domicílios particulares permanentes ocupados, exclusive os cuja condição no domicílio era pensionista, empregado(a) doméstico(a) ou parente do(a) empregado(a) doméstico(a)",Pessoas,2870,Classes de rendimento nominal mensal domiciliar per capita,Mais de 1/2 a 1 salário mínimo
Distribuição por faixas de renda,2022,Município,2509909,Natuba (PB),"Moradores em domicílios particulares permanentes ocupados, exclusive os cuja condição no domicílio era pensionista, empregado(a) doméstico(a) ou parente do(a) empregado(a) doméstico(a)",Pessoas,2291,Classes de rendimento nominal mensal domiciliar per capita,Mais de 1/2 a 1 salário mínimo
Distribuição por faixas de renda,2022,Município,2510006,Nazarezinho (PB),"Moradores em domicílios particulares permanentes ocupados, exclusive os cuja condição no domicílio era pensionista, empregado(a) doméstico(a) ou parente do(a) empregado(a) doméstico(a)",Pessoas,1934,Classes de rendimento nominal mensal domiciliar per capita,Mais de 1/2 a 1 salário mínimo
Distribuição por faixas de renda,2022,Município,2510105,Nova Floresta (PB),"Moradores em domicílios particulares permanentes ocupados, exclusive os cuja condição no domicílio era pensionista, empregado(a) doméstico(a) ou parente do(a) empregado(a) doméstico(a)",Pessoas,2926,Classes de rendimento nominal mensal domiciliar per capita,Mais de 1/2 a 1 salário mínimo
Distribuição por faixas de renda,2022,Município,2510204,Nova Olinda (PB),"Moradores em domicílios particulares permanentes ocupados, exclusive os cuja condição no domicílio era pensionista, empregado(a) doméstico(a) ou parente do(a) empregado(a) doméstico(a)",Pessoas,1638,Classes de rendimento nominal mensal domiciliar per capita,Mais de 1/2 a 1 salário mínimo
Distribuição por faixas de renda,2022,Município,2510303,Nova Palmeira (PB),"Moradores em domicílios particulares permanentes ocupados, exclusive os cuja condição no domicílio era pensionista, empregado(a) doméstico(a) ou parente do(a) empregado(a) doméstico(a)",Pessoas,1450,Classes de rendimento nominal mensal domiciliar per capita,Mais de 1/2 a 1 salário mínimo
Distribuição por faixas de renda,2022,Município,2510402,Olho d'Água (PB),"Moradores em domicílios particulares permanentes ocupados, exclusive os cuja condição no domicílio era pensionista, empregado(a) doméstico(a) ou parente do(a) empregado(a) doméstico(a)",Pessoas,1297,Classes de rendimento nominal mensal domiciliar per capita,Mais de 1/2 a 1 salário mínimo
Distribuição por faixas de renda,2022,Município,2510501,Olivedos (PB),"Moradores em domicílios particulares permanentes ocupados, exclusive os cuja condição no domicílio era pensionista, empregado(a) doméstico(a) ou parente do(a) empregado(a) doméstico(a)",Pessoas,1040,Classes de rendimento nominal mensal domiciliar per capita,Mais de 1/2 a 1 salário mínimo
Distribuição por faixas de renda,2022,Município,2510600,Ouro Velho (PB),"Moradores em domicílios particulares permanentes ocupados, exclusive os cuja condição no domicílio era pensionista, empregado(a) doméstico(a) ou parente do(a) empregado(a) doméstico(a)",Pessoas,1031,Classes de rendimento nominal mensal domiciliar per capita,Mais de 1/2 a 1 salário mínimo
Distribuição por faixas de renda,2022,Município,2510659,Parari (PB),"Moradores em domicílios particulares permanentes ocupados, exclusive os cuja condição no domicílio era pensionista, empregado(a) doméstico(a) ou parente do(a) empregado(a) doméstico(a)",Pessoas,612,Classes de rendimento nominal mensal domiciliar per capita,Mais de 1/2 a 1 salário mínimo
Distribuição por faixas de renda,2022,Município,2510709,Passagem (PB),"Moradores em domicílios particulares permanentes ocupados, exclusive os cuja condição no domicílio era pensionista, empregado(a) doméstico(a) ou parente do(a) empregado(a) doméstico(a)",Pessoas,873,Classes de rendimento nominal mensal domiciliar per capita,Mais de 1/2 a 1 salário mínimo
Distribuição por faixas de renda,2022,Município,2510808,Patos (PB),"Moradores em domicílios particulares permanentes ocupados, exclusive os cuja condição no domicílio era pensionista, empregado(a) doméstico(a) ou parente do(a) empregado(a) doméstico(a)",Pessoas,32321,Classes de rendimento nominal mensal domiciliar per capita,Mais de 1/2 a 1 salário mínimo
Distribuição por faixas de renda,2022,Município,2510907,Paulista (PB),"Moradores em domicílios particulares permanentes ocupados, exclusive os cuja condição no domicílio era pensionista, empregado(a) doméstico(a) ou parente do(a) empregado(a) doméstico(a)",Pessoas,4343,Classes de rendimento nominal mensal domiciliar per capita,Mais de 1/2 a 1 salário mínimo
Distribuição por faixas de renda,2022,Município,2511004,Pedra Branca (PB),"Moradores em domicílios particulares permanentes ocupados, exclusive os cuja condição no domicílio era pensionista, empregado(a) doméstico(a) ou parente do(a) empregado(a) doméstico(a)",Pessoas,1222,Classes de rendimento nominal mensal domiciliar per capita,Mais de 1/2 a 1 salário mínimo
Distribuição por faixas de renda,2022,Município,2511103,Pedra Lavrada (PB),"Moradores em domicílios particulares permanentes ocupados, exclusive os cuja condição no domicílio era pensionista, empregado(a) doméstico(a) ou parente do(a) empregado(a) doméstico(a)",Pessoas,2176,Classes de rendimento nominal mensal domiciliar per capita,Mais de 1/2 a 1 salário mínimo
Distribuição por faixas de renda,2022,Município,2511202,Pedras de Fogo (PB),"Moradores em domicílios particulares permanentes ocupados, exclusive os cuja condição no domicílio era pensionista, empregado(a) doméstico(a) ou parente do(a) empregado(a) doméstico(a)",Pessoas,9624,Classes de rendimento nominal mensal domiciliar per capita,Mais de 1/2 a 1 salário mínimo
Distribuição por faixas de renda,2022,Município,2511301,Piancó (PB),"Moradores em domicílios particulares permanentes ocupados, exclusive os cuja condição no domicílio era pensionista, empregado(a) doméstico(a) ou parente do(a) empregado(a) doméstico(a)",Pessoas,5491,Classes de rendimento nominal mensal domiciliar per capita,Mais de 1/2 a 1 salário mínimo
Distribuição por faixas de renda,2022,Município,2511400,Picuí (PB),"Moradores em domicílios particulares permanentes ocupados, exclusive os cuja condição no domicílio era pensionista, empregado(a) doméstico(a) ou parente do(a) empregado(a) doméstico(a)",Pessoas,5192,Classes de rendimento nominal mensal domiciliar per capita,Mais de 1/2 a 1 salário mínimo
Distribuição por faixas de renda,2022,Município,2511509,Pilar (PB),"Moradores em domicílios particulares permanentes ocupados, exclusive os cuja condição no domicílio era pensionista, empregado(a) doméstico(a) ou parente do(a) empregado(a) doméstico(a)",Pessoas,3355,Classes de rendimento nominal mensal domiciliar per capita,Mais de 1/2 a 1 salário mínimo
Distribuição por faixas de renda,2022,Município,2511608,Pilões (PB),"Moradores em domicílios particulares permanentes ocupados, exclusive os cuja condição no domicílio era pensionista, empregado(a) doméstico(a) ou parente do(a) empregado(a) doméstico(a)",Pessoas,1771,Classes de rendimento nominal mensal domiciliar per capita,Mais de 1/2 a 1 salário mínimo
Distribuição por faixas de renda,2022,Município,2511707,Pilõezinhos (PB),"Moradores em domicílios particulares permanentes ocupados, exclusive os cuja condição no domicílio era pensionista, empregado(a) doméstico(a) ou parente do(a) empregado(a) doméstico(a)",Pessoas,1782,Classes de rendimento nominal mensal domiciliar per capita,Mais de 1/2 a 1 salário mínimo
Distribuição por faixas de renda,2022,Município,2511806,Pirpirituba (PB),"Moradores em domicílios particulares permanentes ocupados, exclusive os cuja condição no domicílio era pensionista, empregado(a) doméstico(a) ou parente do(a) empregado(a) doméstico(a)",Pessoas,2853,Classes de rendimento nominal mensal domiciliar per capita,Mais de 1/2 a 1 salário mínimo
Distribuição por faixas de renda,2022,Município,2511905,Pitimbu (PB),"Moradores em domicílios particulares permanentes ocupados, exclusive os cuja condição no domicílio era pensionista, empregado(a) doméstico(a) ou parente do(a) empregado(a) doméstico(a)",Pessoas,5736,Classes de rendimento nominal mensal domiciliar per capita,Mais de 1/2 a 1 salário mínimo
Distribuição por faixas de renda,2022,Município,2512002,Pocinhos (PB),"Moradores em domicílios particulares permanentes ocupados, exclusive os cuja condição no domicílio era pensionista, empregado(a) doméstico(a) ou parente do(a) empregado(a) doméstico(a)",Pessoas,5185,Classes de rendimento nominal mensal domiciliar per capita,Mais de 1/2 a 1 salário mínimo
Distribuição por faixas de renda,2022,Município,2512036,Poço Dantas (PB),"Moradores em domicílios particulares permanentes ocupados, exclusive os cuja condição no domicílio era pensionista, empregado(a) doméstico(a) ou parente do(a) empregado(a) doméstico(a)",Pessoas,962,Classes de rendimento nominal mensal domiciliar per capita,Mais de 1/2 a 1 salário mínimo
Distribuição por faixas de renda,2022,Município,2512077,Poço de José de Moura (PB),"Moradores em domicílios particulares permanentes ocupados, exclusive os cuja condição no domicílio era pensionista, empregado(a) doméstico(a) ou parente do(a) empregado(a) doméstico(a)",Pessoas,1338,Classes de rendimento nominal mensal domiciliar per capita,Mais de 1/2 a 1 salário mínimo
Distribuição por faixas de renda,2022,Município,2512101,Pombal (PB),"Moradores em domicílios particulares permanentes ocupados, exclusive os cuja condição no domicílio era pensionista, empregado(a) doméstico(a) ou parente do(a) empregado(a) doméstico(a)",Pessoas,10877,Classes de rendimento nominal mensal domiciliar per capita,Mais de 1/2 a 1 salário mínimo
Distribuição por faixas de renda,2022,Município,2512200,Prata (PB),"Moradores em domicílios particulares permanentes ocupados, exclusive os cuja condição no domicílio era pensionista, empregado(a) doméstico(a) ou parente do(a) empregado(a) doméstico(a)",Pessoas,1186,Classes de rendimento nominal mensal domiciliar per capita,Mais de 1/2 a 1 salário mínimo
Distribuição por faixas de renda,2022,Município,2512309,Princesa Isabel (PB),"Moradores em domicílios particulares permanentes ocupados, exclusive os cuja condição no domicílio era pensionista, empregado(a) doméstico(a) ou parente do(a) empregado(a) doméstico(a)",Pessoas,6053,Classes de rendimento nominal mensal domiciliar per capita,Mais de 1/2 a 1 salário mínimo
Distribuição por faixas de renda,2022,Município,2512408,Puxinanã (PB),"Moradores em domicílios particulares permanentes ocupados, exclusive os cuja condição no domicílio era pensionista, empregado(a) doméstico(a) ou parente do(a) empregado(a) doméstico(a)",Pessoas,4263,Classes de rendimento nominal mensal domiciliar per capita,Mais de 1/2 a 1 salário mínimo
Distribuição por faixas de renda,2022,Município,2512507,Queimadas (PB),"Moradores em domicílios particulares permanentes ocupados, exclusive os cuja condição no domicílio era pensionista, empregado(a) doméstico(a) ou parente do(a) empregado(a) doméstico(a)",Pessoas,15019,Classes de rendimento nominal mensal domiciliar per capita,Mais de 1/2 a 1 salário mínimo
Distribuição por faixas de renda,2022,Município,2512606,Quixaba (PB),"Moradores em domicílios particulares permanentes ocupados, exclusive os cuja condição no domicílio era pensionista, empregado(a) doméstico(a) ou parente do(a) empregado(a) doméstico(a)",Pessoas,441,Classes de rendimento nominal mensal domiciliar per capita,Mais de 1/2 a 1 salário mínimo
Distribuição por faixas de renda,2022,Município,2512705,Remígio (PB),"Moradores em domicílios particulares permanentes ocupados, exclusive os cuja condição no domicílio era pensionista, empregado(a) doméstico(a) ou parente do(a) empregado(a) doméstico(a)",Pessoas,5063,Classes de rendimento nominal mensal domiciliar per capita,Mais de 1/2 a 1 salário mínimo
Distribuição por faixas de renda,2022,Município,2512721,Pedro Régis (PB),"Moradores em domicílios particulares permanentes ocupados, exclusive os cuja condição no domicílio era pensionista, empregado(a) doméstico(a) ou parente do(a) empregado(a) doméstico(a)",Pessoas,1449,Classes de rendimento nominal mensal domiciliar per capita,Mais de 1/2 a 1 salário mínimo
Distribuição por faixas de renda,2022,Município,2512747,Riachão (PB),"Moradores em domicílios particulares permanentes ocupados, exclusive os cuja condição no domicílio era pensionista, empregado(a) doméstico(a) ou parente do(a) empregado(a) doméstico(a)",Pessoas,739,Classes de rendimento nominal mensal domiciliar per capita,Mais de 1/2 a 1 salário mínimo
Distribuição por faixas de renda,2022,Município,2512754,Riachão do Bacamarte (PB),"Moradores em domicílios particulares permanentes ocupados, exclusive os cuja condição no domicílio era pensionista, empregado(a) doméstico(a) ou parente do(a) empregado(a) doméstico(a)",Pessoas,1664,Classes de rendimento nominal mensal domiciliar per capita,Mais de 1/2 a 1 salário mínimo
Distribuição por faixas de renda,2022,Município,2512762,Riachão do Poço (PB),"Moradores em domicílios particulares permanentes ocupados, exclusive os cuja condição no domicílio era pensionista, empregado(a) doméstico(a) ou parente do(a) empregado(a) doméstico(a)",Pessoas,991,Classes de rendimento nominal mensal domiciliar per capita,Mais de 1/2 a 1 salário mínimo
Distribuição por faixas de renda,2022,Município,2512788,Riacho de Santo Antônio (PB),"Moradores em domicílios particulares permanentes ocupados, exclusive os cuja condição no domicílio era pensionista, empregado(a) doméstico(a) ou parente do(a) empregado(a) doméstico(a)",Pessoas,544,Classes de rendimento nominal mensal domiciliar per capita,Mais de 1/2 a 1 salário mínimo
Distribuição por faixas de renda,2022,Município,2512804,Riacho dos Cavalos (PB),"Moradores em domicílios particulares permanentes ocupados, exclusive os cuja condição no domicílio era pensionista, empregado(a) doméstico(a) ou parente do(a) empregado(a) doméstico(a)",Pessoas,2685,Classes de rendimento nominal mensal domiciliar per capita,Mais de 1/2 a 1 salário mínimo
Distribuição por faixas de renda,2022,Município,2512903,Rio Tinto (PB),"Moradores em domicílios particulares permanentes ocupados, exclusive os cuja condição no domicílio era pensionista, empregado(a) doméstico(a) ou parente do(a) empregado(a) doméstico(a)",Pessoas,8090,Classes de rendimento nominal mensal domiciliar per capita,Mais de 1/2 a 1 salário mínimo
Distribuição por faixas de renda,2022,Município,2513000,Salgadinho (PB),"Moradores em domicílios particulares permanentes ocupados, exclusive os cuja condição no domicílio era pensionista, empregado(a) doméstico(a) ou parente do(a) empregado(a) doméstico(a)",Pessoas,970,Classes de rendimento nominal mensal domiciliar per capita,Mais de 1/2 a 1 salário mínimo
Distribuição por faixas de renda,2022,Município,2513109,Salgado de São Félix (PB),"Moradores em domicílios particulares permanentes ocupados, exclusive os cuja condição no domicílio era pensionista, empregado(a) doméstico(a) ou parente do(a) empregado(a) doméstico(a)",Pessoas,3318,Classes de rendimento nominal mensal domiciliar per capita,Mais de 1/2 a 1 salário mínimo
Distribuição por faixas de renda,2022,Município,2513158,Santa Cecília (PB),"Moradores em domicílios particulares permanentes ocupados, exclusive os cuja condição no domicílio era pensionista, empregado(a) doméstico(a) ou parente do(a) empregado(a) doméstico(a)",Pessoas,2044,Classes de rendimento nominal mensal domiciliar per capita,Mais de 1/2 a 1 salário mínimo
Distribuição por faixas de renda,2022,Município,2513208,Santa Cruz (PB),"Moradores em domicílios particulares permanentes ocupados, exclusive os cuja condição no domicílio era pensionista, empregado(a) doméstico(a) ou parente do(a) empregado(a) doméstico(a)",Pessoas,2082,Classes de rendimento nominal mensal domiciliar per capita,Mais de 1/2 a 1 salário mínimo
Distribuição por faixas de renda,2022,Município,2513307,Santa Helena (PB),"Moradores em domicílios particulares permanentes ocupados, exclusive os cuja condição no domicílio era pensionista, empregado(a) doméstico(a) ou parente do(a) empregado(a) doméstico(a)",Pessoas,2475,Classes de rendimento nominal mensal domiciliar per capita,Mais de 1/2 a 1 salário mínimo
Distribuição por faixas de renda,2022,Município,2513356,Santa Inês (PB),"Moradores em domicílios particulares permanentes ocupados, exclusive os cuja condição no domicílio era pensionista, empregado(a) doméstico(a) ou parente do(a) empregado(a) doméstico(a)",Pessoas,976,Classes de rendimento nominal mensal domiciliar per capita,Mais de 1/2 a 1 salário mínimo
Distribuição por faixas de renda,2022,Município,2513406,Santa Luzia (PB),"Moradores em domicílios particulares permanentes ocupados, exclusive os cuja condição no domicílio era pensionista, empregado(a) doméstico(a) ou parente do(a) empregado(a) doméstico(a)",Pessoas,5624,Classes de rendimento nominal mensal domiciliar per capita,Mais de 1/2 a 1 salário mínimo
Distribuição por faixas de renda,2022,Município,2513505,Santana de Mangueira (PB),"Moradores em domicílios particulares permanentes ocupados, exclusive os cuja condição no domicílio era pensionista, empregado(a) doméstico(a) ou parente do(a) empregado(a) doméstico(a)",Pessoas,1252,Classes de rendimento nominal mensal domiciliar per capita,Mais de 1/2 a 1 salário mínimo
Distribuição por faixas de renda,2022,Município,2513604,Santana dos Garrotes (PB),"Moradores em domicílios particulares permanentes ocupados, exclusive os cuja condição no domicílio era pensionista, empregado(a) doméstico(a) ou parente do(a) empregado(a) doméstico(a)",Pessoas,2137,Classes de rendimento nominal mensal domiciliar per capita,Mais de 1/2 a 1 salário mínimo
Distribuição por faixas de renda,2022,Município,2513653,Joca Claudino (PB),"Moradores em domicílios particulares permanentes ocupados, exclusive os cuja condição no domicílio era pensionista, empregado(a) doméstico(a) ou parente do(a) empregado(a) doméstico(a)",Pessoas,783,Classes de rendimento nominal mensal domiciliar per capita,Mais de 1/2 a 1 salário mínimo
Distribuição por faixas de renda,2022,Município,2513703,Santa Rita (PB),"Moradores em domicílios particulares permanentes ocupados, exclusive os cuja condição no domicílio era pensionista, empregado(a) doméstico(a) ou parente do(a) empregado(a) doméstico(a)",Pessoas,52975,Classes de rendimento nominal mensal domiciliar per capita,Mais de 1/2 a 1 salário mínimo
Distribuição por faixas de renda,2022,Município,2513802,Santa Teresinha (PB),"Moradores em domicílios particulares permanentes ocupados, exclusive os cuja condição no domicílio era pensionista, empregado(a) doméstico(a) ou parente do(a) empregado(a) doméstico(a)",Pessoas,1494,Classes de rendimento nominal mensal domiciliar per capita,Mais de 1/2 a 1 salário mínimo
Distribuição por faixas de renda,2022,Município,2513851,Santo André (PB),"Moradores em domicílios particulares permanentes ocupados, exclusive os cuja condição no domicílio era pensionista, empregado(a) doméstico(a) ou parente do(a) empregado(a) doméstico(a)",Pessoas,850,Classes de rendimento nominal mensal domiciliar per capita,Mais de 1/2 a 1 salário mínimo
Distribuição por faixas de renda,2022,Município,2513901,São Bento (PB),"Moradores em domicílios particulares permanentes ocupados, exclusive os cuja condição no domicílio era pensionista, empregado(a) doméstico(a) ou parente do(a) empregado(a) doméstico(a)",Pessoas,10260,Classes de rendimento nominal mensal domiciliar per capita,Mais de 1/2 a 1 salário mínimo
Distribuição por faixas de renda,2022,Município,2513927,São Bentinho (PB),"Moradores em domicílios particulares permanentes ocupados, exclusive os cuja condição no domicílio era pensionista, empregado(a) doméstico(a) ou parente do(a) empregado(a) doméstico(a)",Pessoas,1349,Classes de rendimento nominal mensal domiciliar per capita,Mais de 1/2 a 1 salário mínimo
Distribuição por faixas de renda,2022,Município,2513943,São Domingos do Cariri (PB),"Moradores em domicílios particulares permanentes ocupados, exclusive os cuja condição no domicílio era pensionista, empregado(a) doméstico(a) ou parente do(a) empregado(a) doméstico(a)",Pessoas,1041,Classes de rendimento nominal mensal domiciliar per capita,Mais de 1/2 a 1 salário mínimo
Distribuição por faixas de renda,2022,Município,2513968,São Domingos (PB),"Moradores em domicílios particulares permanentes ocupados, exclusive os cuja condição no domicílio era pensionista, empregado(a) doméstico(a) ou parente do(a) empregado(a) doméstico(a)",Pessoas,935,Classes de rendimento nominal mensal domiciliar per capita,Mais de 1/2 a 1 salário mínimo
Distribuição por faixas de renda,2022,Município,2513984,São Francisco (PB),"Moradores em domicílios particulares permanentes ocupados, exclusive os cuja condição no domicílio era pensionista, empregado(a) doméstico(a) ou parente do(a) empregado(a) doméstico(a)",Pessoas,1149,Classes de rendimento nominal mensal domiciliar per capita,Mais de 1/2 a 1 salário mínimo
Distribuição por faixas de renda,2022,Município,2514008,São João do Cariri (PB),"Moradores em domicílios particulares permanentes ocupados, exclusive os cuja condição no domicílio era pensionista, empregado(a) doméstico(a) ou parente do(a) empregado(a) doméstico(a)",Pessoas,1631,Classes de rendimento nominal mensal domiciliar per capita,Mais de 1/2 a 1 salário mínimo
Distribuição por faixas de renda,2022,Município,2514107,São João do Tigre (PB),"Moradores em domicílios particulares permanentes ocupados, exclusive os cuja condição no domicílio era pensionista, empregado(a) doméstico(a) ou parente do(a) empregado(a) doméstico(a)",Pessoas,1128,Classes de rendimento nominal mensal domiciliar per capita,Mais de 1/2 a 1 salário mínimo
Distribuição por faixas de renda,2022,Município,2514206,São José da Lagoa Tapada (PB),"Moradores em domicílios particulares permanentes ocupados, exclusive os cuja condição no domicílio era pensionista, empregado(a) doméstico(a) ou parente do(a) empregado(a) doméstico(a)",Pessoas,2051,Classes de rendimento nominal mensal domiciliar per capita,Mais de 1/2 a 1 salário mínimo
Distribuição por faixas de renda,2022,Município,2514305,São José de Caiana (PB),"Moradores em domicílios particulares permanentes ocupados, exclusive os cuja condição no domicílio era pensionista, empregado(a) doméstico(a) ou parente do(a) empregado(a) doméstico(a)",Pessoas,1131,Classes de rendimento nominal mensal domiciliar per capita,Mais de 1/2 a 1 salário mínimo
Distribuição por faixas de renda,2022,Município,2514404,São José de Espinharas (PB),"Moradores em domicílios particulares permanentes ocupados, exclusive os cuja condição no domicílio era pensionista, empregado(a) doméstico(a) ou parente do(a) empregado(a) doméstico(a)",Pessoas,1156,Classes de rendimento nominal mensal domiciliar per capita,Mais de 1/2 a 1 salário mínimo
Distribuição por faixas de renda,2022,Município,2514453,São José dos Ramos (PB),"Moradores em domicílios particulares permanentes ocupados, exclusive os cuja condição no domicílio era pensionista, empregado(a) doméstico(a) ou parente do(a) empregado(a) doméstico(a)",Pessoas,1363,Classes de rendimento nominal mensal domiciliar per capita,Mais de 1/2 a 1 salário mínimo
Distribuição por faixas de renda,2022,Município,2514503,São José de Piranhas (PB),"Moradores em domicílios particulares permanentes ocupados, exclusive os cuja condição no domicílio era pensionista, empregado(a) doméstico(a) ou parente do(a) empregado(a) doméstico(a)",Pessoas,6701,Classes de rendimento nominal mensal domiciliar per capita,Mais de 1/2 a 1 salário mínimo
Distribuição por faixas de renda,2022,Município,2514552,São José de Princesa (PB),"Moradores em domicílios particulares permanentes ocupados, exclusive os cuja condição no domicílio era pensionista, empregado(a) doméstico(a) ou parente do(a) empregado(a) doméstico(a)",Pessoas,965,Classes de rendimento nominal mensal domiciliar per capita,Mais de 1/2 a 1 salário mínimo
Distribuição por faixas de renda,2022,Município,2514602,São José do Bonfim (PB),"Moradores em domicílios particulares permanentes ocupados, exclusive os cuja condição no domicílio era pensionista, empregado(a) doméstico(a) ou parente do(a) empregado(a) doméstico(a)",Pessoas,1047,Classes de rendimento nominal mensal domiciliar per capita,Mais de 1/2 a 1 salário mínimo
Distribuição por faixas de renda,2022,Município,2514651,São José do Brejo do Cruz (PB),"Moradores em domicílios particulares permanentes ocupados, exclusive os cuja condição no domicílio era pensionista, empregado(a) doméstico(a) ou parente do(a) empregado(a) doméstico(a)",Pessoas,535,Classes de rendimento nominal mensal domiciliar per capita,Mais de 1/2 a 1 salário mínimo
Distribuição por faixas de renda,2022,Município,2514701,São José do Sabugi (PB),"Moradores em domicílios particulares permanentes ocupados, exclusive os cuja condição no domicílio era pensionista, empregado(a) doméstico(a) ou parente do(a) empregado(a) doméstico(a)",Pessoas,1263,Classes de rendimento nominal mensal domiciliar per capita,Mais de 1/2 a 1 salário mínimo
Distribuição por faixas de renda,2022,Município,2514800,São José dos Cordeiros (PB),"Moradores em domicílios particulares permanentes ocupados, exclusive os cuja condição no domicílio era pensionista, empregado(a) doméstico(a) ou parente do(a) empregado(a) doméstico(a)",Pessoas,1214,Classes de rendimento nominal mensal domiciliar per capita,Mais de 1/2 a 1 salário mínimo
Distribuição por faixas de renda,2022,Município,2514909,São Mamede (PB),"Moradores em domicílios particulares permanentes ocupados, exclusive os cuja condição no domicílio era pensionista, empregado(a) doméstico(a) ou parente do(a) empregado(a) doméstico(a)",Pessoas,2797,Classes de rendimento nominal mensal domiciliar per capita,Mais de 1/2 a 1 salário mínimo
Distribuição por faixas de renda,2022,Município,2515005,São Miguel de Taipu (PB),"Moradores em domicílios particulares permanentes ocupados, exclusive os cuja condição no domicílio era pensionista, empregado(a) doméstico(a) ou parente do(a) empregado(a) doméstico(a)",Pessoas,1583,Classes de rendimento nominal mensal domiciliar per capita,Mais de 1/2 a 1 salário mínimo
Distribuição por faixas de renda,2022,Município,2515104,São Sebastião de Lagoa de Roça (PB),"Moradores em domicílios particulares permanentes ocupados, exclusive os cuja condição no domicílio era pensionista, empregado(a) doméstico(a) ou parente do(a) empregado(a) doméstico(a)",Pessoas,3803,Classes de rendimento nominal mensal domiciliar per capita,Mais de 1/2 a 1 salário mínimo
Distribuição por faixas de renda,2022,Município,2515203,São Sebastião do Umbuzeiro (PB),"Moradores em domicílios particulares permanentes ocupados, exclusive os cuja condição no domicílio era pensionista, empregado(a) doméstico(a) ou parente do(a) empregado(a) doméstico(a)",Pessoas,871,Classes de rendimento nominal mensal domiciliar per capita,Mais de 1/2 a 1 salário mínimo
Distribuição por faixas de renda,2022,Município,2515302,Sapé (PB),"Moradores em domicílios particulares permanentes ocupados, exclusive os cuja condição no domicílio era pensionista, empregado(a) doméstico(a) ou parente do(a) empregado(a) doméstico(a)",Pessoas,16608,Classes de rendimento nominal mensal domiciliar per capita,Mais de 1/2 a 1 salário mínimo
Distribuição por faixas de renda,2022,Município,2515401,São Vicente do Seridó (PB),"Moradores em domicílios particulares permanentes ocupados, exclusive os cuja condição no domicílio era pensionista, empregado(a) doméstico(a) ou parente do(a) empregado(a) doméstico(a)",Pessoas,2671,Classes de rendimento nominal mensal domiciliar per capita,Mais de 1/2 a 1 salário mínimo
Distribuição por faixas de renda,2022,Município,2515500,Serra Branca (PB),"Moradores em domicílios particulares permanentes ocupados, exclusive os cuja condição no domicílio era pensionista, empregado(a) doméstico(a) ou parente do(a) empregado(a) doméstico(a)",Pessoas,4910,Classes de rendimento nominal mensal domiciliar per capita,Mais de 1/2 a 1 salário mínimo
Distribuição por faixas de renda,2022,Município,2515609,Serra da Raiz (PB),"Moradores em domicílios particulares permanentes ocupados, exclusive os cuja condição no domicílio era pensionista, empregado(a) doméstico(a) ou parente do(a) empregado(a) doméstico(a)",Pessoas,892,Classes de rendimento nominal mensal domiciliar per capita,Mais de 1/2 a 1 salário mínimo
Distribuição por faixas de renda,2022,Município,2515708,Serra Grande (PB),"Moradores em domicílios particulares permanentes ocupados, exclusive os cuja condição no domicílio era pensionista, empregado(a) doméstico(a) ou parente do(a) empregado(a) doméstico(a)",Pessoas,850,Classes de rendimento nominal mensal domiciliar per capita,Mais de 1/2 a 1 salário mínimo
Distribuição por faixas de renda,2022,Município,2515807,Serra Redonda (PB),"Moradores em domicílios particulares permanentes ocupados, exclusive os cuja condição no domicílio era pensionista, empregado(a) doméstico(a) ou parente do(a) empregado(a) doméstico(a)",Pessoas,2438,Classes de rendimento nominal mensal domiciliar per capita,Mais de 1/2 a 1 salário mínimo
Distribuição por faixas de renda,2022,Município,2515906,Serraria (PB),"Moradores em domicílios particulares permanentes ocupados, exclusive os cuja condição no domicílio era pensionista, empregado(a) doméstico(a) ou parente do(a) empregado(a) doméstico(a)",Pessoas,1413,Classes de rendimento nominal mensal domiciliar per capita,Mais de 1/2 a 1 salário mínimo
Distribuição por faixas de renda,2022,Município,2515930,Sertãozinho (PB),"Moradores em domicílios particulares permanentes ocupados, exclusive os cuja condição no domicílio era pensionista, empregado(a) doméstico(a) ou parente do(a) empregado(a) doméstico(a)",Pessoas,1721,Classes de rendimento nominal mensal domiciliar per capita,Mais de 1/2 a 1 salário mínimo
Distribuição por faixas de renda,2022,Município,2515971,Sobrado (PB),"Moradores em domicílios particulares permanentes ocupados, exclusive os cuja condição no domicílio era pensionista, empregado(a) doméstico(a) ou parente do(a) empregado(a) doméstico(a)",Pessoas,2487,Classes de rendimento nominal mensal domiciliar per capita,Mais de 1/2 a 1 salário mínimo
Distribuição por faixas de renda,2022,Município,2516003,Solânea (PB),"Moradores em domicílios particulares permanentes ocupados, exclusive os cuja condição no domicílio era pensionista, empregado(a) doméstico(a) ou parente do(a) empregado(a) doméstico(a)",Pessoas,8315,Classes de rendimento nominal mensal domiciliar per capita,Mais de 1/2 a 1 salário mínimo
Distribuição por faixas de renda,2022,Município,2516102,Soledade (PB),"Moradores em domicílios particulares permanentes ocupados, exclusive os cuja condição no domicílio era pensionista, empregado(a) doméstico(a) ou parente do(a) empregado(a) doméstico(a)",Pessoas,3283,Classes de rendimento nominal mensal domiciliar per capita,Mais de 1/2 a 1 salário mínimo
Distribuição por faixas de renda,2022,Município,2516151,Sossêgo (PB),"Moradores em domicílios particulares permanentes ocupados, exclusive os cuja condição no domicílio era pensionista, empregado(a) doméstico(a) ou parente do(a) empregado(a) doméstico(a)",Pessoas,927,Classes de rendimento nominal mensal domiciliar per capita,Mais de 1/2 a 1 salário mínimo
Distribuição por faixas de renda,2022,Município,2516201,Sousa (PB),"Moradores em domicílios particulares permanentes ocupados, exclusive os cuja condição no domicílio era pensionista, empregado(a) doméstico(a) ou parente do(a) empregado(a) doméstico(a)",Pessoas,23876,Classes de rendimento nominal mensal domiciliar per capita,Mais de 1/2 a 1 salário mínimo
Distribuição por faixas de renda,2022,Município,2516300,Sumé (PB),"Moradores em domicílios particulares permanentes ocupados, exclusive os cuja condição no domicílio era pensionista, empregado(a) doméstico(a) ou parente do(a) empregado(a) doméstico(a)",Pessoas,5612,Classes de rendimento nominal mensal domiciliar per capita,Mais de 1/2 a 1 salário mínimo
Distribuição por faixas de renda,2022,Município,2516409,Tacima (PB),"Moradores em domicílios particulares permanentes ocupados, exclusive os cuja condição no domicílio era pensionista, empregado(a) doméstico(a) ou parente do(a) empregado(a) doméstico(a)",Pessoas,1930,Classes de rendimento nominal mensal domiciliar per capita,Mais de 1/2 a 1 salário mínimo
Distribuição por faixas de renda,2022,Município,2516508,Taperoá (PB),"Moradores em domicílios particulares permanentes ocupados, exclusive os cuja condição no domicílio era pensionista, empregado(a) doméstico(a) ou parente do(a) empregado(a) doméstico(a)",Pessoas,4648,Classes de rendimento nominal mensal domiciliar per capita,Mais de 1/2 a 1 salário mínimo
Distribuição por faixas de renda,2022,Município,2516607,Tavares (PB),"Moradores em domicílios particulares permanentes ocupados, exclusive os cuja condição no domicílio era pensionista, empregado(a) doméstico(a) ou parente do(a) empregado(a) doméstico(a)",Pessoas,3733,Classes de rendimento nominal mensal domiciliar per capita,Mais de 1/2 a 1 salário mínimo
Distribuição por faixas de renda,2022,Município,2516706,Teixeira (PB),"Moradores em domicílios particulares permanentes ocupados, exclusive os cuja condição no domicílio era pensionista, empregado(a) doméstico(a) ou parente do(a) empregado(a) doméstico(a)",Pessoas,4061,Classes de rendimento nominal mensal domiciliar per capita,Mais de 1/2 a 1 salário mínimo
Distribuição por faixas de renda,2022,Município,2516755,Tenório (PB),"Moradores em domicílios particulares permanentes ocupados, exclusive os cuja condição no domicílio era pensionista, empregado(a) doméstico(a) ou parente do(a) empregado(a) doméstico(a)",Pessoas,960,Classes de rendimento nominal mensal domiciliar per capita,Mais de 1/2 a 1 salário mínimo
Distribuição por faixas de renda,2022,Município,2516805,Triunfo (PB),"Moradores em domicílios particulares permanentes ocupados, exclusive os cuja condição no domicílio era pensionista, empregado(a) doméstico(a) ou parente do(a) empregado(a) doméstico(a)",Pessoas,2884,Classes de rendimento nominal mensal domiciliar per capita,Mais de 1/2 a 1 salário mínimo
Distribuição por faixas de renda,2022,Município,2516904,Uiraúna (PB),"Moradores em domicílios particulares permanentes ocupados, exclusive os cuja condição no domicílio era pensionista, empregado(a) doméstico(a) ou parente do(a) empregado(a) doméstico(a)",Pessoas,5348,Classes de rendimento nominal mensal domiciliar per capita,Mais de 1/2 a 1 salário mínimo
Distribuição por faixas de renda,2022,Município,2517001,Umbuzeiro (PB),"Moradores em domicílios particulares permanentes ocupados, exclusive os cuja condição no domicílio era pensionista, empregado(a) doméstico(a) ou parente do(a) empregado(a) doméstico(a)",Pessoas,2794,Classes de rendimento nominal mensal domiciliar per capita,Mais de 1/2 a 1 salário mínimo
Distribuição por faixas de renda,2022,Município,2517100,Várzea (PB),"Moradores em domicílios particulares permanentes ocupados, exclusive os cuja condição no domicílio era pensionista, empregado(a) doméstico(a) ou parente do(a) empregado(a) doméstico(a)",Pessoas,1080,Classes de rendimento nominal mensal domiciliar per capita,Mais de 1/2 a 1 salário mínimo
Distribuição por faixas de renda,2022,Município,2517209,Vieirópolis (PB),"Moradores em domicílios particulares permanentes ocupados, exclusive os cuja condição no domicílio era pensionista, empregado(a) doméstico(a) ou parente do(a) empregado(a) doméstico(a)",Pessoas,1585,Classes de rendimento nominal mensal domiciliar per capita,Mais de 1/2 a 1 salário mínimo
Distribuição por faixas de renda,2022,Município,2517407,Zabelê (PB),"Moradores em domicílios particulares permanentes ocupados, exclusive os cuja condição no domicílio era pensionista, empregado(a) doméstico(a) ou parente do(a) empregado(a) doméstico(a)",Pessoas,647,Classes de rendimento nominal mensal domiciliar per capita,Mais de 1/2 a 1 salário mínimo
Distribuição por faixas de renda,2022,Unidade da Federação,25,Paraíba,"Moradores em domicílios particulares permanentes ocupados, exclusive os cuja condição no domicílio era pensionista, empregado(a) doméstico(a) ou parente do(a) empregado(a) doméstico(a)",Pessoas,521955,Classes de rendimento nominal mensal domiciliar per capita,Mais de 1 a 2 salários mínimos
Distribuição por faixas de renda,2022,Município,2500106,Água Branca (PB),"Moradores em domicílios particulares permanentes ocupados, exclusive os cuja condição no domicílio era pensionista, empregado(a) doméstico(a) ou parente do(a) empregado(a) doméstico(a)",Pessoas,1091,Classes de rendimento nominal mensal domiciliar per capita,Mais de 1 a 2 salários mínimos
Distribuição por faixas de renda,2022,Município,2500205,Aguiar (PB),"Moradores em domicílios particulares permanentes ocupados, exclusive os cuja condição no domicílio era pensionista, empregado(a) doméstico(a) ou parente do(a) empregado(a) doméstico(a)",Pessoas,362,Classes de rendimento nominal mensal domiciliar per capita,Mais de 1 a 2 salários mínimos
Distribuição por faixas de renda,2022,Município,2500304,Alagoa Grande (PB),"Moradores em domicílios particulares permanentes ocupados, exclusive os cuja condição no domicílio era pensionista, empregado(a) doméstico(a) ou parente do(a) empregado(a) doméstico(a)",Pessoas,1979,Classes de rendimento nominal mensal domiciliar per capita,Mais de 1 a 2 salários mínimos
Distribuição por faixas de renda,2022,Município,2500403,Alagoa Nova (PB),"Moradores em domicílios particulares permanentes ocupados, exclusive os cuja condição no domicílio era pensionista, empregado(a) doméstico(a) ou parente do(a) empregado(a) doméstico(a)",Pessoas,2187,Classes de rendimento nominal mensal domiciliar per capita,Mais de 1 a 2 salários mínimos
Distribuição por faixas de renda,2022,Município,2500502,Alagoinha (PB),"Moradores em domicílios particulares permanentes ocupados, exclusive os cuja condição no domicílio era pensionista, empregado(a) doméstico(a) ou parente do(a) empregado(a) doméstico(a)",Pessoas,1018,Classes de rendimento nominal mensal domiciliar per capita,Mais de 1 a 2 salários mínimos
Distribuição por faixas de renda,2022,Município,2500536,Alcantil (PB),"Moradores em domicílios particulares permanentes ocupados, exclusive os cuja condição no domicílio era pensionista, empregado(a) doméstico(a) ou parente do(a) empregado(a) doméstico(a)",Pessoas,565,Classes de rendimento nominal mensal domiciliar per capita,Mais de 1 a 2 salários mínimos
Distribuição por faixas de renda,2022,Município,2500577,Algodão de Jandaíra (PB),"Moradores em domicílios particulares permanentes ocupados, exclusive os cuja condição no domicílio era pensionista, empregado(a) doméstico(a) ou parente do(a) empregado(a) doméstico(a)",Pessoas,153,Classes de rendimento nominal mensal domiciliar per capita,Mais de 1 a 2 salários mínimos
Distribuição por faixas de renda,2022,Município,2500601,Alhandra (PB),"Moradores em domicílios particulares permanentes ocupados, exclusive os cuja condição no domicílio era pensionista, empregado(a) doméstico(a) ou parente do(a) empregado(a) doméstico(a)",Pessoas,1960,Classes de rendimento nominal mensal domiciliar per capita,Mais de 1 a 2 salários mínimos
Distribuição por faixas de renda,2022,Município,2500700,São João do Rio do Peixe (PB),"Moradores em domicílios particulares permanentes ocupados, exclusive os cuja condição no domicílio era pensionista, empregado(a) doméstico(a) ou parente do(a) empregado(a) doméstico(a)",Pessoas,2304,Classes de rendimento nominal mensal domiciliar per capita,Mais de 1 a 2 salários mínimos
Distribuição por faixas de renda,2022,Município,2500734,Amparo (PB),"Moradores em domicílios particulares permanentes ocupados, exclusive os cuja condição no domicílio era pensionista, empregado(a) doméstico(a) ou parente do(a) empregado(a) doméstico(a)",Pessoas,155,Classes de rendimento nominal mensal domiciliar per capita,Mais de 1 a 2 salários mínimos
Distribuição por faixas de renda,2022,Município,2500775,Aparecida (PB),"Moradores em domicílios particulares permanentes ocupados, exclusive os cuja condição no domicílio era pensionista, empregado(a) doméstico(a) ou parente do(a) empregado(a) doméstico(a)",Pessoas,763,Classes de rendimento nominal mensal domiciliar per capita,Mais de 1 a 2 salários mínimos
Distribuição por faixas de renda,2022,Município,2500809,Araçagi (PB),"Moradores em domicílios particulares permanentes ocupados, exclusive os cuja condição no domicílio era pensionista, empregado(a) doméstico(a) ou parente do(a) empregado(a) doméstico(a)",Pessoas,1172,Classes de rendimento nominal mensal domiciliar per capita,Mais de 1 a 2 salários mínimos
Distribuição por faixas de renda,2022,Município,2500908,Arara (PB),"Moradores em domicílios particulares permanentes ocupados, exclusive os cuja condição no domicílio era pensionista, empregado(a) doméstico(a) ou parente do(a) empregado(a) doméstico(a)",Pessoas,1316,Classes de rendimento nominal mensal domiciliar per capita,Mais de 1 a 2 salários mínimos
Distribuição por faixas de renda,2022,Município,2501005,Araruna (PB),"Moradores em domicílios particulares permanentes ocupados, exclusive os cuja condição no domicílio era pensionista, empregado(a) doméstico(a) ou parente do(a) empregado(a) doméstico(a)",Pessoas,1424,Classes de rendimento nominal mensal domiciliar per capita,Mais de 1 a 2 salários mínimos
Distribuição por faixas de renda,2022,Município,2501104,Areia (PB),"Moradores em domicílios particulares permanentes ocupados, exclusive os cuja condição no domicílio era pensionista, empregado(a) doméstico(a) ou parente do(a) empregado(a) doméstico(a)",Pessoas,2037,Classes de rendimento nominal mensal domiciliar per capita,Mais de 1 a 2 salários mínimos
Distribuição por faixas de renda,2022,Município,2501153,Areia de Baraúnas (PB),"Moradores em domicílios particulares permanentes ocupados, exclusive os cuja condição no domicílio era pensionista, empregado(a) doméstico(a) ou parente do(a) empregado(a) doméstico(a)",Pessoas,97,Classes de rendimento nominal mensal domiciliar per capita,Mais de 1 a 2 salários mínimos
Distribuição por faixas de renda,2022,Município,2501203,Areial (PB),"Moradores em domicílios particulares permanentes ocupados, exclusive os cuja condição no domicílio era pensionista, empregado(a) doméstico(a) ou parente do(a) empregado(a) doméstico(a)",Pessoas,775,Classes de rendimento nominal mensal domiciliar per capita,Mais de 1 a 2 salários mínimos
Distribuição por faixas de renda,2022,Município,2501302,Aroeiras (PB),"Moradores em domicílios particulares permanentes ocupados, exclusive os cuja condição no domicílio era pensionista, empregado(a) doméstico(a) ou parente do(a) empregado(a) doméstico(a)",Pessoas,1355,Classes de rendimento nominal mensal domiciliar per capita,Mais de 1 a 2 salários mínimos
Distribuição por faixas de renda,2022,Município,2501351,Assunção (PB),"Moradores em domicílios particulares permanentes ocupados, exclusive os cuja condição no domicílio era pensionista, empregado(a) doméstico(a) ou parente do(a) empregado(a) doméstico(a)",Pessoas,340,Classes de rendimento nominal mensal domiciliar per capita,Mais de 1 a 2 salários mínimos
Distribuição por faixas de renda,2022,Município,2501401,Baía da Traição (PB),"Moradores em domicílios particulares permanentes ocupados, exclusive os cuja condição no domicílio era pensionista, empregado(a) doméstico(a) ou parente do(a) empregado(a) doméstico(a)",Pessoas,486,Classes de rendimento nominal mensal domiciliar per capita,Mais de 1 a 2 salários mínimos
Distribuição por faixas de renda,2022,Município,2501500,Bananeiras (PB),"Moradores em domicílios particulares permanentes ocupados, exclusive os cuja condição no domicílio era pensionista, empregado(a) doméstico(a) ou parente do(a) empregado(a) doméstico(a)",Pessoas,1331,Classes de rendimento nominal mensal domiciliar per capita,Mais de 1 a 2 salários mínimos
Distribuição por faixas de renda,2022,Município,2501534,Baraúna (PB),"Moradores em domicílios particulares permanentes ocupados, exclusive os cuja condição no domicílio era pensionista, empregado(a) doméstico(a) ou parente do(a) empregado(a) doméstico(a)",Pessoas,410,Classes de rendimento nominal mensal domiciliar per capita,Mais de 1 a 2 salários mínimos
Distribuição por faixas de renda,2022,Município,2501575,Barra de Santana (PB),"Moradores em domicílios particulares permanentes ocupados, exclusive os cuja condição no domicílio era pensionista, empregado(a) doméstico(a) ou parente do(a) empregado(a) doméstico(a)",Pessoas,549,Classes de rendimento nominal mensal domiciliar per capita,Mais de 1 a 2 salários mínimos
Distribuição por faixas de renda,2022,Município,2501609,Barra de Santa Rosa (PB),"Moradores em domicílios particulares permanentes ocupados, exclusive os cuja condição no domicílio era pensionista, empregado(a) doméstico(a) ou parente do(a) empregado(a) doméstico(a)",Pessoas,1008,Classes de rendimento nominal mensal domiciliar per capita,Mais de 1 a 2 salários mínimos
Distribuição por faixas de renda,2022,Município,2501708,Barra de São Miguel (PB),"Moradores em domicílios particulares permanentes ocupados, exclusive os cuja condição no domicílio era pensionista, empregado(a) doméstico(a) ou parente do(a) empregado(a) doméstico(a)",Pessoas,602,Classes de rendimento nominal mensal domiciliar per capita,Mais de 1 a 2 salários mínimos
Distribuição por faixas de renda,2022,Município,2501807,Bayeux (PB),"Moradores em domicílios particulares permanentes ocupados, exclusive os cuja condição no domicílio era pensionista, empregado(a) doméstico(a) ou parente do(a) empregado(a) doméstico(a)",Pessoas,10590,Classes de rendimento nominal mensal domiciliar per capita,Mais de 1 a 2 salários mínimos
Distribuição por faixas de renda,2022,Município,2501906,Belém (PB),"Moradores em domicílios particulares permanentes ocupados, exclusive os cuja condição no domicílio era pensionista, empregado(a) doméstico(a) ou parente do(a) empregado(a) doméstico(a)",Pessoas,1204,Classes de rendimento nominal mensal domiciliar per capita,Mais de 1 a 2 salários mínimos
Distribuição por faixas de renda,2022,Município,2502003,Belém do Brejo do Cruz (PB),"Moradores em domicílios particulares permanentes ocupados, exclusive os cuja condição no domicílio era pensionista, empregado(a) doméstico(a) ou parente do(a) empregado(a) doméstico(a)",Pessoas,708,Classes de rendimento nominal mensal domiciliar per capita,Mais de 1 a 2 salários mínimos
Distribuição por faixas de renda,2022,Município,2502052,Bernardino Batista (PB),"Moradores em domicílios particulares permanentes ocupados, exclusive os cuja condição no domicílio era pensionista, empregado(a) doméstico(a) ou parente do(a) empregado(a) doméstico(a)",Pessoas,272,Classes de rendimento nominal mensal domiciliar per capita,Mais de 1 a 2 salários mínimos
Distribuição por faixas de renda,2022,Município,2502102,Boa Ventura (PB),"Moradores em domicílios particulares permanentes ocupados, exclusive os cuja condição no domicílio era pensionista, empregado(a) doméstico(a) ou parente do(a) empregado(a) doméstico(a)",Pessoas,408,Classes de rendimento nominal mensal domiciliar per capita,Mais de 1 a 2 salários mínimos
Distribuição por faixas de renda,2022,Município,2502151,Boa Vista (PB),"Moradores em domicílios particulares permanentes ocupados, exclusive os cuja condição no domicílio era pensionista, empregado(a) doméstico(a) ou parente do(a) empregado(a) doméstico(a)",Pessoas,963,Classes de rendimento nominal mensal domiciliar per capita,Mais de 1 a 2 salários mínimos
Distribuição por faixas de renda,2022,Município,2502201,Bom Jesus (PB),"Moradores em domicílios particulares permanentes ocupados, exclusive os cuja condição no domicílio era pensionista, empregado(a) doméstico(a) ou parente do(a) empregado(a) doméstico(a)",Pessoas,213,Classes de rendimento nominal mensal domiciliar per capita,Mais de 1 a 2 salários mínimos
Distribuição por faixas de renda,2022,Município,2502300,Bom Sucesso (PB),"Moradores em domicílios particulares permanentes ocupados, exclusive os cuja condição no domicílio era pensionista, empregado(a) doméstico(a) ou parente do(a) empregado(a) doméstico(a)",Pessoas,507,Classes de rendimento nominal mensal domiciliar per capita,Mais de 1 a 2 salários mínimos
Distribuição por faixas de renda,2022,Município,2502409,Bonito de Santa Fé (PB),"Moradores em domicílios particulares permanentes ocupados, exclusive os cuja condição no domicílio era pensionista, empregado(a) doméstico(a) ou parente do(a) empregado(a) doméstico(a)",Pessoas,969,Classes de rendimento nominal mensal domiciliar per capita,Mais de 1 a 2 salários mínimos
Distribuição por faixas de renda,2022,Município,2502508,Boqueirão (PB),"Moradores em domicílios particulares permanentes ocupados, exclusive os cuja condição no domicílio era pensionista, empregado(a) doméstico(a) ou parente do(a) empregado(a) doméstico(a)",Pessoas,1841,Classes de rendimento nominal mensal domiciliar per capita,Mais de 1 a 2 salários mínimos
Distribuição por faixas de renda,2022,Município,2502607,Igaracy (PB),"Moradores em domicílios particulares permanentes ocupados, exclusive os cuja condição no domicílio era pensionista, empregado(a) doméstico(a) ou parente do(a) empregado(a) doméstico(a)",Pessoas,634,Classes de rendimento nominal mensal domiciliar per capita,Mais de 1 a 2 salários mínimos
Distribuição por faixas de renda,2022,Município,2502706,Borborema (PB),"Moradores em domicílios particulares permanentes ocupados, exclusive os cuja condição no domicílio era pensionista, empregado(a) doméstico(a) ou parente do(a) empregado(a) doméstico(a)",Pessoas,336,Classes de rendimento nominal mensal domiciliar per capita,Mais de 1 a 2 salários mínimos
Distribuição por faixas de renda,2022,Município,2502805,Brejo do Cruz (PB),"Moradores em domicílios particulares permanentes ocupados, exclusive os cuja condição no domicílio era pensionista, empregado(a) doméstico(a) ou parente do(a) empregado(a) doméstico(a)",Pessoas,1069,Classes de rendimento nominal mensal domiciliar per capita,Mais de 1 a 2 salários mínimos
Distribuição por faixas de renda,2022,Município,2502904,Brejo dos Santos (PB),"Moradores em domicílios particulares permanentes ocupados, exclusive os cuja condição no domicílio era pensionista, empregado(a) doméstico(a) ou parente do(a) empregado(a) doméstico(a)",Pessoas,588,Classes de rendimento nominal mensal domiciliar per capita,Mais de 1 a 2 salários mínimos
Distribuição por faixas de renda,2022,Município,2503001,Caaporã (PB),"Moradores em domicílios particulares permanentes ocupados, exclusive os cuja condição no domicílio era pensionista, empregado(a) doméstico(a) ou parente do(a) empregado(a) doméstico(a)",Pessoas,1608,Classes de rendimento nominal mensal domiciliar per capita,Mais de 1 a 2 salários mínimos
Distribuição por faixas de renda,2022,Município,2503100,Cabaceiras (PB),"Moradores em domicílios particulares permanentes ocupados, exclusive os cuja condição no domicílio era pensionista, empregado(a) doméstico(a) ou parente do(a) empregado(a) doméstico(a)",Pessoas,636,Classes de rendimento nominal mensal domiciliar per capita,Mais de 1 a 2 salários mínimos
Distribuição por faixas de renda,2022,Município,2503209,Cabedelo (PB),"Moradores em domicílios particulares permanentes ocupados, exclusive os cuja condição no domicílio era pensionista, empregado(a) doméstico(a) ou parente do(a) empregado(a) doméstico(a)",Pessoas,12382,Classes de rendimento nominal mensal domiciliar per capita,Mais de 1 a 2 salários mínimos
Distribuição por faixas de renda,2022,Município,2503308,Cachoeira dos Índios (PB),"Moradores em domicílios particulares permanentes ocupados, exclusive os cuja condição no domicílio era pensionista, empregado(a) doméstico(a) ou parente do(a) empregado(a) doméstico(a)",Pessoas,701,Classes de rendimento nominal mensal domiciliar per capita,Mais de 1 a 2 salários mínimos
Distribuição por faixas de renda,2022,Município,2503407,Cacimba de Areia (PB),"Moradores em domicílios particulares permanentes ocupados, exclusive os cuja condição no domicílio era pensionista, empregado(a) doméstico(a) ou parente do(a) empregado(a) doméstico(a)",Pessoas,277,Classes de rendimento nominal mensal domiciliar per capita,Mais de 1 a 2 salários mínimos
Distribuição por faixas de renda,2022,Município,2503506,Cacimba de Dentro (PB),"Moradores em domicílios particulares permanentes ocupados, exclusive os cuja condição no domicílio era pensionista, empregado(a) doméstico(a) ou parente do(a) empregado(a) doméstico(a)",Pessoas,1089,Classes de rendimento nominal mensal domiciliar per capita,Mais de 1 a 2 salários mínimos
Distribuição por faixas de renda,2022,Município,2503555,Cacimbas (PB),"Moradores em domicílios particulares permanentes ocupados, exclusive os cuja condição no domicílio era pensionista, empregado(a) doméstico(a) ou parente do(a) empregado(a) doméstico(a)",Pessoas,481,Classes de rendimento nominal mensal domiciliar per capita,Mais de 1 a 2 salários mínimos
Distribuição por faixas de renda,2022,Município,2503605,Caiçara (PB),"Moradores em domicílios particulares permanentes ocupados, exclusive os cuja condição no domicílio era pensionista, empregado(a) doméstico(a) ou parente do(a) empregado(a) doméstico(a)",Pessoas,484,Classes de rendimento nominal mensal domiciliar per capita,Mais de 1 a 2 salários mínimos
Distribuição por faixas de renda,2022,Município,2503704,Cajazeiras (PB),"Moradores em domicílios particulares permanentes ocupados, exclusive os cuja condição no domicílio era pensionista, empregado(a) doméstico(a) ou parente do(a) empregado(a) doméstico(a)",Pessoas,9246,Classes de rendimento nominal mensal domiciliar per capita,Mais de 1 a 2 salários mínimos
Distribuição por faixas de renda,2022,Município,2503753,Cajazeirinhas (PB),"Moradores em domicílios particulares permanentes ocupados, exclusive os cuja condição no domicílio era pensionista, empregado(a) doméstico(a) ou parente do(a) empregado(a) doméstico(a)",Pessoas,217,Classes de rendimento nominal mensal domiciliar per capita,Mais de 1 a 2 salários mínimos
Distribuição por faixas de renda,2022,Município,2503803,Caldas Brandão (PB),"Moradores em domicílios particulares permanentes ocupados, exclusive os cuja condição no domicílio era pensionista, empregado(a) doméstico(a) ou parente do(a) empregado(a) doméstico(a)",Pessoas,356,Classes de rendimento nominal mensal domiciliar per capita,Mais de 1 a 2 salários mínimos
Distribuição por faixas de renda,2022,Município,2503902,Camalaú (PB),"Moradores em domicílios particulares permanentes ocupados, exclusive os cuja condição no domicílio era pensionista, empregado(a) doméstico(a) ou parente do(a) empregado(a) doméstico(a)",Pessoas,456,Classes de rendimento nominal mensal domiciliar per capita,Mais de 1 a 2 salários mínimos
Distribuição por faixas de renda,2022,Município,2504009,Campina Grande (PB),"Moradores em domicílios particulares permanentes ocupados, exclusive os cuja condição no domicílio era pensionista, empregado(a) doméstico(a) ou parente do(a) empregado(a) doméstico(a)",Pessoas,72673,Classes de rendimento nominal mensal domiciliar per capita,Mais de 1 a 2 salários mínimos
Distribuição por faixas de renda,2022,Município,2504033,Capim (PB),"Moradores em domicílios particulares permanentes ocupados, exclusive os cuja condição no domicílio era pensionista, empregado(a) doméstico(a) ou parente do(a) empregado(a) doméstico(a)",Pessoas,510,Classes de rendimento nominal mensal domiciliar per capita,Mais de 1 a 2 salários mínimos
Distribuição por faixas de renda,2022,Município,2504074,Caraúbas (PB),"Moradores em domicílios particulares permanentes ocupados, exclusive os cuja condição no domicílio era pensionista, empregado(a) doméstico(a) ou parente do(a) empregado(a) doméstico(a)",Pessoas,479,Classes de rendimento nominal mensal domiciliar per capita,Mais de 1 a 2 salários mínimos
Distribuição por faixas de renda,2022,Município,2504108,Carrapateira (PB),"Moradores em domicílios particulares permanentes ocupados, exclusive os cuja condição no domicílio era pensionista, empregado(a) doméstico(a) ou parente do(a) empregado(a) doméstico(a)",Pessoas,289,Classes de rendimento nominal mensal domiciliar per capita,Mais de 1 a 2 salários mínimos
Distribuição por faixas de renda,2022,Município,2504157,Casserengue (PB),"Moradores em domicílios particulares permanentes ocupados, exclusive os cuja condição no domicílio era pensionista, empregado(a) doméstico(a) ou parente do(a) empregado(a) doméstico(a)",Pessoas,422,Classes de rendimento nominal mensal domiciliar per capita,Mais de 1 a 2 salários mínimos
Distribuição por faixas de renda,2022,Município,2504207,Catingueira (PB),"Moradores em domicílios particulares permanentes ocupados, exclusive os cuja condição no domicílio era pensionista, empregado(a) doméstico(a) ou parente do(a) empregado(a) doméstico(a)",Pessoas,293,Classes de rendimento nominal mensal domiciliar per capita,Mais de 1 a 2 salários mínimos
Distribuição por faixas de renda,2022,Município,2504306,Catolé do Rocha (PB),"Moradores em domicílios particulares permanentes ocupados, exclusive os cuja condição no domicílio era pensionista, empregado(a) doméstico(a) ou parente do(a) empregado(a) doméstico(a)",Pessoas,4015,Classes de rendimento nominal mensal domiciliar per capita,Mais de 1 a 2 salários mínimos
Distribuição por faixas de renda,2022,Município,2504355,Caturité (PB),"Moradores em domicílios particulares permanentes ocupados, exclusive os cuja condição no domicílio era pensionista, empregado(a) doméstico(a) ou parente do(a) empregado(a) doméstico(a)",Pessoas,426,Classes de rendimento nominal mensal domiciliar per capita,Mais de 1 a 2 salários mínimos
Distribuição por faixas de renda,2022,Município,2504405,Conceição (PB),"Moradores em domicílios particulares permanentes ocupados, exclusive os cuja condição no domicílio era pensionista, empregado(a) doméstico(a) ou parente do(a) empregado(a) doméstico(a)",Pessoas,1633,Classes de rendimento nominal mensal domiciliar per capita,Mais de 1 a 2 salários mínimos
Distribuição por faixas de renda,2022,Município,2504504,Condado (PB),"Moradores em domicílios particulares permanentes ocupados, exclusive os cuja condição no domicílio era pensionista, empregado(a) doméstico(a) ou parente do(a) empregado(a) doméstico(a)",Pessoas,640,Classes de rendimento nominal mensal domiciliar per capita,Mais de 1 a 2 salários mínimos
Distribuição por faixas de renda,2022,Município,2504603,Conde (PB),"Moradores em domicílios particulares permanentes ocupados, exclusive os cuja condição no domicílio era pensionista, empregado(a) doméstico(a) ou parente do(a) empregado(a) doméstico(a)",Pessoas,3203,Classes de rendimento nominal mensal domiciliar per capita,Mais de 1 a 2 salários mínimos
Distribuição por faixas de renda,2022,Município,2504702,Congo (PB),"Moradores em domicílios particulares permanentes ocupados, exclusive os cuja condição no domicílio era pensionista, empregado(a) doméstico(a) ou parente do(a) empregado(a) doméstico(a)",Pessoas,479,Classes de rendimento nominal mensal domiciliar per capita,Mais de 1 a 2 salários mínimos
Distribuição por faixas de renda,2022,Município,2504801,Coremas (PB),"Moradores em domicílios particulares permanentes ocupados, exclusive os cuja condição no domicílio era pensionista, empregado(a) doméstico(a) ou parente do(a) empregado(a) doméstico(a)",Pessoas,1182,Classes de rendimento nominal mensal domiciliar per capita,Mais de 1 a 2 salários mínimos
Distribuição por faixas de renda,2022,Município,2504850,Coxixola (PB),"Moradores em domicílios particulares permanentes ocupados, exclusive os cuja condição no domicílio era pensionista, empregado(a) doméstico(a) ou parente do(a) empregado(a) doméstico(a)",Pessoas,135,Classes de rendimento nominal mensal domiciliar per capita,Mais de 1 a 2 salários mínimos
Distribuição por faixas de renda,2022,Município,2504900,Cruz do Espírito Santo (PB),"Moradores em domicílios particulares permanentes ocupados, exclusive os cuja condição no domicílio era pensionista, empregado(a) doméstico(a) ou parente do(a) empregado(a) doméstico(a)",Pessoas,1388,Classes de rendimento nominal mensal domiciliar per capita,Mais de 1 a 2 salários mínimos
Distribuição por faixas de renda,2022,Município,2505006,Cubati (PB),"Moradores em domicílios particulares permanentes ocupados, exclusive os cuja condição no domicílio era pensionista, empregado(a) doméstico(a) ou parente do(a) empregado(a) doméstico(a)",Pessoas,739,Classes de rendimento nominal mensal domiciliar per capita,Mais de 1 a 2 salários mínimos
Distribuição por faixas de renda,2022,Município,2505105,Cuité (PB),"Moradores em domicílios particulares permanentes ocupados, exclusive os cuja condição no domicílio era pensionista, empregado(a) doméstico(a) ou parente do(a) empregado(a) doméstico(a)",Pessoas,2388,Classes de rendimento nominal mensal domiciliar per capita,Mais de 1 a 2 salários mínimos
Distribuição por faixas de renda,2022,Município,2505204,Cuitegi (PB),"Moradores em domicílios particulares permanentes ocupados, exclusive os cuja condição no domicílio era pensionista, empregado(a) doméstico(a) ou parente do(a) empregado(a) doméstico(a)",Pessoas,580,Classes de rendimento nominal mensal domiciliar per capita,Mais de 1 a 2 salários mínimos
Distribuição por faixas de renda,2022,Município,2505238,Cuité de Mamanguape (PB),"Moradores em domicílios particulares permanentes ocupados, exclusive os cuja condição no domicílio era pensionista, empregado(a) doméstico(a) ou parente do(a) empregado(a) doméstico(a)",Pessoas,453,Classes de rendimento nominal mensal domiciliar per capita,Mais de 1 a 2 salários mínimos
Distribuição por faixas de renda,2022,Município,2505279,Curral de Cima (PB),"Moradores em domicílios particulares permanentes ocupados, exclusive os cuja condição no domicílio era pensionista, empregado(a) doméstico(a) ou parente do(a) empregado(a) doméstico(a)",Pessoas,351,Classes de rendimento nominal mensal domiciliar per capita,Mais de 1 a 2 salários mínimos
Distribuição por faixas de renda,2022,Município,2505303,Curral Velho (PB),"Moradores em domicílios particulares permanentes ocupados, exclusive os cuja condição no domicílio era pensionista, empregado(a) doméstico(a) ou parente do(a) empregado(a) doméstico(a)",Pessoas,277,Classes de rendimento nominal mensal domiciliar per capita,Mais de 1 a 2 salários mínimos
Distribuição por faixas de renda,2022,Município,2505352,Damião (PB),"Moradores em domicílios particulares permanentes ocupados, exclusive os cuja condição no domicílio era pensionista, empregado(a) doméstico(a) ou parente do(a) empregado(a) doméstico(a)",Pessoas,181,Classes de rendimento nominal mensal domiciliar per capita,Mais de 1 a 2 salários mínimos
Distribuição por faixas de renda,2022,Município,2505402,Desterro (PB),"Moradores em domicílios particulares permanentes ocupados, exclusive os cuja condição no domicílio era pensionista, empregado(a) doméstico(a) ou parente do(a) empregado(a) doméstico(a)",Pessoas,697,Classes de rendimento nominal mensal domiciliar per capita,Mais de 1 a 2 salários mínimos
Distribuição por faixas de renda,2022,Município,2505501,Vista Serrana (PB),"Moradores em domicílios particulares permanentes ocupados, exclusive os cuja condição no domicílio era pensionista, empregado(a) doméstico(a) ou parente do(a) empregado(a) doméstico(a)",Pessoas,284,Classes de rendimento nominal mensal domiciliar per capita,Mais de 1 a 2 salários mínimos
Distribuição por faixas de renda,2022,Município,2505600,Diamante (PB),"Moradores em domicílios particulares permanentes ocupados, exclusive os cuja condição no domicílio era pensionista, empregado(a) doméstico(a) ou parente do(a) empregado(a) doméstico(a)",Pessoas,647,Classes de rendimento nominal mensal domiciliar per capita,Mais de 1 a 2 salários mínimos
Distribuição por faixas de renda,2022,Município,2505709,Dona Inês (PB),"Moradores em domicílios particulares permanentes ocupados, exclusive os cuja condição no domicílio era pensionista, empregado(a) doméstico(a) ou parente do(a) empregado(a) doméstico(a)",Pessoas,872,Classes de rendimento nominal mensal domiciliar per capita,Mais de 1 a 2 salários mínimos
Distribuição por faixas de renda,2022,Município,2505808,Duas Estradas (PB),"Moradores em domicílios particulares permanentes ocupados, exclusive os cuja condição no domicílio era pensionista, empregado(a) doméstico(a) ou parente do(a) empregado(a) doméstico(a)",Pessoas,309,Classes de rendimento nominal mensal domiciliar per capita,Mais de 1 a 2 salários mínimos
Distribuição por faixas de renda,2022,Município,2505907,Emas (PB),"Moradores em domicílios particulares permanentes ocupados, exclusive os cuja condição no domicílio era pensionista, empregado(a) doméstico(a) ou parente do(a) empregado(a) doméstico(a)",Pessoas,333,Classes de rendimento nominal mensal domiciliar per capita,Mais de 1 a 2 salários mínimos
Distribuição por faixas de renda,2022,Município,2506004,Esperança (PB),"Moradores em domicílios particulares permanentes ocupados, exclusive os cuja condição no domicílio era pensionista, empregado(a) doméstico(a) ou parente do(a) empregado(a) doméstico(a)",Pessoas,3066,Classes de rendimento nominal mensal domiciliar per capita,Mais de 1 a 2 salários mínimos
Distribuição por faixas de renda,2022,Município,2506103,Fagundes (PB),"Moradores em domicílios particulares permanentes ocupados, exclusive os cuja condição no domicílio era pensionista, empregado(a) doméstico(a) ou parente do(a) empregado(a) doméstico(a)",Pessoas,788,Classes de rendimento nominal mensal domiciliar per capita,Mais de 1 a 2 salários mínimos
Distribuição por faixas de renda,2022,Município,2506202,Frei Martinho (PB),"Moradores em domicílios particulares permanentes ocupados, exclusive os cuja condição no domicílio era pensionista, empregado(a) doméstico(a) ou parente do(a) empregado(a) doméstico(a)",Pessoas,344,Classes de rendimento nominal mensal domiciliar per capita,Mais de 1 a 2 salários mínimos
Distribuição por faixas de renda,2022,Município,2506251,Gado Bravo (PB),"Moradores em domicílios particulares permanentes ocupados, exclusive os cuja condição no domicílio era pensionista, empregado(a) doméstico(a) ou parente do(a) empregado(a) doméstico(a)",Pessoas,500,Classes de rendimento nominal mensal domiciliar per capita,Mais de 1 a 2 salários mínimos
Distribuição por faixas de renda,2022,Município,2506301,Guarabira (PB),"Moradores em domicílios particulares permanentes ocupados, exclusive os cuja condição no domicílio era pensionista, empregado(a) doméstico(a) ou parente do(a) empregado(a) doméstico(a)",Pessoas,8129,Classes de rendimento nominal mensal domiciliar per capita,Mais de 1 a 2 salários mínimos
Distribuição por faixas de renda,2022,Município,2506400,Gurinhém (PB),"Moradores em domicílios particulares permanentes ocupados, exclusive os cuja condição no domicílio era pensionista, empregado(a) doméstico(a) ou parente do(a) empregado(a) doméstico(a)",Pessoas,1144,Classes de rendimento nominal mensal domiciliar per capita,Mais de 1 a 2 salários mínimos
Distribuição por faixas de renda,2022,Município,2506509,Gurjão (PB),"Moradores em domicílios particulares permanentes ocupados, exclusive os cuja condição no domicílio era pensionista, empregado(a) doméstico(a) ou parente do(a) empregado(a) doméstico(a)",Pessoas,351,Classes de rendimento nominal mensal domiciliar per capita,Mais de 1 a 2 salários mínimos
Distribuição por faixas de renda,2022,Município,2506608,Ibiara (PB),"Moradores em domicílios particulares permanentes ocupados, exclusive os cuja condição no domicílio era pensionista, empregado(a) doméstico(a) ou parente do(a) empregado(a) doméstico(a)",Pessoas,607,Classes de rendimento nominal mensal domiciliar per capita,Mais de 1 a 2 salários mínimos
Distribuição por faixas de renda,2022,Município,2506707,Imaculada (PB),"Moradores em domicílios particulares permanentes ocupados, exclusive os cuja condição no domicílio era pensionista, empregado(a) doméstico(a) ou parente do(a) empregado(a) doméstico(a)",Pessoas,868,Classes de rendimento nominal mensal domiciliar per capita,Mais de 1 a 2 salários mínimos
Distribuição por faixas de renda,2022,Município,2506806,Ingá (PB),"Moradores em domicílios particulares permanentes ocupados, exclusive os cuja condição no domicílio era pensionista, empregado(a) doméstico(a) ou parente do(a) empregado(a) doméstico(a)",Pessoas,1915,Classes de rendimento nominal mensal domiciliar per capita,Mais de 1 a 2 salários mínimos
Distribuição por faixas de renda,2022,Município,2506905,Itabaiana (PB),"Moradores em domicílios particulares permanentes ocupados, exclusive os cuja condição no domicílio era pensionista, empregado(a) doméstico(a) ou parente do(a) empregado(a) doméstico(a)",Pessoas,2672,Classes de rendimento nominal mensal domiciliar per capita,Mais de 1 a 2 salários mínimos
Distribuição por faixas de renda,2022,Município,2507002,Itaporanga (PB),"Moradores em domicílios particulares permanentes ocupados, exclusive os cuja condição no domicílio era pensionista, empregado(a) doméstico(a) ou parente do(a) empregado(a) doméstico(a)",Pessoas,2783,Classes de rendimento nominal mensal domiciliar per capita,Mais de 1 a 2 salários mínimos
Distribuição por faixas de renda,2022,Município,2507101,Itapororoca (PB),"Moradores em domicílios particulares permanentes ocupados, exclusive os cuja condição no domicílio era pensionista, empregado(a) doméstico(a) ou parente do(a) empregado(a) doméstico(a)",Pessoas,1486,Classes de rendimento nominal mensal domiciliar per capita,Mais de 1 a 2 salários mínimos
Distribuição por faixas de renda,2022,Município,2507200,Itatuba (PB),"Moradores em domicílios particulares permanentes ocupados, exclusive os cuja condição no domicílio era pensionista, empregado(a) doméstico(a) ou parente do(a) empregado(a) doméstico(a)",Pessoas,619,Classes de rendimento nominal mensal domiciliar per capita,Mais de 1 a 2 salários mínimos
Distribuição por faixas de renda,2022,Município,2507309,Jacaraú (PB),"Moradores em domicílios particulares permanentes ocupados, exclusive os cuja condição no domicílio era pensionista, empregado(a) doméstico(a) ou parente do(a) empregado(a) doméstico(a)",Pessoas,1363,Classes de rendimento nominal mensal domiciliar per capita,Mais de 1 a 2 salários mínimos
Distribuição por faixas de renda,2022,Município,2507408,Jericó (PB),"Moradores em domicílios particulares permanentes ocupados, exclusive os cuja condição no domicílio era pensionista, empregado(a) doméstico(a) ou parente do(a) empregado(a) doméstico(a)",Pessoas,959,Classes de rendimento nominal mensal domiciliar per capita,Mais de 1 a 2 salários mínimos
Distribuição por faixas de renda,2022,Município,2507507,João Pessoa (PB),"Moradores em domicílios particulares permanentes ocupados, exclusive os cuja condição no domicílio era pensionista, empregado(a) doméstico(a) ou parente do(a) empregado(a) doméstico(a)",Pessoas,166198,Classes de rendimento nominal mensal domiciliar per capita,Mais de 1 a 2 salários mínimos
Distribuição por faixas de renda,2022,Município,2507606,Juarez Távora (PB),"Moradores em domicílios particulares permanentes ocupados, exclusive os cuja condição no domicílio era pensionista, empregado(a) doméstico(a) ou parente do(a) empregado(a) doméstico(a)",Pessoas,784,Classes de rendimento nominal mensal domiciliar per capita,Mais de 1 a 2 salários mínimos
Distribuição por faixas de renda,2022,Município,2507705,Juazeirinho (PB),"Moradores em domicílios particulares permanentes ocupados, exclusive os cuja condição no domicílio era pensionista, empregado(a) doméstico(a) ou parente do(a) empregado(a) doméstico(a)",Pessoas,1343,Classes de rendimento nominal mensal domiciliar per capita,Mais de 1 a 2 salários mínimos
Distribuição por faixas de renda,2022,Município,2507804,Junco do Seridó (PB),"Moradores em domicílios particulares permanentes ocupados, exclusive os cuja condição no domicílio era pensionista, empregado(a) doméstico(a) ou parente do(a) empregado(a) doméstico(a)",Pessoas,725,Classes de rendimento nominal mensal domiciliar per capita,Mais de 1 a 2 salários mínimos
Distribuição por faixas de renda,2022,Município,2507903,Juripiranga (PB),"Moradores em domicílios particulares permanentes ocupados, exclusive os cuja condição no domicílio era pensionista, empregado(a) doméstico(a) ou parente do(a) empregado(a) doméstico(a)",Pessoas,723,Classes de rendimento nominal mensal domiciliar per capita,Mais de 1 a 2 salários mínimos
Distribuição por faixas de renda,2022,Município,2508000,Juru (PB),"Moradores em domicílios particulares permanentes ocupados, exclusive os cuja condição no domicílio era pensionista, empregado(a) doméstico(a) ou parente do(a) empregado(a) doméstico(a)",Pessoas,721,Classes de rendimento nominal mensal domiciliar per capita,Mais de 1 a 2 salários mínimos
Distribuição por faixas de renda,2022,Município,2508109,Lagoa (PB),"Moradores em domicílios particulares permanentes ocupados, exclusive os cuja condição no domicílio era pensionista, empregado(a) doméstico(a) ou parente do(a) empregado(a) doméstico(a)",Pessoas,470,Classes de rendimento nominal mensal domiciliar per capita,Mais de 1 a 2 salários mínimos
Distribuição por faixas de renda,2022,Município,2508208,Lagoa de Dentro (PB),"Moradores em domicílios particulares permanentes ocupados, exclusive os cuja condição no domicílio era pensionista, empregado(a) doméstico(a) ou parente do(a) empregado(a) doméstico(a)",Pessoas,868,Classes de rendimento nominal mensal domiciliar per capita,Mais de 1 a 2 salários mínimos
Distribuição por faixas de renda,2022,Município,2508307,Lagoa Seca (PB),"Moradores em domicílios particulares permanentes ocupados, exclusive os cuja condição no domicílio era pensionista, empregado(a) doméstico(a) ou parente do(a) empregado(a) doméstico(a)",Pessoas,3018,Classes de rendimento nominal mensal domiciliar per capita,Mais de 1 a 2 salários mínimos
Distribuição por faixas de renda,2022,Município,2508406,Lastro (PB),"Moradores em domicílios particulares permanentes ocupados, exclusive os cuja condição no domicílio era pensionista, empregado(a) doméstico(a) ou parente do(a) empregado(a) doméstico(a)",Pessoas,126,Classes de rendimento nominal mensal domiciliar per capita,Mais de 1 a 2 salários mínimos
Distribuição por faixas de renda,2022,Município,2508505,Livramento (PB),"Moradores em domicílios particulares permanentes ocupados, exclusive os cuja condição no domicílio era pensionista, empregado(a) doméstico(a) ou parente do(a) empregado(a) doméstico(a)",Pessoas,395,Classes de rendimento nominal mensal domiciliar per capita,Mais de 1 a 2 salários mínimos
Distribuição por faixas de renda,2022,Município,2508554,Logradouro (PB),"Moradores em domicílios particulares permanentes ocupados, exclusive os cuja condição no domicílio era pensionista, empregado(a) doméstico(a) ou parente do(a) empregado(a) doméstico(a)",Pessoas,412,Classes de rendimento nominal mensal domiciliar per capita,Mais de 1 a 2 salários mínimos
Distribuição por faixas de renda,2022,Município,2508604,Lucena (PB),"Moradores em domicílios particulares permanentes ocupados, exclusive os cuja condição no domicílio era pensionista, empregado(a) doméstico(a) ou parente do(a) empregado(a) doméstico(a)",Pessoas,1307,Classes de rendimento nominal mensal domiciliar per capita,Mais de 1 a 2 salários mínimos
Distribuição por faixas de renda,2022,Município,2508703,Mãe d'Água (PB),"Moradores em domicílios particulares permanentes ocupados, exclusive os cuja condição no domicílio era pensionista, empregado(a) doméstico(a) ou parente do(a) empregado(a) doméstico(a)",Pessoas,331,Classes de rendimento nominal mensal domiciliar per capita,Mais de 1 a 2 salários mínimos
Distribuição por faixas de renda,2022,Município,2508802,Malta (PB),"Moradores em domicílios particulares permanentes ocupados, exclusive os cuja condição no domicílio era pensionista, empregado(a) doméstico(a) ou parente do(a) empregado(a) doméstico(a)",Pessoas,865,Classes de rendimento nominal mensal domiciliar per capita,Mais de 1 a 2 salários mínimos
Distribuição por faixas de renda,2022,Município,2508901,Mamanguape (PB),"Moradores em domicílios particulares permanentes ocupados, exclusive os cuja condição no domicílio era pensionista, empregado(a) doméstico(a) ou parente do(a) empregado(a) doméstico(a)",Pessoas,4911,Classes de rendimento nominal mensal domiciliar per capita,Mais de 1 a 2 salários mínimos
Distribuição por faixas de renda,2022,Município,2509008,Manaíra (PB),"Moradores em domicílios particulares permanentes ocupados, exclusive os cuja condição no domicílio era pensionista, empregado(a) doméstico(a) ou parente do(a) empregado(a) doméstico(a)",Pessoas,717,Classes de rendimento nominal mensal domiciliar per capita,Mais de 1 a 2 salários mínimos
Distribuição por faixas de renda,2022,Município,2509057,Marcação (PB),"Moradores em domicílios particulares permanentes ocupados, exclusive os cuja condição no domicílio era pensionista, empregado(a) doméstico(a) ou parente do(a) empregado(a) doméstico(a)",Pessoas,383,Classes de rendimento nominal mensal domiciliar per capita,Mais de 1 a 2 salários mínimos
Distribuição por faixas de renda,2022,Município,2509107,Mari (PB),"Moradores em domicílios particulares permanentes ocupados, exclusive os cuja condição no domicílio era pensionista, empregado(a) doméstico(a) ou parente do(a) empregado(a) doméstico(a)",Pessoas,1559,Classes de rendimento nominal mensal domiciliar per capita,Mais de 1 a 2 salários mínimos
Distribuição por faixas de renda,2022,Município,2509156,Marizópolis (PB),"Moradores em domicílios particulares permanentes ocupados, exclusive os cuja condição no domicílio era pensionista, empregado(a) doméstico(a) ou parente do(a) empregado(a) doméstico(a)",Pessoas,501,Classes de rendimento nominal mensal domiciliar per capita,Mais de 1 a 2 salários mínimos
Distribuição por faixas de renda,2022,Município,2509206,Massaranduba (PB),"Moradores em domicílios particulares permanentes ocupados, exclusive os cuja condição no domicílio era pensionista, empregado(a) doméstico(a) ou parente do(a) empregado(a) doméstico(a)",Pessoas,1231,Classes de rendimento nominal mensal domiciliar per capita,Mais de 1 a 2 salários mínimos
Distribuição por faixas de renda,2022,Município,2509305,Mataraca (PB),"Moradores em domicílios particulares permanentes ocupados, exclusive os cuja condição no domicílio era pensionista, empregado(a) doméstico(a) ou parente do(a) empregado(a) doméstico(a)",Pessoas,736,Classes de rendimento nominal mensal domiciliar per capita,Mais de 1 a 2 salários mínimos
Distribuição por faixas de renda,2022,Município,2509339,Matinhas (PB),"Moradores em domicílios particulares permanentes ocupados, exclusive os cuja condição no domicílio era pensionista, empregado(a) doméstico(a) ou parente do(a) empregado(a) doméstico(a)",Pessoas,331,Classes de rendimento nominal mensal domiciliar per capita,Mais de 1 a 2 salários mínimos
Distribuição por faixas de renda,2022,Município,2509370,Mato Grosso (PB),"Moradores em domicílios particulares permanentes ocupados, exclusive os cuja condição no domicílio era pensionista, empregado(a) doméstico(a) ou parente do(a) empregado(a) doméstico(a)",Pessoas,412,Classes de rendimento nominal mensal domiciliar per capita,Mais de 1 a 2 salários mínimos
Distribuição por faixas de renda,2022,Município,2509396,Maturéia (PB),"Moradores em domicílios particulares permanentes ocupados, exclusive os cuja condição no domicílio era pensionista, empregado(a) doméstico(a) ou parente do(a) empregado(a) doméstico(a)",Pessoas,510,Classes de rendimento nominal mensal domiciliar per capita,Mais de 1 a 2 salários mínimos
Distribuição por faixas de renda,2022,Município,2509404,Mogeiro (PB),"Moradores em domicílios particulares permanentes ocupados, exclusive os cuja condição no domicílio era pensionista, empregado(a) doméstico(a) ou parente do(a) empregado(a) doméstico(a)",Pessoas,1179,Classes de rendimento nominal mensal domiciliar per capita,Mais de 1 a 2 salários mínimos
Distribuição por faixas de renda,2022,Município,2509503,Montadas (PB),"Moradores em domicílios particulares permanentes ocupados, exclusive os cuja condição no domicílio era pensionista, empregado(a) doméstico(a) ou parente do(a) empregado(a) doméstico(a)",Pessoas,559,Classes de rendimento nominal mensal domiciliar per capita,Mais de 1 a 2 salários mínimos
Distribuição por faixas de renda,2022,Município,2509602,Monte Horebe (PB),"Moradores em domicílios particulares permanentes ocupados, exclusive os cuja condição no domicílio era pensionista, empregado(a) doméstico(a) ou parente do(a) empregado(a) doméstico(a)",Pessoas,234,Classes de rendimento nominal mensal domiciliar per capita,Mais de 1 a 2 salários mínimos
Distribuição por faixas de renda,2022,Município,2509701,Monteiro (PB),"Moradores em domicílios particulares permanentes ocupados, exclusive os cuja condição no domicílio era pensionista, empregado(a) doméstico(a) ou parente do(a) empregado(a) doméstico(a)",Pessoas,3638,Classes de rendimento nominal mensal domiciliar per capita,Mais de 1 a 2 salários mínimos
Distribuição por faixas de renda,2022,Município,2509800,Mulungu (PB),"Moradores em domicílios particulares permanentes ocupados, exclusive os cuja condição no domicílio era pensionista, empregado(a) doméstico(a) ou parente do(a) empregado(a) doméstico(a)",Pessoas,775,Classes de rendimento nominal mensal domiciliar per capita,Mais de 1 a 2 salários mínimos
Distribuição por faixas de renda,2022,Município,2509909,Natuba (PB),"Moradores em domicílios particulares permanentes ocupados, exclusive os cuja condição no domicílio era pensionista, empregado(a) doméstico(a) ou parente do(a) empregado(a) doméstico(a)",Pessoas,495,Classes de rendimento nominal mensal domiciliar per capita,Mais de 1 a 2 salários mínimos
Distribuição por faixas de renda,2022,Município,2510006,Nazarezinho (PB),"Moradores em domicílios particulares permanentes ocupados, exclusive os cuja condição no domicílio era pensionista, empregado(a) doméstico(a) ou parente do(a) empregado(a) doméstico(a)",Pessoas,507,Classes de rendimento nominal mensal domiciliar per capita,Mais de 1 a 2 salários mínimos
Distribuição por faixas de renda,2022,Município,2510105,Nova Floresta (PB),"Moradores em domicílios particulares permanentes ocupados, exclusive os cuja condição no domicílio era pensionista, empregado(a) doméstico(a) ou parente do(a) empregado(a) doméstico(a)",Pessoas,920,Classes de rendimento nominal mensal domiciliar per capita,Mais de 1 a 2 salários mínimos
Distribuição por faixas de renda,2022,Município,2510204,Nova Olinda (PB),"Moradores em domicílios particulares permanentes ocupados, exclusive os cuja condição no domicílio era pensionista, empregado(a) doméstico(a) ou parente do(a) empregado(a) doméstico(a)",Pessoas,430,Classes de rendimento nominal mensal domiciliar per capita,Mais de 1 a 2 salários mínimos
Distribuição por faixas de renda,2022,Município,2510303,Nova Palmeira (PB),"Moradores em domicílios particulares permanentes ocupados, exclusive os cuja condição no domicílio era pensionista, empregado(a) doméstico(a) ou parente do(a) empregado(a) doméstico(a)",Pessoas,504,Classes de rendimento nominal mensal domiciliar per capita,Mais de 1 a 2 salários mínimos
Distribuição por faixas de renda,2022,Município,2510402,Olho d'Água (PB),"Moradores em domicílios particulares permanentes ocupados, exclusive os cuja condição no domicílio era pensionista, empregado(a) doméstico(a) ou parente do(a) empregado(a) doméstico(a)",Pessoas,265,Classes de rendimento nominal mensal domiciliar per capita,Mais de 1 a 2 salários mínimos
Distribuição por faixas de renda,2022,Município,2510501,Olivedos (PB),"Moradores em domicílios particulares permanentes ocupados, exclusive os cuja condição no domicílio era pensionista, empregado(a) doméstico(a) ou parente do(a) empregado(a) doméstico(a)",Pessoas,357,Classes de rendimento nominal mensal domiciliar per capita,Mais de 1 a 2 salários mínimos
Distribuição por faixas de renda,2022,Município,2510600,Ouro Velho (PB),"Moradores em domicílios particulares permanentes ocupados, exclusive os cuja condição no domicílio era pensionista, empregado(a) doméstico(a) ou parente do(a) empregado(a) doméstico(a)",Pessoas,309,Classes de rendimento nominal mensal domiciliar per capita,Mais de 1 a 2 salários mínimos
Distribuição por faixas de renda,2022,Município,2510659,Parari (PB),"Moradores em domicílios particulares permanentes ocupados, exclusive os cuja condição no domicílio era pensionista, empregado(a) doméstico(a) ou parente do(a) empregado(a) doméstico(a)",Pessoas,198,Classes de rendimento nominal mensal domiciliar per capita,Mais de 1 a 2 salários mínimos
Distribuição por faixas de renda,2022,Município,2510709,Passagem (PB),"Moradores em domicílios particulares permanentes ocupados, exclusive os cuja condição no domicílio era pensionista, empregado(a) doméstico(a) ou parente do(a) empregado(a) doméstico(a)",Pessoas,239,Classes de rendimento nominal mensal domiciliar per capita,Mais de 1 a 2 salários mínimos
Distribuição por faixas de renda,2022,Município,2510808,Patos (PB),"Moradores em domicílios particulares permanentes ocupados, exclusive os cuja condição no domicílio era pensionista, empregado(a) doméstico(a) ou parente do(a) empregado(a) doméstico(a)",Pessoas,17917,Classes de rendimento nominal mensal domiciliar per capita,Mais de 1 a 2 salários mínimos
Distribuição por faixas de renda,2022,Município,2510907,Paulista (PB),"Moradores em domicílios particulares permanentes ocupados, exclusive os cuja condição no domicílio era pensionista, empregado(a) doméstico(a) ou parente do(a) empregado(a) doméstico(a)",Pessoas,1289,Classes de rendimento nominal mensal domiciliar per capita,Mais de 1 a 2 salários mínimos
Distribuição por faixas de renda,2022,Município,2511004,Pedra Branca (PB),"Moradores em domicílios particulares permanentes ocupados, exclusive os cuja condição no domicílio era pensionista, empregado(a) doméstico(a) ou parente do(a) empregado(a) doméstico(a)",Pessoas,295,Classes de rendimento nominal mensal domiciliar per capita,Mais de 1 a 2 salários mínimos
Distribuição por faixas de renda,2022,Município,2511103,Pedra Lavrada (PB),"Moradores em domicílios particulares permanentes ocupados, exclusive os cuja condição no domicílio era pensionista, empregado(a) doméstico(a) ou parente do(a) empregado(a) doméstico(a)",Pessoas,673,Classes de rendimento nominal mensal domiciliar per capita,Mais de 1 a 2 salários mínimos
Distribuição por faixas de renda,2022,Município,2511202,Pedras de Fogo (PB),"Moradores em domicílios particulares permanentes ocupados, exclusive os cuja condição no domicílio era pensionista, empregado(a) doméstico(a) ou parente do(a) empregado(a) doméstico(a)",Pessoas,3043,Classes de rendimento nominal mensal domiciliar per capita,Mais de 1 a 2 salários mínimos
Distribuição por faixas de renda,2022,Município,2511301,Piancó (PB),"Moradores em domicílios particulares permanentes ocupados, exclusive os cuja condição no domicílio era pensionista, empregado(a) doméstico(a) ou parente do(a) empregado(a) doméstico(a)",Pessoas,1586,Classes de rendimento nominal mensal domiciliar per capita,Mais de 1 a 2 salários mínimos
Distribuição por faixas de renda,2022,Município,2511400,Picuí (PB),"Moradores em domicílios particulares permanentes ocupados, exclusive os cuja condição no domicílio era pensionista, empregado(a) doméstico(a) ou parente do(a) empregado(a) doméstico(a)",Pessoas,2018,Classes de rendimento nominal mensal domiciliar per capita,Mais de 1 a 2 salários mínimos
Distribuição por faixas de renda,2022,Município,2511509,Pilar (PB),"Moradores em domicílios particulares permanentes ocupados, exclusive os cuja condição no domicílio era pensionista, empregado(a) doméstico(a) ou parente do(a) empregado(a) doméstico(a)",Pessoas,877,Classes de rendimento nominal mensal domiciliar per capita,Mais de 1 a 2 salários mínimos
Distribuição por faixas de renda,2022,Município,2511608,Pilões (PB),"Moradores em domicílios particulares permanentes ocupados, exclusive os cuja condição no domicílio era pensionista, empregado(a) doméstico(a) ou parente do(a) empregado(a) doméstico(a)",Pessoas,438,Classes de rendimento nominal mensal domiciliar per capita,Mais de 1 a 2 salários mínimos
Distribuição por faixas de renda,2022,Município,2511707,Pilõezinhos (PB),"Moradores em domicílios particulares permanentes ocupados, exclusive os cuja condição no domicílio era pensionista, empregado(a) doméstico(a) ou parente do(a) empregado(a) doméstico(a)",Pessoas,509,Classes de rendimento nominal mensal domiciliar per capita,Mais de 1 a 2 salários mínimos
Distribuição por faixas de renda,2022,Município,2511806,Pirpirituba (PB),"Moradores em domicílios particulares permanentes ocupados, exclusive os cuja condição no domicílio era pensionista, empregado(a) doméstico(a) ou parente do(a) empregado(a) doméstico(a)",Pessoas,823,Classes de rendimento nominal mensal domiciliar per capita,Mais de 1 a 2 salários mínimos
Distribuição por faixas de renda,2022,Município,2511905,Pitimbu (PB),"Moradores em domicílios particulares permanentes ocupados, exclusive os cuja condição no domicílio era pensionista, empregado(a) doméstico(a) ou parente do(a) empregado(a) doméstico(a)",Pessoas,1707,Classes de rendimento nominal mensal domiciliar per capita,Mais de 1 a 2 salários mínimos
Distribuição por faixas de renda,2022,Município,2512002,Pocinhos (PB),"Moradores em domicílios particulares permanentes ocupados, exclusive os cuja condição no domicílio era pensionista, empregado(a) doméstico(a) ou parente do(a) empregado(a) doméstico(a)",Pessoas,1427,Classes de rendimento nominal mensal domiciliar per capita,Mais de 1 a 2 salários mínimos
Distribuição por faixas de renda,2022,Município,2512036,Poço Dantas (PB),"Moradores em domicílios particulares permanentes ocupados, exclusive os cuja condição no domicílio era pensionista, empregado(a) doméstico(a) ou parente do(a) empregado(a) doméstico(a)",Pessoas,302,Classes de rendimento nominal mensal domiciliar per capita,Mais de 1 a 2 salários mínimos
Distribuição por faixas de renda,2022,Município,2512077,Poço de José de Moura (PB),"Moradores em domicílios particulares permanentes ocupados, exclusive os cuja condição no domicílio era pensionista, empregado(a) doméstico(a) ou parente do(a) empregado(a) doméstico(a)",Pessoas,418,Classes de rendimento nominal mensal domiciliar per capita,Mais de 1 a 2 salários mínimos
Distribuição por faixas de renda,2022,Município,2512101,Pombal (PB),"Moradores em domicílios particulares permanentes ocupados, exclusive os cuja condição no domicílio era pensionista, empregado(a) doméstico(a) ou parente do(a) empregado(a) doméstico(a)",Pessoas,4510,Classes de rendimento nominal mensal domiciliar per capita,Mais de 1 a 2 salários mínimos
Distribuição por faixas de renda,2022,Município,2512200,Prata (PB),"Moradores em domicílios particulares permanentes ocupados, exclusive os cuja condição no domicílio era pensionista, empregado(a) doméstico(a) ou parente do(a) empregado(a) doméstico(a)",Pessoas,485,Classes de rendimento nominal mensal domiciliar per capita,Mais de 1 a 2 salários mínimos
Distribuição por faixas de renda,2022,Município,2512309,Princesa Isabel (PB),"Moradores em domicílios particulares permanentes ocupados, exclusive os cuja condição no domicílio era pensionista, empregado(a) doméstico(a) ou parente do(a) empregado(a) doméstico(a)",Pessoas,2040,Classes de rendimento nominal mensal domiciliar per capita,Mais de 1 a 2 salários mínimos
Distribuição por faixas de renda,2022,Município,2512408,Puxinanã (PB),"Moradores em domicílios particulares permanentes ocupados, exclusive os cuja condição no domicílio era pensionista, empregado(a) doméstico(a) ou parente do(a) empregado(a) doméstico(a)",Pessoas,1133,Classes de rendimento nominal mensal domiciliar per capita,Mais de 1 a 2 salários mínimos
Distribuição por faixas de renda,2022,Município,2512507,Queimadas (PB),"Moradores em domicílios particulares permanentes ocupados, exclusive os cuja condição no domicílio era pensionista, empregado(a) doméstico(a) ou parente do(a) empregado(a) doméstico(a)",Pessoas,4151,Classes de rendimento nominal mensal domiciliar per capita,Mais de 1 a 2 salários mínimos
Distribuição por faixas de renda,2022,Município,2512606,Quixaba (PB),"Moradores em domicílios particulares permanentes ocupados, exclusive os cuja condição no domicílio era pensionista, empregado(a) doméstico(a) ou parente do(a) empregado(a) doméstico(a)",Pessoas,99,Classes de rendimento nominal mensal domiciliar per capita,Mais de 1 a 2 salários mínimos
Distribuição por faixas de renda,2022,Município,2512705,Remígio (PB),"Moradores em domicílios particulares permanentes ocupados, exclusive os cuja condição no domicílio era pensionista, empregado(a) doméstico(a) ou parente do(a) empregado(a) doméstico(a)",Pessoas,1990,Classes de rendimento nominal mensal domiciliar per capita,Mais de 1 a 2 salários mínimos
Distribuição por faixas de renda,2022,Município,2512721,Pedro Régis (PB),"Moradores em domicílios particulares permanentes ocupados, exclusive os cuja condição no domicílio era pensionista, empregado(a) doméstico(a) ou parente do(a) empregado(a) doméstico(a)",Pessoas,308,Classes de rendimento nominal mensal domiciliar per capita,Mais de 1 a 2 salários mínimos
Distribuição por faixas de renda,2022,Município,2512747,Riachão (PB),"Moradores em domicílios particulares permanentes ocupados, exclusive os cuja condição no domicílio era pensionista, empregado(a) doméstico(a) ou parente do(a) empregado(a) doméstico(a)",Pessoas,177,Classes de rendimento nominal mensal domiciliar per capita,Mais de 1 a 2 salários mínimos
Distribuição por faixas de renda,2022,Município,2512754,Riachão do Bacamarte (PB),"Moradores em domicílios particulares permanentes ocupados, exclusive os cuja condição no domicílio era pensionista, empregado(a) doméstico(a) ou parente do(a) empregado(a) doméstico(a)",Pessoas,256,Classes de rendimento nominal mensal domiciliar per capita,Mais de 1 a 2 salários mínimos
Distribuição por faixas de renda,2022,Município,2512762,Riachão do Poço (PB),"Moradores em domicílios particulares permanentes ocupados, exclusive os cuja condição no domicílio era pensionista, empregado(a) doméstico(a) ou parente do(a) empregado(a) doméstico(a)",Pessoas,255,Classes de rendimento nominal mensal domiciliar per capita,Mais de 1 a 2 salários mínimos
Distribuição por faixas de renda,2022,Município,2512788,Riacho de Santo Antônio (PB),"Moradores em domicílios particulares permanentes ocupados, exclusive os cuja condição no domicílio era pensionista, empregado(a) doméstico(a) ou parente do(a) empregado(a) doméstico(a)",Pessoas,209,Classes de rendimento nominal mensal domiciliar per capita,Mais de 1 a 2 salários mínimos
Distribuição por faixas de renda,2022,Município,2512804,Riacho dos Cavalos (PB),"Moradores em domicílios particulares permanentes ocupados, exclusive os cuja condição no domicílio era pensionista, empregado(a) doméstico(a) ou parente do(a) empregado(a) doméstico(a)",Pessoas,639,Classes de rendimento nominal mensal domiciliar per capita,Mais de 1 a 2 salários mínimos
Distribuição por faixas de renda,2022,Município,2512903,Rio Tinto (PB),"Moradores em domicílios particulares permanentes ocupados, exclusive os cuja condição no domicílio era pensionista, empregado(a) doméstico(a) ou parente do(a) empregado(a) doméstico(a)",Pessoas,2924,Classes de rendimento nominal mensal domiciliar per capita,Mais de 1 a 2 salários mínimos
Distribuição por faixas de renda,2022,Município,2513000,Salgadinho (PB),"Moradores em domicílios particulares permanentes ocupados, exclusive os cuja condição no domicílio era pensionista, empregado(a) doméstico(a) ou parente do(a) empregado(a) doméstico(a)",Pessoas,223,Classes de rendimento nominal mensal domiciliar per capita,Mais de 1 a 2 salários mínimos
Distribuição por faixas de renda,2022,Município,2513109,Salgado de São Félix (PB),"Moradores em domicílios particulares permanentes ocupados, exclusive os cuja condição no domicílio era pensionista, empregado(a) doméstico(a) ou parente do(a) empregado(a) doméstico(a)",Pessoas,704,Classes de rendimento nominal mensal domiciliar per capita,Mais de 1 a 2 salários mínimos
Distribuição por faixas de renda,2022,Município,2513158,Santa Cecília (PB),"Moradores em domicílios particulares permanentes ocupados, exclusive os cuja condição no domicílio era pensionista, empregado(a) doméstico(a) ou parente do(a) empregado(a) doméstico(a)",Pessoas,414,Classes de rendimento nominal mensal domiciliar per capita,Mais de 1 a 2 salários mínimos
Distribuição por faixas de renda,2022,Município,2513208,Santa Cruz (PB),"Moradores em domicílios particulares permanentes ocupados, exclusive os cuja condição no domicílio era pensionista, empregado(a) doméstico(a) ou parente do(a) empregado(a) doméstico(a)",Pessoas,772,Classes de rendimento nominal mensal domiciliar per capita,Mais de 1 a 2 salários mínimos
Distribuição por faixas de renda,2022,Município,2513307,Santa Helena (PB),"Moradores em domicílios particulares permanentes ocupados, exclusive os cuja condição no domicílio era pensionista, empregado(a) doméstico(a) ou parente do(a) empregado(a) doméstico(a)",Pessoas,517,Classes de rendimento nominal mensal domiciliar per capita,Mais de 1 a 2 salários mínimos
Distribuição por faixas de renda,2022,Município,2513356,Santa Inês (PB),"Moradores em domicílios particulares permanentes ocupados, exclusive os cuja condição no domicílio era pensionista, empregado(a) doméstico(a) ou parente do(a) empregado(a) doméstico(a)",Pessoas,240,Classes de rendimento nominal mensal domiciliar per capita,Mais de 1 a 2 salários mínimos
Distribuição por faixas de renda,2022,Município,2513406,Santa Luzia (PB),"Moradores em domicílios particulares permanentes ocupados, exclusive os cuja condição no domicílio era pensionista, empregado(a) doméstico(a) ou parente do(a) empregado(a) doméstico(a)",Pessoas,2433,Classes de rendimento nominal mensal domiciliar per capita,Mais de 1 a 2 salários mínimos
Distribuição por faixas de renda,2022,Município,2513505,Santana de Mangueira (PB),"Moradores em domicílios particulares permanentes ocupados, exclusive os cuja condição no domicílio era pensionista, empregado(a) doméstico(a) ou parente do(a) empregado(a) doméstico(a)",Pessoas,270,Classes de rendimento nominal mensal domiciliar per capita,Mais de 1 a 2 salários mínimos
Distribuição por faixas de renda,2022,Município,2513604,Santana dos Garrotes (PB),"Moradores em domicílios particulares permanentes ocupados, exclusive os cuja condição no domicílio era pensionista, empregado(a) doméstico(a) ou parente do(a) empregado(a) doméstico(a)",Pessoas,401,Classes de rendimento nominal mensal domiciliar per capita,Mais de 1 a 2 salários mínimos
Distribuição por faixas de renda,2022,Município,2513653,Joca Claudino (PB),"Moradores em domicílios particulares permanentes ocupados, exclusive os cuja condição no domicílio era pensionista, empregado(a) doméstico(a) ou parente do(a) empregado(a) doméstico(a)",Pessoas,156,Classes de rendimento nominal mensal domiciliar per capita,Mais de 1 a 2 salários mínimos
Distribuição por faixas de renda,2022,Município,2513703,Santa Rita (PB),"Moradores em domicílios particulares permanentes ocupados, exclusive os cuja condição no domicílio era pensionista, empregado(a) doméstico(a) ou parente do(a) empregado(a) doméstico(a)",Pessoas,18213,Classes de rendimento nominal mensal domiciliar per capita,Mais de 1 a 2 salários mínimos
Distribuição por faixas de renda,2022,Município,2513802,Santa Teresinha (PB),"Moradores em domicílios particulares permanentes ocupados, exclusive os cuja condição no domicílio era pensionista, empregado(a) doméstico(a) ou parente do(a) empregado(a) doméstico(a)",Pessoas,455,Classes de rendimento nominal mensal domiciliar per capita,Mais de 1 a 2 salários mínimos
Distribuição por faixas de renda,2022,Município,2513851,Santo André (PB),"Moradores em domicílios particulares permanentes ocupados, exclusive os cuja condição no domicílio era pensionista, empregado(a) doméstico(a) ou parente do(a) empregado(a) doméstico(a)",Pessoas,181,Classes de rendimento nominal mensal domiciliar per capita,Mais de 1 a 2 salários mínimos
Distribuição por faixas de renda,2022,Município,2513901,São Bento (PB),"Moradores em domicílios particulares permanentes ocupados, exclusive os cuja condição no domicílio era pensionista, empregado(a) doméstico(a) ou parente do(a) empregado(a) doméstico(a)",Pessoas,3107,Classes de rendimento nominal mensal domiciliar per capita,Mais de 1 a 2 salários mínimos
Distribuição por faixas de renda,2022,Município,2513927,São Bentinho (PB),"Moradores em domicílios particulares permanentes ocupados, exclusive os cuja condição no domicílio era pensionista, empregado(a) doméstico(a) ou parente do(a) empregado(a) doméstico(a)",Pessoas,414,Classes de rendimento nominal mensal domiciliar per capita,Mais de 1 a 2 salários mínimos
Distribuição por faixas de renda,2022,Município,2513943,São Domingos do Cariri (PB),"Moradores em domicílios particulares permanentes ocupados, exclusive os cuja condição no domicílio era pensionista, empregado(a) doméstico(a) ou parente do(a) empregado(a) doméstico(a)",Pessoas,192,Classes de rendimento nominal mensal domiciliar per capita,Mais de 1 a 2 salários mínimos
Distribuição por faixas de renda,2022,Município,2513968,São Domingos (PB),"Moradores em domicílios particulares permanentes ocupados, exclusive os cuja condição no domicílio era pensionista, empregado(a) doméstico(a) ou parente do(a) empregado(a) doméstico(a)",Pessoas,122,Classes de rendimento nominal mensal domiciliar per capita,Mais de 1 a 2 salários mínimos
Distribuição por faixas de renda,2022,Município,2513984,São Francisco (PB),"Moradores em domicílios particulares permanentes ocupados, exclusive os cuja condição no domicílio era pensionista, empregado(a) doméstico(a) ou parente do(a) empregado(a) doméstico(a)",Pessoas,309,Classes de rendimento nominal mensal domiciliar per capita,Mais de 1 a 2 salários mínimos
Distribuição por faixas de renda,2022,Município,2514008,São João do Cariri (PB),"Moradores em domicílios particulares permanentes ocupados, exclusive os cuja condição no domicílio era pensionista, empregado(a) doméstico(a) ou parente do(a) empregado(a) doméstico(a)",Pessoas,599,Classes de rendimento nominal mensal domiciliar per capita,Mais de 1 a 2 salários mínimos
Distribuição por faixas de renda,2022,Município,2514107,São João do Tigre (PB),"Moradores em domicílios particulares permanentes ocupados, exclusive os cuja condição no domicílio era pensionista, empregado(a) doméstico(a) ou parente do(a) empregado(a) doméstico(a)",Pessoas,352,Classes de rendimento nominal mensal domiciliar per capita,Mais de 1 a 2 salários mínimos
Distribuição por faixas de renda,2022,Município,2514206,São José da Lagoa Tapada (PB),"Moradores em domicílios particulares permanentes ocupados, exclusive os cuja condição no domicílio era pensionista, empregado(a) doméstico(a) ou parente do(a) empregado(a) doméstico(a)",Pessoas,731,Classes de rendimento nominal mensal domiciliar per capita,Mais de 1 a 2 salários mínimos
Distribuição por faixas de renda,2022,Município,2514305,São José de Caiana (PB),"Moradores em domicílios particulares permanentes ocupados, exclusive os cuja condição no domicílio era pensionista, empregado(a) doméstico(a) ou parente do(a) empregado(a) doméstico(a)",Pessoas,540,Classes de rendimento nominal mensal domiciliar per capita,Mais de 1 a 2 salários mínimos
Distribuição por faixas de renda,2022,Município,2514404,São José de Espinharas (PB),"Moradores em domicílios particulares permanentes ocupados, exclusive os cuja condição no domicílio era pensionista, empregado(a) doméstico(a) ou parente do(a) empregado(a) doméstico(a)",Pessoas,445,Classes de rendimento nominal mensal domiciliar per capita,Mais de 1 a 2 salários mínimos
Distribuição por faixas de renda,2022,Município,2514453,São José dos Ramos (PB),"Moradores em domicílios particulares permanentes ocupados, exclusive os cuja condição no domicílio era pensionista, empregado(a) doméstico(a) ou parente do(a) empregado(a) doméstico(a)",Pessoas,396,Classes de rendimento nominal mensal domiciliar per capita,Mais de 1 a 2 salários mínimos
Distribuição por faixas de renda,2022,Município,2514503,São José de Piranhas (PB),"Moradores em domicílios particulares permanentes ocupados, exclusive os cuja condição no domicílio era pensionista, empregado(a) doméstico(a) ou parente do(a) empregado(a) doméstico(a)",Pessoas,2194,Classes de rendimento nominal mensal domiciliar per capita,Mais de 1 a 2 salários mínimos
Distribuição por faixas de renda,2022,Município,2514552,São José de Princesa (PB),"Moradores em domicílios particulares permanentes ocupados, exclusive os cuja condição no domicílio era pensionista, empregado(a) doméstico(a) ou parente do(a) empregado(a) doméstico(a)",Pessoas,243,Classes de rendimento nominal mensal domiciliar per capita,Mais de 1 a 2 salários mínimos
Distribuição por faixas de renda,2022,Município,2514602,São José do Bonfim (PB),"Moradores em domicílios particulares permanentes ocupados, exclusive os cuja condição no domicílio era pensionista, empregado(a) doméstico(a) ou parente do(a) empregado(a) doméstico(a)",Pessoas,261,Classes de rendimento nominal mensal domiciliar per capita,Mais de 1 a 2 salários mínimos
Distribuição por faixas de renda,2022,Município,2514651,São José do Brejo do Cruz (PB),"Moradores em domicílios particulares permanentes ocupados, exclusive os cuja condição no domicílio era pensionista, empregado(a) doméstico(a) ou parente do(a) empregado(a) doméstico(a)",Pessoas,102,Classes de rendimento nominal mensal domiciliar per capita,Mais de 1 a 2 salários mínimos
Distribuição por faixas de renda,2022,Município,2514701,São José do Sabugi (PB),"Moradores em domicílios particulares permanentes ocupados, exclusive os cuja condição no domicílio era pensionista, empregado(a) doméstico(a) ou parente do(a) empregado(a) doméstico(a)",Pessoas,588,Classes de rendimento nominal mensal domiciliar per capita,Mais de 1 a 2 salários mínimos
Distribuição por faixas de renda,2022,Município,2514800,São José dos Cordeiros (PB),"Moradores em domicílios particulares permanentes ocupados, exclusive os cuja condição no domicílio era pensionista, empregado(a) doméstico(a) ou parente do(a) empregado(a) doméstico(a)",Pessoas,258,Classes de rendimento nominal mensal domiciliar per capita,Mais de 1 a 2 salários mínimos
Distribuição por faixas de renda,2022,Município,2514909,São Mamede (PB),"Moradores em domicílios particulares permanentes ocupados, exclusive os cuja condição no domicílio era pensionista, empregado(a) doméstico(a) ou parente do(a) empregado(a) doméstico(a)",Pessoas,1244,Classes de rendimento nominal mensal domiciliar per capita,Mais de 1 a 2 salários mínimos
Distribuição por faixas de renda,2022,Município,2515005,São Miguel de Taipu (PB),"Moradores em domicílios particulares permanentes ocupados, exclusive os cuja condição no domicílio era pensionista, empregado(a) doméstico(a) ou parente do(a) empregado(a) doméstico(a)",Pessoas,338,Classes de rendimento nominal mensal domiciliar per capita,Mais de 1 a 2 salários mínimos
Distribuição por faixas de renda,2022,Município,2515104,São Sebastião de Lagoa de Roça (PB),"Moradores em domicílios particulares permanentes ocupados, exclusive os cuja condição no domicílio era pensionista, empregado(a) doméstico(a) ou parente do(a) empregado(a) doméstico(a)",Pessoas,1129,Classes de rendimento nominal mensal domiciliar per capita,Mais de 1 a 2 salários mínimos
Distribuição por faixas de renda,2022,Município,2515203,São Sebastião do Umbuzeiro (PB),"Moradores em domicílios particulares permanentes ocupados, exclusive os cuja condição no domicílio era pensionista, empregado(a) doméstico(a) ou parente do(a) empregado(a) doméstico(a)",Pessoas,294,Classes de rendimento nominal mensal domiciliar per capita,Mais de 1 a 2 salários mínimos
Distribuição por faixas de renda,2022,Município,2515302,Sapé (PB),"Moradores em domicílios particulares permanentes ocupados, exclusive os cuja condição no domicílio era pensionista, empregado(a) doméstico(a) ou parente do(a) empregado(a) doméstico(a)",Pessoas,4682,Classes de rendimento nominal mensal domiciliar per capita,Mais de 1 a 2 salários mínimos
Distribuição por faixas de renda,2022,Município,2515401,São Vicente do Seridó (PB),"Moradores em domicílios particulares permanentes ocupados, exclusive os cuja condição no domicílio era pensionista, empregado(a) doméstico(a) ou parente do(a) empregado(a) doméstico(a)",Pessoas,530,Classes de rendimento nominal mensal domiciliar per capita,Mais de 1 a 2 salários mínimos
Distribuição por faixas de renda,2022,Município,2515500,Serra Branca (PB),"Moradores em domicílios particulares permanentes ocupados, exclusive os cuja condição no domicílio era pensionista, empregado(a) doméstico(a) ou parente do(a) empregado(a) doméstico(a)",Pessoas,1394,Classes de rendimento nominal mensal domiciliar per capita,Mais de 1 a 2 salários mínimos
Distribuição por faixas de renda,2022,Município,2515609,Serra da Raiz (PB),"Moradores em domicílios particulares permanentes ocupados, exclusive os cuja condição no domicílio era pensionista, empregado(a) doméstico(a) ou parente do(a) empregado(a) doméstico(a)",Pessoas,270,Classes de rendimento nominal mensal domiciliar per capita,Mais de 1 a 2 salários mínimos
Distribuição por faixas de renda,2022,Município,2515708,Serra Grande (PB),"Moradores em domicílios particulares permanentes ocupados, exclusive os cuja condição no domicílio era pensionista, empregado(a) doméstico(a) ou parente do(a) empregado(a) doméstico(a)",Pessoas,358,Classes de rendimento nominal mensal domiciliar per capita,Mais de 1 a 2 salários mínimos
Distribuição por faixas de renda,2022,Município,2515807,Serra Redonda (PB),"Moradores em domicílios particulares permanentes ocupados, exclusive os cuja condição no domicílio era pensionista, empregado(a) doméstico(a) ou parente do(a) empregado(a) doméstico(a)",Pessoas,642,Classes de rendimento nominal mensal domiciliar per capita,Mais de 1 a 2 salários mínimos
Distribuição por faixas de renda,2022,Município,2515906,Serraria (PB),"Moradores em domicílios particulares permanentes ocupados, exclusive os cuja condição no domicílio era pensionista, empregado(a) doméstico(a) ou parente do(a) empregado(a) doméstico(a)",Pessoas,338,Classes de rendimento nominal mensal domiciliar per capita,Mais de 1 a 2 salários mínimos
Distribuição por faixas de renda,2022,Município,2515930,Sertãozinho (PB),"Moradores em domicílios particulares permanentes ocupados, exclusive os cuja condição no domicílio era pensionista, empregado(a) doméstico(a) ou parente do(a) empregado(a) doméstico(a)",Pessoas,417,Classes de rendimento nominal mensal domiciliar per capita,Mais de 1 a 2 salários mínimos
Distribuição por faixas de renda,2022,Município,2515971,Sobrado (PB),"Moradores em domicílios particulares permanentes ocupados, exclusive os cuja condição no domicílio era pensionista, empregado(a) doméstico(a) ou parente do(a) empregado(a) doméstico(a)",Pessoas,473,Classes de rendimento nominal mensal domiciliar per capita,Mais de 1 a 2 salários mínimos
Distribuição por faixas de renda,2022,Município,2516003,Solânea (PB),"Moradores em domicílios particulares permanentes ocupados, exclusive os cuja condição no domicílio era pensionista, empregado(a) doméstico(a) ou parente do(a) empregado(a) doméstico(a)",Pessoas,2836,Classes de rendimento nominal mensal domiciliar per capita,Mais de 1 a 2 salários mínimos
Distribuição por faixas de renda,2022,Município,2516102,Soledade (PB),"Moradores em domicílios particulares permanentes ocupados, exclusive os cuja condição no domicílio era pensionista, empregado(a) doméstico(a) ou parente do(a) empregado(a) doméstico(a)",Pessoas,1421,Classes de rendimento nominal mensal domiciliar per capita,Mais de 1 a 2 salários mínimos
Distribuição por faixas de renda,2022,Município,2516151,Sossêgo (PB),"Moradores em domicílios particulares permanentes ocupados, exclusive os cuja condição no domicílio era pensionista, empregado(a) doméstico(a) ou parente do(a) empregado(a) doméstico(a)",Pessoas,200,Classes de rendimento nominal mensal domiciliar per capita,Mais de 1 a 2 salários mínimos
Distribuição por faixas de renda,2022,Município,2516201,Sousa (PB),"Moradores em domicílios particulares permanentes ocupados, exclusive os cuja condição no domicílio era pensionista, empregado(a) doméstico(a) ou parente do(a) empregado(a) doméstico(a)",Pessoas,8634,Classes de rendimento nominal mensal domiciliar per capita,Mais de 1 a 2 salários mínimos
Distribuição por faixas de renda,2022,Município,2516300,Sumé (PB),"Moradores em domicílios particulares permanentes ocupados, exclusive os cuja condição no domicílio era pensionista, empregado(a) doméstico(a) ou parente do(a) empregado(a) doméstico(a)",Pessoas,1680,Classes de rendimento nominal mensal domiciliar per capita,Mais de 1 a 2 salários mínimos
Distribuição por faixas de renda,2022,Município,2516409,Tacima (PB),"Moradores em domicílios particulares permanentes ocupados, exclusive os cuja condição no domicílio era pensionista, empregado(a) doméstico(a) ou parente do(a) empregado(a) doméstico(a)",Pessoas,560,Classes de rendimento nominal mensal domiciliar per capita,Mais de 1 a 2 salários mínimos
Distribuição por faixas de renda,2022,Município,2516508,Taperoá (PB),"Moradores em domicílios particulares permanentes ocupados, exclusive os cuja condição no domicílio era pensionista, empregado(a) doméstico(a) ou parente do(a) empregado(a) doméstico(a)",Pessoas,973,Classes de rendimento nominal mensal domiciliar per capita,Mais de 1 a 2 salários mínimos
Distribuição por faixas de renda,2022,Município,2516607,Tavares (PB),"Moradores em domicílios particulares permanentes ocupados, exclusive os cuja condição no domicílio era pensionista, empregado(a) doméstico(a) ou parente do(a) empregado(a) doméstico(a)",Pessoas,1214,Classes de rendimento nominal mensal domiciliar per capita,Mais de 1 a 2 salários mínimos
Distribuição por faixas de renda,2022,Município,2516706,Teixeira (PB),"Moradores em domicílios particulares permanentes ocupados, exclusive os cuja condição no domicílio era pensionista, empregado(a) doméstico(a) ou parente do(a) empregado(a) doméstico(a)",Pessoas,1490,Classes de rendimento nominal mensal domiciliar per capita,Mais de 1 a 2 salários mínimos
Distribuição por faixas de renda,2022,Município,2516755,Tenório (PB),"Moradores em domicílios particulares permanentes ocupados, exclusive os cuja condição no domicílio era pensionista, empregado(a) doméstico(a) ou parente do(a) empregado(a) doméstico(a)",Pessoas,170,Classes de rendimento nominal mensal domiciliar per capita,Mais de 1 a 2 salários mínimos
Distribuição por faixas de renda,2022,Município,2516805,Triunfo (PB),"Moradores em domicílios particulares permanentes ocupados, exclusive os cuja condição no domicílio era pensionista, empregado(a) doméstico(a) ou parente do(a) empregado(a) doméstico(a)",Pessoas,1447,Classes de rendimento nominal mensal domiciliar per capita,Mais de 1 a 2 salários mínimos
Distribuição por faixas de renda,2022,Município,2516904,Uiraúna (PB),"Moradores em domicílios particulares permanentes ocupados, exclusive os cuja condição no domicílio era pensionista, empregado(a) doméstico(a) ou parente do(a) empregado(a) doméstico(a)",Pessoas,1937,Classes de rendimento nominal mensal domiciliar per capita,Mais de 1 a 2 salários mínimos
Distribuição por faixas de renda,2022,Município,2517001,Umbuzeiro (PB),"Moradores em domicílios particulares permanentes ocupados, exclusive os cuja condição no domicílio era pensionista, empregado(a) doméstico(a) ou parente do(a) empregado(a) doméstico(a)",Pessoas,634,Classes de rendimento nominal mensal domiciliar per capita,Mais de 1 a 2 salários mínimos
Distribuição por faixas de renda,2022,Município,2517100,Várzea (PB),"Moradores em domicílios particulares permanentes ocupados, exclusive os cuja condição no domicílio era pensionista, empregado(a) doméstico(a) ou parente do(a) empregado(a) doméstico(a)",Pessoas,547,Classes de rendimento nominal mensal domiciliar per capita,Mais de 1 a 2 salários mínimos
Distribuição por faixas de renda,2022,Município,2517209,Vieirópolis (PB),"Moradores em domicílios particulares permanentes ocupados, exclusive os cuja condição no domicílio era pensionista, empregado(a) doméstico(a) ou parente do(a) empregado(a) doméstico(a)",Pessoas,290,Classes de rendimento nominal mensal domiciliar per capita,Mais de 1 a 2 salários mínimos
Distribuição por faixas de renda,2022,Município,2517407,Zabelê (PB),"Moradores em domicílios particulares permanentes ocupados, exclusive os cuja condição no domicílio era pensionista, empregado(a) doméstico(a) ou parente do(a) empregado(a) doméstico(a)",Pessoas,154,Classes de rendimento nominal mensal domiciliar per capita,Mais de 1 a 2 salários mínimos
Distribuição por faixas de renda,2022,Unidade da Federação,25,Paraíba,"Moradores em domicílios particulares permanentes ocupados, exclusive os cuja condição no domicílio era pensionista, empregado(a) doméstico(a) ou parente do(a) empregado(a) doméstico(a)",Pessoas,144505,Classes de rendimento nominal mensal domiciliar per capita,Mais de 2 a 3 salários mínimos
Distribuição por faixas de renda,2022,Município,2500106,Água Branca (PB),"Moradores em domicílios particulares permanentes ocupados, exclusive os cuja condição no domicílio era pensionista, empregado(a) doméstico(a) ou parente do(a) empregado(a) doméstico(a)",Pessoas,135,Classes de rendimento nominal mensal domiciliar per capita,Mais de 2 a 3 salários mínimos
Distribuição por faixas de renda,2022,Município,2500205,Aguiar (PB),"Moradores em domicílios particulares permanentes ocupados, exclusive os cuja condição no domicílio era pensionista, empregado(a) doméstico(a) ou parente do(a) empregado(a) doméstico(a)",Pessoas,88,Classes de rendimento nominal mensal domiciliar per capita,Mais de 2 a 3 salários mínimos
Distribuição por faixas de renda,2022,Município,2500304,Alagoa Grande (PB),"Moradores em domicílios particulares permanentes ocupados, exclusive os cuja condição no domicílio era pensionista, empregado(a) doméstico(a) ou parente do(a) empregado(a) doméstico(a)",Pessoas,371,Classes de rendimento nominal mensal domiciliar per capita,Mais de 2 a 3 salários mínimos
Distribuição por faixas de renda,2022,Município,2500403,Alagoa Nova (PB),"Moradores em domicílios particulares permanentes ocupados, exclusive os cuja condição no domicílio era pensionista, empregado(a) doméstico(a) ou parente do(a) empregado(a) doméstico(a)",Pessoas,355,Classes de rendimento nominal mensal domiciliar per capita,Mais de 2 a 3 salários mínimos
Distribuição por faixas de renda,2022,Município,2500502,Alagoinha (PB),"Moradores em domicílios particulares permanentes ocupados, exclusive os cuja condição no domicílio era pensionista, empregado(a) doméstico(a) ou parente do(a) empregado(a) doméstico(a)",Pessoas,194,Classes de rendimento nominal mensal domiciliar per capita,Mais de 2 a 3 salários mínimos
Distribuição por faixas de renda,2022,Município,2500536,Alcantil (PB),"Moradores em domicílios particulares permanentes ocupados, exclusive os cuja condição no domicílio era pensionista, empregado(a) doméstico(a) ou parente do(a) empregado(a) doméstico(a)",Pessoas,52,Classes de rendimento nominal mensal domiciliar per capita,Mais de 2 a 3 salários mínimos
Distribuição por faixas de renda,2022,Município,2500577,Algodão de Jandaíra (PB),"Moradores em domicílios particulares permanentes ocupados, exclusive os cuja condição no domicílio era pensionista, empregado(a) doméstico(a) ou parente do(a) empregado(a) doméstico(a)",Pessoas,3,Classes de rendimento nominal mensal domiciliar per capita,Mais de 2 a 3 salários mínimos
Distribuição por faixas de renda,2022,Município,2500601,Alhandra (PB),"Moradores em domicílios particulares permanentes ocupados, exclusive os cuja condição no domicílio era pensionista, empregado(a) doméstico(a) ou parente do(a) empregado(a) doméstico(a)",Pessoas,413,Classes de rendimento nominal mensal domiciliar per capita,Mais de 2 a 3 salários mínimos
Distribuição por faixas de renda,2022,Município,2500700,São João do Rio do Peixe (PB),"Moradores em domicílios particulares permanentes ocupados, exclusive os cuja condição no domicílio era pensionista, empregado(a) doméstico(a) ou parente do(a) empregado(a) doméstico(a)",Pessoas,457,Classes de rendimento nominal mensal domiciliar per capita,Mais de 2 a 3 salários mínimos
Distribuição por faixas de renda,2022,Município,2500734,Amparo (PB),"Moradores em domicílios particulares permanentes ocupados, exclusive os cuja condição no domicílio era pensionista, empregado(a) doméstico(a) ou parente do(a) empregado(a) doméstico(a)",Pessoas,24,Classes de rendimento nominal mensal domiciliar per capita,Mais de 2 a 3 salários mínimos
Distribuição por faixas de renda,2022,Município,2500775,Aparecida (PB),"Moradores em domicílios particulares permanentes ocupados, exclusive os cuja condição no domicílio era pensionista, empregado(a) doméstico(a) ou parente do(a) empregado(a) doméstico(a)",Pessoas,94,Classes de rendimento nominal mensal domiciliar per capita,Mais de 2 a 3 salários mínimos
Distribuição por faixas de renda,2022,Município,2500809,Araçagi (PB),"Moradores em domicílios particulares permanentes ocupados, exclusive os cuja condição no domicílio era pensionista, empregado(a) doméstico(a) ou parente do(a) empregado(a) doméstico(a)",Pessoas,174,Classes de rendimento nominal mensal domiciliar per capita,Mais de 2 a 3 salários mínimos
Distribuição por faixas de renda,2022,Município,2500908,Arara (PB),"Moradores em domicílios particulares permanentes ocupados, exclusive os cuja condição no domicílio era pensionista, empregado(a) doméstico(a) ou parente do(a) empregado(a) doméstico(a)",Pessoas,148,Classes de rendimento nominal mensal domiciliar per capita,Mais de 2 a 3 salários mínimos
Distribuição por faixas de renda,2022,Município,2501005,Araruna (PB),"Moradores em domicílios particulares permanentes ocupados, exclusive os cuja condição no domicílio era pensionista, empregado(a) doméstico(a) ou parente do(a) empregado(a) doméstico(a)",Pessoas,150,Classes de rendimento nominal mensal domiciliar per capita,Mais de 2 a 3 salários mínimos
Distribuição por faixas de renda,2022,Município,2501104,Areia (PB),"Moradores em domicílios particulares permanentes ocupados, exclusive os cuja condição no domicílio era pensionista, empregado(a) doméstico(a) ou parente do(a) empregado(a) doméstico(a)",Pessoas,363,Classes de rendimento nominal mensal domiciliar per capita,Mais de 2 a 3 salários mínimos
Distribuição por faixas de renda,2022,Município,2501153,Areia de Baraúnas (PB),"Moradores em domicílios particulares permanentes ocupados, exclusive os cuja condição no domicílio era pensionista, empregado(a) doméstico(a) ou parente do(a) empregado(a) doméstico(a)",Pessoas,28,Classes de rendimento nominal mensal domiciliar per capita,Mais de 2 a 3 salários mínimos
Distribuição por faixas de renda,2022,Município,2501203,Areial (PB),"Moradores em domicílios particulares permanentes ocupados, exclusive os cuja condição no domicílio era pensionista, empregado(a) doméstico(a) ou parente do(a) empregado(a) doméstico(a)",Pessoas,106,Classes de rendimento nominal mensal domiciliar per capita,Mais de 2 a 3 salários mínimos
Distribuição por faixas de renda,2022,Município,2501302,Aroeiras (PB),"Moradores em domicílios particulares permanentes ocupados, exclusive os cuja condição no domicílio era pensionista, empregado(a) doméstico(a) ou parente do(a) empregado(a) doméstico(a)",Pessoas,124,Classes de rendimento nominal mensal domiciliar per capita,Mais de 2 a 3 salários mínimos
Distribuição por faixas de renda,2022,Município,2501351,Assunção (PB),"Moradores em domicílios particulares permanentes ocupados, exclusive os cuja condição no domicílio era pensionista, empregado(a) doméstico(a) ou parente do(a) empregado(a) doméstico(a)",Pessoas,41,Classes de rendimento nominal mensal domiciliar per capita,Mais de 2 a 3 salários mínimos
Distribuição por faixas de renda,2022,Município,2501401,Baía da Traição (PB),"Moradores em domicílios particulares permanentes ocupados, exclusive os cuja condição no domicílio era pensionista, empregado(a) doméstico(a) ou parente do(a) empregado(a) doméstico(a)",Pessoas,141,Classes de rendimento nominal mensal domiciliar per capita,Mais de 2 a 3 salários mínimos
Distribuição por faixas de renda,2022,Município,2501500,Bananeiras (PB),"Moradores em domicílios particulares permanentes ocupados, exclusive os cuja condição no domicílio era pensionista, empregado(a) doméstico(a) ou parente do(a) empregado(a) doméstico(a)",Pessoas,514,Classes de rendimento nominal mensal domiciliar per capita,Mais de 2 a 3 salários mínimos
Distribuição por faixas de renda,2022,Município,2501534,Baraúna (PB),"Moradores em domicílios particulares permanentes ocupados, exclusive os cuja condição no domicílio era pensionista, empregado(a) doméstico(a) ou parente do(a) empregado(a) doméstico(a)",Pessoas,35,Classes de rendimento nominal mensal domiciliar per capita,Mais de 2 a 3 salários mínimos
Distribuição por faixas de renda,2022,Município,2501575,Barra de Santana (PB),"Moradores em domicílios particulares permanentes ocupados, exclusive os cuja condição no domicílio era pensionista, empregado(a) doméstico(a) ou parente do(a) empregado(a) doméstico(a)",Pessoas,109,Classes de rendimento nominal mensal domiciliar per capita,Mais de 2 a 3 salários mínimos
Distribuição por faixas de renda,2022,Município,2501609,Barra de Santa Rosa (PB),"Moradores em domicílios particulares permanentes ocupados, exclusive os cuja condição no domicílio era pensionista, empregado(a) doméstico(a) ou parente do(a) empregado(a) doméstico(a)",Pessoas,107,Classes de rendimento nominal mensal domiciliar per capita,Mais de 2 a 3 salários mínimos
Distribuição por faixas de renda,2022,Município,2501708,Barra de São Miguel (PB),"Moradores em domicílios particulares permanentes ocupados, exclusive os cuja condição no domicílio era pensionista, empregado(a) doméstico(a) ou parente do(a) empregado(a) doméstico(a)",Pessoas,26,Classes de rendimento nominal mensal domiciliar per capita,Mais de 2 a 3 salários mínimos
Distribuição por faixas de renda,2022,Município,2501807,Bayeux (PB),"Moradores em domicílios particulares permanentes ocupados, exclusive os cuja condição no domicílio era pensionista, empregado(a) doméstico(a) ou parente do(a) empregado(a) doméstico(a)",Pessoas,1646,Classes de rendimento nominal mensal domiciliar per capita,Mais de 2 a 3 salários mínimos
Distribuição por faixas de renda,2022,Município,2501906,Belém (PB),"Moradores em domicílios particulares permanentes ocupados, exclusive os cuja condição no domicílio era pensionista, empregado(a) doméstico(a) ou parente do(a) empregado(a) doméstico(a)",Pessoas,440,Classes de rendimento nominal mensal domiciliar per capita,Mais de 2 a 3 salários mínimos
Distribuição por faixas de renda,2022,Município,2502003,Belém do Brejo do Cruz (PB),"Moradores em domicílios particulares permanentes ocupados, exclusive os cuja condição no domicílio era pensionista, empregado(a) doméstico(a) ou parente do(a) empregado(a) doméstico(a)",Pessoas,54,Classes de rendimento nominal mensal domiciliar per capita,Mais de 2 a 3 salários mínimos
Distribuição por faixas de renda,2022,Município,2502052,Bernardino Batista (PB),"Moradores em domicílios particulares permanentes ocupados, exclusive os cuja condição no domicílio era pensionista, empregado(a) doméstico(a) ou parente do(a) empregado(a) doméstico(a)",Pessoas,122,Classes de rendimento nominal mensal domiciliar per capita,Mais de 2 a 3 salários mínimos
Distribuição por faixas de renda,2022,Município,2502102,Boa Ventura (PB),"Moradores em domicílios particulares permanentes ocupados, exclusive os cuja condição no domicílio era pensionista, empregado(a) doméstico(a) ou parente do(a) empregado(a) doméstico(a)",Pessoas,85,Classes de rendimento nominal mensal domiciliar per capita,Mais de 2 a 3 salários mínimos
Distribuição por faixas de renda,2022,Município,2502151,Boa Vista (PB),"Moradores em domicílios particulares permanentes ocupados, exclusive os cuja condição no domicílio era pensionista, empregado(a) doméstico(a) ou parente do(a) empregado(a) doméstico(a)",Pessoas,121,Classes de rendimento nominal mensal domiciliar per capita,Mais de 2 a 3 salários mínimos
Distribuição por faixas de renda,2022,Município,2502201,Bom Jesus (PB),"Moradores em domicílios particulares permanentes ocupados, exclusive os cuja condição no domicílio era pensionista, empregado(a) doméstico(a) ou parente do(a) empregado(a) doméstico(a)",Pessoas,21,Classes de rendimento nominal mensal domiciliar per capita,Mais de 2 a 3 salários mínimos
Distribuição por faixas de renda,2022,Município,2502300,Bom Sucesso (PB),"Moradores em domicílios particulares permanentes ocupados, exclusive os cuja condição no domicílio era pensionista, empregado(a) doméstico(a) ou parente do(a) empregado(a) doméstico(a)",Pessoas,46,Classes de rendimento nominal mensal domiciliar per capita,Mais de 2 a 3 salários mínimos
Distribuição por faixas de renda,2022,Município,2502409,Bonito de Santa Fé (PB),"Moradores em domicílios particulares permanentes ocupados, exclusive os cuja condição no domicílio era pensionista, empregado(a) doméstico(a) ou parente do(a) empregado(a) doméstico(a)",Pessoas,215,Classes de rendimento nominal mensal domiciliar per capita,Mais de 2 a 3 salários mínimos
Distribuição por faixas de renda,2022,Município,2502508,Boqueirão (PB),"Moradores em domicílios particulares permanentes ocupados, exclusive os cuja condição no domicílio era pensionista, empregado(a) doméstico(a) ou parente do(a) empregado(a) doméstico(a)",Pessoas,239,Classes de rendimento nominal mensal domiciliar per capita,Mais de 2 a 3 salários mínimos
Distribuição por faixas de renda,2022,Município,2502607,Igaracy (PB),"Moradores em domicílios particulares permanentes ocupados, exclusive os cuja condição no domicílio era pensionista, empregado(a) doméstico(a) ou parente do(a) empregado(a) doméstico(a)",Pessoas,54,Classes de rendimento nominal mensal domiciliar per capita,Mais de 2 a 3 salários mínimos
Distribuição por faixas de renda,2022,Município,2502706,Borborema (PB),"Moradores em domicílios particulares permanentes ocupados, exclusive os cuja condição no domicílio era pensionista, empregado(a) doméstico(a) ou parente do(a) empregado(a) doméstico(a)",Pessoas,55,Classes de rendimento nominal mensal domiciliar per capita,Mais de 2 a 3 salários mínimos
Distribuição por faixas de renda,2022,Município,2502805,Brejo do Cruz (PB),"Moradores em domicílios particulares permanentes ocupados, exclusive os cuja condição no domicílio era pensionista, empregado(a) doméstico(a) ou parente do(a) empregado(a) doméstico(a)",Pessoas,250,Classes de rendimento nominal mensal domiciliar per capita,Mais de 2 a 3 salários mínimos
Distribuição por faixas de renda,2022,Município,2502904,Brejo dos Santos (PB),"Moradores em domicílios particulares permanentes ocupados, exclusive os cuja condição no domicílio era pensionista, empregado(a) doméstico(a) ou parente do(a) empregado(a) doméstico(a)",Pessoas,79,Classes de rendimento nominal mensal domiciliar per capita,Mais de 2 a 3 salários mínimos
Distribuição por faixas de renda,2022,Município,2503001,Caaporã (PB),"Moradores em domicílios particulares permanentes ocupados, exclusive os cuja condição no domicílio era pensionista, empregado(a) doméstico(a) ou parente do(a) empregado(a) doméstico(a)",Pessoas,340,Classes de rendimento nominal mensal domiciliar per capita,Mais de 2 a 3 salários mínimos
Distribuição por faixas de renda,2022,Município,2503100,Cabaceiras (PB),"Moradores em domicílios particulares permanentes ocupados, exclusive os cuja condição no domicílio era pensionista, empregado(a) doméstico(a) ou parente do(a) empregado(a) doméstico(a)",Pessoas,55,Classes de rendimento nominal mensal domiciliar per capita,Mais de 2 a 3 salários mínimos
Distribuição por faixas de renda,2022,Município,2503209,Cabedelo (PB),"Moradores em domicílios particulares permanentes ocupados, exclusive os cuja condição no domicílio era pensionista, empregado(a) doméstico(a) ou parente do(a) empregado(a) doméstico(a)",Pessoas,4131,Classes de rendimento nominal mensal domiciliar per capita,Mais de 2 a 3 salários mínimos
Distribuição por faixas de renda,2022,Município,2503308,Cachoeira dos Índios (PB),"Moradores em domicílios particulares permanentes ocupados, exclusive os cuja condição no domicílio era pensionista, empregado(a) doméstico(a) ou parente do(a) empregado(a) doméstico(a)",Pessoas,65,Classes de rendimento nominal mensal domiciliar per capita,Mais de 2 a 3 salários mínimos
Distribuição por faixas de renda,2022,Município,2503407,Cacimba de Areia (PB),"Moradores em domicílios particulares permanentes ocupados, exclusive os cuja condição no domicílio era pensionista, empregado(a) doméstico(a) ou parente do(a) empregado(a) doméstico(a)",Pessoas,32,Classes de rendimento nominal mensal domiciliar per capita,Mais de 2 a 3 salários mínimos
Distribuição por faixas de renda,2022,Município,2503506,Cacimba de Dentro (PB),"Moradores em domicílios particulares permanentes ocupados, exclusive os cuja condição no domicílio era pensionista, empregado(a) doméstico(a) ou parente do(a) empregado(a) doméstico(a)",Pessoas,472,Classes de rendimento nominal mensal domiciliar per capita,Mais de 2 a 3 salários mínimos
Distribuição por faixas de renda,2022,Município,2503555,Cacimbas (PB),"Moradores em domicílios particulares permanentes ocupados, exclusive os cuja condição no domicílio era pensionista, empregado(a) doméstico(a) ou parente do(a) empregado(a) doméstico(a)",Pessoas,67,Classes de rendimento nominal mensal domiciliar per capita,Mais de 2 a 3 salários mínimos
Distribuição por faixas de renda,2022,Município,2503605,Caiçara (PB),"Moradores em domicílios particulares permanentes ocupados, exclusive os cuja condição no domicílio era pensionista, empregado(a) doméstico(a) ou parente do(a) empregado(a) doméstico(a)",Pessoas,45,Classes de rendimento nominal mensal domiciliar per capita,Mais de 2 a 3 salários mínimos
Distribuição por faixas de renda,2022,Município,2503704,Cajazeiras (PB),"Moradores em domicílios particulares permanentes ocupados, exclusive os cuja condição no domicílio era pensionista, empregado(a) doméstico(a) ou parente do(a) empregado(a) doméstico(a)",Pessoas,2344,Classes de rendimento nominal mensal domiciliar per capita,Mais de 2 a 3 salários mínimos
Distribuição por faixas de renda,2022,Município,2503753,Cajazeirinhas (PB),"Moradores em domicílios particulares permanentes ocupados, exclusive os cuja condição no domicílio era pensionista, empregado(a) doméstico(a) ou parente do(a) empregado(a) doméstico(a)",Pessoas,13,Classes de rendimento nominal mensal domiciliar per capita,Mais de 2 a 3 salários mínimos
Distribuição por faixas de renda,2022,Município,2503803,Caldas Brandão (PB),"Moradores em domicílios particulares permanentes ocupados, exclusive os cuja condição no domicílio era pensionista, empregado(a) doméstico(a) ou parente do(a) empregado(a) doméstico(a)",Pessoas,74,Classes de rendimento nominal mensal domiciliar per capita,Mais de 2 a 3 salários mínimos
Distribuição por faixas de renda,2022,Município,2503902,Camalaú (PB),"Moradores em domicílios particulares permanentes ocupados, exclusive os cuja condição no domicílio era pensionista, empregado(a) doméstico(a) ou parente do(a) empregado(a) doméstico(a)",Pessoas,63,Classes de rendimento nominal mensal domiciliar per capita,Mais de 2 a 3 salários mínimos
Distribuição por faixas de renda,2022,Município,2504009,Campina Grande (PB),"Moradores em domicílios particulares permanentes ocupados, exclusive os cuja condição no domicílio era pensionista, empregado(a) doméstico(a) ou parente do(a) empregado(a) doméstico(a)",Pessoas,23340,Classes de rendimento nominal mensal domiciliar per capita,Mais de 2 a 3 salários mínimos
Distribuição por faixas de renda,2022,Município,2504033,Capim (PB),"Moradores em domicílios particulares permanentes ocupados, exclusive os cuja condição no domicílio era pensionista, empregado(a) doméstico(a) ou parente do(a) empregado(a) doméstico(a)",Pessoas,45,Classes de rendimento nominal mensal domiciliar per capita,Mais de 2 a 3 salários mínimos
Distribuição por faixas de renda,2022,Município,2504074,Caraúbas (PB),"Moradores em domicílios particulares permanentes ocupados, exclusive os cuja condição no domicílio era pensionista, empregado(a) doméstico(a) ou parente do(a) empregado(a) doméstico(a)",Pessoas,43,Classes de rendimento nominal mensal domiciliar per capita,Mais de 2 a 3 salários mínimos
Distribuição por faixas de renda,2022,Município,2504108,Carrapateira (PB),"Moradores em domicílios particulares permanentes ocupados, exclusive os cuja condição no domicílio era pensionista, empregado(a) doméstico(a) ou parente do(a) empregado(a) doméstico(a)",Pessoas,9,Classes de rendimento nominal mensal domiciliar per capita,Mais de 2 a 3 salários mínimos
Distribuição por faixas de renda,2022,Município,2504157,Casserengue (PB),"Moradores em domicílios particulares permanentes ocupados, exclusive os cuja condição no domicílio era pensionista, empregado(a) doméstico(a) ou parente do(a) empregado(a) doméstico(a)",Pessoas,39,Classes de rendimento nominal mensal domiciliar per capita,Mais de 2 a 3 salários mínimos
Distribuição por faixas de renda,2022,Município,2504207,Catingueira (PB),"Moradores em domicílios particulares permanentes ocupados, exclusive os cuja condição no domicílio era pensionista, empregado(a) doméstico(a) ou parente do(a) empregado(a) doméstico(a)",Pessoas,26,Classes de rendimento nominal mensal domiciliar per capita,Mais de 2 a 3 salários mínimos
Distribuição por faixas de renda,2022,Município,2504306,Catolé do Rocha (PB),"Moradores em domicílios particulares permanentes ocupados, exclusive os cuja condição no domicílio era pensionista, empregado(a) doméstico(a) ou parente do(a) empregado(a) doméstico(a)",Pessoas,965,Classes de rendimento nominal mensal domiciliar per capita,Mais de 2 a 3 salários mínimos
Distribuição por faixas de renda,2022,Município,2504355,Caturité (PB),"Moradores em domicílios particulares permanentes ocupados, exclusive os cuja condição no domicílio era pensionista, empregado(a) doméstico(a) ou parente do(a) empregado(a) doméstico(a)",Pessoas,90,Classes de rendimento nominal mensal domiciliar per capita,Mais de 2 a 3 salários mínimos
Distribuição por faixas de renda,2022,Município,2504405,Conceição (PB),"Moradores em domicílios particulares permanentes ocupados, exclusive os cuja condição no domicílio era pensionista, empregado(a) doméstico(a) ou parente do(a) empregado(a) doméstico(a)",Pessoas,286,Classes de rendimento nominal mensal domiciliar per capita,Mais de 2 a 3 salários mínimos
Distribuição por faixas de renda,2022,Município,2504504,Condado (PB),"Moradores em domicílios particulares permanentes ocupados, exclusive os cuja condição no domicílio era pensionista, empregado(a) doméstico(a) ou parente do(a) empregado(a) doméstico(a)",Pessoas,97,Classes de rendimento nominal mensal domiciliar per capita,Mais de 2 a 3 salários mínimos
Distribuição por faixas de renda,2022,Município,2504603,Conde (PB),"Moradores em domicílios particulares permanentes ocupados, exclusive os cuja condição no domicílio era pensionista, empregado(a) doméstico(a) ou parente do(a) empregado(a) doméstico(a)",Pessoas,475,Classes de rendimento nominal mensal domiciliar per capita,Mais de 2 a 3 salários mínimos
Distribuição por faixas de renda,2022,Município,2504702,Congo (PB),"Moradores em domicílios particulares permanentes ocupados, exclusive os cuja condição no domicílio era pensionista, empregado(a) doméstico(a) ou parente do(a) empregado(a) doméstico(a)",Pessoas,28,Classes de rendimento nominal mensal domiciliar per capita,Mais de 2 a 3 salários mínimos
Distribuição por faixas de renda,2022,Município,2504801,Coremas (PB),"Moradores em domicílios particulares permanentes ocupados, exclusive os cuja condição no domicílio era pensionista, empregado(a) doméstico(a) ou parente do(a) empregado(a) doméstico(a)",Pessoas,335,Classes de rendimento nominal mensal domiciliar per capita,Mais de 2 a 3 salários mínimos
Distribuição por faixas de renda,2022,Município,2504850,Coxixola (PB),"Moradores em domicílios particulares permanentes ocupados, exclusive os cuja condição no domicílio era pensionista, empregado(a) doméstico(a) ou parente do(a) empregado(a) doméstico(a)",Pessoas,75,Classes de rendimento nominal mensal domiciliar per capita,Mais de 2 a 3 salários mínimos
Distribuição por faixas de renda,2022,Município,2504900,Cruz do Espírito Santo (PB),"Moradores em domicílios particulares permanentes ocupados, exclusive os cuja condição no domicílio era pensionista, empregado(a) doméstico(a) ou parente do(a) empregado(a) doméstico(a)",Pessoas,89,Classes de rendimento nominal mensal domiciliar per capita,Mais de 2 a 3 salários mínimos
Distribuição por faixas de renda,2022,Município,2505006,Cubati (PB),"Moradores em domicílios particulares permanentes ocupados, exclusive os cuja condição no domicílio era pensionista, empregado(a) doméstico(a) ou parente do(a) empregado(a) doméstico(a)",Pessoas,99,Classes de rendimento nominal mensal domiciliar per capita,Mais de 2 a 3 salários mínimos
Distribuição por faixas de renda,2022,Município,2505105,Cuité (PB),"Moradores em domicílios particulares permanentes ocupados, exclusive os cuja condição no domicílio era pensionista, empregado(a) doméstico(a) ou parente do(a) empregado(a) doméstico(a)",Pessoas,464,Classes de rendimento nominal mensal domiciliar per capita,Mais de 2 a 3 salários mínimos
Distribuição por faixas de renda,2022,Município,2505204,Cuitegi (PB),"Moradores em domicílios particulares permanentes ocupados, exclusive os cuja condição no domicílio era pensionista, empregado(a) doméstico(a) ou parente do(a) empregado(a) doméstico(a)",Pessoas,41,Classes de rendimento nominal mensal domiciliar per capita,Mais de 2 a 3 salários mínimos
Distribuição por faixas de renda,2022,Município,2505238,Cuité de Mamanguape (PB),"Moradores em domicílios particulares permanentes ocupados, exclusive os cuja condição no domicílio era pensionista, empregado(a) doméstico(a) ou parente do(a) empregado(a) doméstico(a)",Pessoas,36,Classes de rendimento nominal mensal domiciliar per capita,Mais de 2 a 3 salários mínimos
Distribuição por faixas de renda,2022,Município,2505279,Curral de Cima (PB),"Moradores em domicílios particulares permanentes ocupados, exclusive os cuja condição no domicílio era pensionista, empregado(a) doméstico(a) ou parente do(a) empregado(a) doméstico(a)",Pessoas,45,Classes de rendimento nominal mensal domiciliar per capita,Mais de 2 a 3 salários mínimos
Distribuição por faixas de renda,2022,Município,2505303,Curral Velho (PB),"Moradores em domicílios particulares permanentes ocupados, exclusive os cuja condição no domicílio era pensionista, empregado(a) doméstico(a) ou parente do(a) empregado(a) doméstico(a)",Pessoas,28,Classes de rendimento nominal mensal domiciliar per capita,Mais de 2 a 3 salários mínimos
Distribuição por faixas de renda,2022,Município,2505352,Damião (PB),"Moradores em domicílios particulares permanentes ocupados, exclusive os cuja condição no domicílio era pensionista, empregado(a) doméstico(a) ou parente do(a) empregado(a) doméstico(a)",Pessoas,43,Classes de rendimento nominal mensal domiciliar per capita,Mais de 2 a 3 salários mínimos
Distribuição por faixas de renda,2022,Município,2505402,Desterro (PB),"Moradores em domicílios particulares permanentes ocupados, exclusive os cuja condição no domicílio era pensionista, empregado(a) doméstico(a) ou parente do(a) empregado(a) doméstico(a)",Pessoas,122,Classes de rendimento nominal mensal domiciliar per capita,Mais de 2 a 3 salários mínimos
Distribuição por faixas de renda,2022,Município,2505501,Vista Serrana (PB),"Moradores em domicílios particulares permanentes ocupados, exclusive os cuja condição no domicílio era pensionista, empregado(a) doméstico(a) ou parente do(a) empregado(a) doméstico(a)",Pessoas,31,Classes de rendimento nominal mensal domiciliar per capita,Mais de 2 a 3 salários mínimos
Distribuição por faixas de renda,2022,Município,2505600,Diamante (PB),"Moradores em domicílios particulares permanentes ocupados, exclusive os cuja condição no domicílio era pensionista, empregado(a) doméstico(a) ou parente do(a) empregado(a) doméstico(a)",Pessoas,64,Classes de rendimento nominal mensal domiciliar per capita,Mais de 2 a 3 salários mínimos
Distribuição por faixas de renda,2022,Município,2505709,Dona Inês (PB),"Moradores em domicílios particulares permanentes ocupados, exclusive os cuja condição no domicílio era pensionista, empregado(a) doméstico(a) ou parente do(a) empregado(a) doméstico(a)",Pessoas,147,Classes de rendimento nominal mensal domiciliar per capita,Mais de 2 a 3 salários mínimos
Distribuição por faixas de renda,2022,Município,2505808,Duas Estradas (PB),"Moradores em domicílios particulares permanentes ocupados, exclusive os cuja condição no domicílio era pensionista, empregado(a) doméstico(a) ou parente do(a) empregado(a) doméstico(a)",Pessoas,51,Classes de rendimento nominal mensal domiciliar per capita,Mais de 2 a 3 salários mínimos
Distribuição por faixas de renda,2022,Município,2505907,Emas (PB),"Moradores em domicílios particulares permanentes ocupados, exclusive os cuja condição no domicílio era pensionista, empregado(a) doméstico(a) ou parente do(a) empregado(a) doméstico(a)",Pessoas,59,Classes de rendimento nominal mensal domiciliar per capita,Mais de 2 a 3 salários mínimos
Distribuição por faixas de renda,2022,Município,2506004,Esperança (PB),"Moradores em domicílios particulares permanentes ocupados, exclusive os cuja condição no domicílio era pensionista, empregado(a) doméstico(a) ou parente do(a) empregado(a) doméstico(a)",Pessoas,742,Classes de rendimento nominal mensal domiciliar per capita,Mais de 2 a 3 salários mínimos
Distribuição por faixas de renda,2022,Município,2506103,Fagundes (PB),"Moradores em domicílios particulares permanentes ocupados, exclusive os cuja condição no domicílio era pensionista, empregado(a) doméstico(a) ou parente do(a) empregado(a) doméstico(a)",Pessoas,215,Classes de rendimento nominal mensal domiciliar per capita,Mais de 2 a 3 salários mínimos
Distribuição por faixas de renda,2022,Município,2506202,Frei Martinho (PB),"Moradores em domicílios particulares permanentes ocupados, exclusive os cuja condição no domicílio era pensionista, empregado(a) doméstico(a) ou parente do(a) empregado(a) doméstico(a)",Pessoas,64,Classes de rendimento nominal mensal domiciliar per capita,Mais de 2 a 3 salários mínimos
Distribuição por faixas de renda,2022,Município,2506251,Gado Bravo (PB),"Moradores em domicílios particulares permanentes ocupados, exclusive os cuja condição no domicílio era pensionista, empregado(a) doméstico(a) ou parente do(a) empregado(a) doméstico(a)",Pessoas,50,Classes de rendimento nominal mensal domiciliar per capita,Mais de 2 a 3 salários mínimos
Distribuição por faixas de renda,2022,Município,2506301,Guarabira (PB),"Moradores em domicílios particulares permanentes ocupados, exclusive os cuja condição no domicílio era pensionista, empregado(a) doméstico(a) ou parente do(a) empregado(a) doméstico(a)",Pessoas,2044,Classes de rendimento nominal mensal domiciliar per capita,Mais de 2 a 3 salários mínimos
Distribuição por faixas de renda,2022,Município,2506400,Gurinhém (PB),"Moradores em domicílios particulares permanentes ocupados, exclusive os cuja condição no domicílio era pensionista, empregado(a) doméstico(a) ou parente do(a) empregado(a) doméstico(a)",Pessoas,102,Classes de rendimento nominal mensal domiciliar per capita,Mais de 2 a 3 salários mínimos
Distribuição por faixas de renda,2022,Município,2506509,Gurjão (PB),"Moradores em domicílios particulares permanentes ocupados, exclusive os cuja condição no domicílio era pensionista, empregado(a) doméstico(a) ou parente do(a) empregado(a) doméstico(a)",Pessoas,28,Classes de rendimento nominal mensal domiciliar per capita,Mais de 2 a 3 salários mínimos
Distribuição por faixas de renda,2022,Município,2506608,Ibiara (PB),"Moradores em domicílios particulares permanentes ocupados, exclusive os cuja condição no domicílio era pensionista, empregado(a) doméstico(a) ou parente do(a) empregado(a) doméstico(a)",Pessoas,97,Classes de rendimento nominal mensal domiciliar per capita,Mais de 2 a 3 salários mínimos
Distribuição por faixas de renda,2022,Município,2506707,Imaculada (PB),"Moradores em domicílios particulares permanentes ocupados, exclusive os cuja condição no domicílio era pensionista, empregado(a) doméstico(a) ou parente do(a) empregado(a) doméstico(a)",Pessoas,67,Classes de rendimento nominal mensal domiciliar per capita,Mais de 2 a 3 salários mínimos
Distribuição por faixas de renda,2022,Município,2506806,Ingá (PB),"Moradores em domicílios particulares permanentes ocupados, exclusive os cuja condição no domicílio era pensionista, empregado(a) doméstico(a) ou parente do(a) empregado(a) doméstico(a)",Pessoas,355,Classes de rendimento nominal mensal domiciliar per capita,Mais de 2 a 3 salários mínimos
Distribuição por faixas de renda,2022,Município,2506905,Itabaiana (PB),"Moradores em domicílios particulares permanentes ocupados, exclusive os cuja condição no domicílio era pensionista, empregado(a) doméstico(a) ou parente do(a) empregado(a) doméstico(a)",Pessoas,712,Classes de rendimento nominal mensal domiciliar per capita,Mais de 2 a 3 salários mínimos
Distribuição por faixas de renda,2022,Município,2507002,Itaporanga (PB),"Moradores em domicílios particulares permanentes ocupados, exclusive os cuja condição no domicílio era pensionista, empregado(a) doméstico(a) ou parente do(a) empregado(a) doméstico(a)",Pessoas,751,Classes de rendimento nominal mensal domiciliar per capita,Mais de 2 a 3 salários mínimos
Distribuição por faixas de renda,2022,Município,2507101,Itapororoca (PB),"Moradores em domicílios particulares permanentes ocupados, exclusive os cuja condição no domicílio era pensionista, empregado(a) doméstico(a) ou parente do(a) empregado(a) doméstico(a)",Pessoas,184,Classes de rendimento nominal mensal domiciliar per capita,Mais de 2 a 3 salários mínimos
Distribuição por faixas de renda,2022,Município,2507200,Itatuba (PB),"Moradores em domicílios particulares permanentes ocupados, exclusive os cuja condição no domicílio era pensionista, empregado(a) doméstico(a) ou parente do(a) empregado(a) doméstico(a)",Pessoas,55,Classes de rendimento nominal mensal domiciliar per capita,Mais de 2 a 3 salários mínimos
Distribuição por faixas de renda,2022,Município,2507309,Jacaraú (PB),"Moradores em domicílios particulares permanentes ocupados, exclusive os cuja condição no domicílio era pensionista, empregado(a) doméstico(a) ou parente do(a) empregado(a) doméstico(a)",Pessoas,315,Classes de rendimento nominal mensal domiciliar per capita,Mais de 2 a 3 salários mínimos
Distribuição por faixas de renda,2022,Município,2507408,Jericó (PB),"Moradores em domicílios particulares permanentes ocupados, exclusive os cuja condição no domicílio era pensionista, empregado(a) doméstico(a) ou parente do(a) empregado(a) doméstico(a)",Pessoas,144,Classes de rendimento nominal mensal domiciliar per capita,Mais de 2 a 3 salários mínimos
Distribuição por faixas de renda,2022,Município,2507507,João Pessoa (PB),"Moradores em domicílios particulares permanentes ocupados, exclusive os cuja condição no domicílio era pensionista, empregado(a) doméstico(a) ou parente do(a) empregado(a) doméstico(a)",Pessoas,66633,Classes de rendimento nominal mensal domiciliar per capita,Mais de 2 a 3 salários mínimos
Distribuição por faixas de renda,2022,Município,2507606,Juarez Távora (PB),"Moradores em domicílios particulares permanentes ocupados, exclusive os cuja condição no domicílio era pensionista, empregado(a) doméstico(a) ou parente do(a) empregado(a) doméstico(a)",Pessoas,148,Classes de rendimento nominal mensal domiciliar per capita,Mais de 2 a 3 salários mínimos
Distribuição por faixas de renda,2022,Município,2507705,Juazeirinho (PB),"Moradores em domicílios particulares permanentes ocupados, exclusive os cuja condição no domicílio era pensionista, empregado(a) doméstico(a) ou parente do(a) empregado(a) doméstico(a)",Pessoas,227,Classes de rendimento nominal mensal domiciliar per capita,Mais de 2 a 3 salários mínimos
Distribuição por faixas de renda,2022,Município,2507804,Junco do Seridó (PB),"Moradores em domicílios particulares permanentes ocupados, exclusive os cuja condição no domicílio era pensionista, empregado(a) doméstico(a) ou parente do(a) empregado(a) doméstico(a)",Pessoas,88,Classes de rendimento nominal mensal domiciliar per capita,Mais de 2 a 3 salários mínimos
Distribuição por faixas de renda,2022,Município,2507903,Juripiranga (PB),"Moradores em domicílios particulares permanentes ocupados, exclusive os cuja condição no domicílio era pensionista, empregado(a) doméstico(a) ou parente do(a) empregado(a) doméstico(a)",Pessoas,126,Classes de rendimento nominal mensal domiciliar per capita,Mais de 2 a 3 salários mínimos
Distribuição por faixas de renda,2022,Município,2508000,Juru (PB),"Moradores em domicílios particulares permanentes ocupados, exclusive os cuja condição no domicílio era pensionista, empregado(a) doméstico(a) ou parente do(a) empregado(a) doméstico(a)",Pessoas,103,Classes de rendimento nominal mensal domiciliar per capita,Mais de 2 a 3 salários mínimos
Distribuição por faixas de renda,2022,Município,2508109,Lagoa (PB),"Moradores em domicílios particulares permanentes ocupados, exclusive os cuja condição no domicílio era pensionista, empregado(a) doméstico(a) ou parente do(a) empregado(a) doméstico(a)",Pessoas,60,Classes de rendimento nominal mensal domiciliar per capita,Mais de 2 a 3 salários mínimos
Distribuição por faixas de renda,2022,Município,2508208,Lagoa de Dentro (PB),"Moradores em domicílios particulares permanentes ocupados, exclusive os cuja condição no domicílio era pensionista, empregado(a) doméstico(a) ou parente do(a) empregado(a) doméstico(a)",Pessoas,166,Classes de rendimento nominal mensal domiciliar per capita,Mais de 2 a 3 salários mínimos
Distribuição por faixas de renda,2022,Município,2508307,Lagoa Seca (PB),"Moradores em domicílios particulares permanentes ocupados, exclusive os cuja condição no domicílio era pensionista, empregado(a) doméstico(a) ou parente do(a) empregado(a) doméstico(a)",Pessoas,538,Classes de rendimento nominal mensal domiciliar per capita,Mais de 2 a 3 salários mínimos
Distribuição por faixas de renda,2022,Município,2508406,Lastro (PB),"Moradores em domicílios particulares permanentes ocupados, exclusive os cuja condição no domicílio era pensionista, empregado(a) doméstico(a) ou parente do(a) empregado(a) doméstico(a)",Pessoas,9,Classes de rendimento nominal mensal domiciliar per capita,Mais de 2 a 3 salários mínimos
Distribuição por faixas de renda,2022,Município,2508505,Livramento (PB),"Moradores em domicílios particulares permanentes ocupados, exclusive os cuja condição no domicílio era pensionista, empregado(a) doméstico(a) ou parente do(a) empregado(a) doméstico(a)",Pessoas,95,Classes de rendimento nominal mensal domiciliar per capita,Mais de 2 a 3 salários mínimos
Distribuição por faixas de renda,2022,Município,2508554,Logradouro (PB),"Moradores em domicílios particulares permanentes ocupados, exclusive os cuja condição no domicílio era pensionista, empregado(a) doméstico(a) ou parente do(a) empregado(a) doméstico(a)",Pessoas,66,Classes de rendimento nominal mensal domiciliar per capita,Mais de 2 a 3 salários mínimos
Distribuição por faixas de renda,2022,Município,2508604,Lucena (PB),"Moradores em domicílios particulares permanentes ocupados, exclusive os cuja condição no domicílio era pensionista, empregado(a) doméstico(a) ou parente do(a) empregado(a) doméstico(a)",Pessoas,207,Classes de rendimento nominal mensal domiciliar per capita,Mais de 2 a 3 salários mínimos
Distribuição por faixas de renda,2022,Município,2508703,Mãe d'Água (PB),"Moradores em domicílios particulares permanentes ocupados, exclusive os cuja condição no domicílio era pensionista, empregado(a) doméstico(a) ou parente do(a) empregado(a) doméstico(a)",Pessoas,74,Classes de rendimento nominal mensal domiciliar per capita,Mais de 2 a 3 salários mínimos
Distribuição por faixas de renda,2022,Município,2508802,Malta (PB),"Moradores em domicílios particulares permanentes ocupados, exclusive os cuja condição no domicílio era pensionista, empregado(a) doméstico(a) ou parente do(a) empregado(a) doméstico(a)",Pessoas,92,Classes de rendimento nominal mensal domiciliar per capita,Mais de 2 a 3 salários mínimos
Distribuição por faixas de renda,2022,Município,2508901,Mamanguape (PB),"Moradores em domicílios particulares permanentes ocupados, exclusive os cuja condição no domicílio era pensionista, empregado(a) doméstico(a) ou parente do(a) empregado(a) doméstico(a)",Pessoas,781,Classes de rendimento nominal mensal domiciliar per capita,Mais de 2 a 3 salários mínimos
Distribuição por faixas de renda,2022,Município,2509008,Manaíra (PB),"Moradores em domicílios particulares permanentes ocupados, exclusive os cuja condição no domicílio era pensionista, empregado(a) doméstico(a) ou parente do(a) empregado(a) doméstico(a)",Pessoas,93,Classes de rendimento nominal mensal domiciliar per capita,Mais de 2 a 3 salários mínimos
Distribuição por faixas de renda,2022,Município,2509057,Marcação (PB),"Moradores em domicílios particulares permanentes ocupados, exclusive os cuja condição no domicílio era pensionista, empregado(a) doméstico(a) ou parente do(a) empregado(a) doméstico(a)",Pessoas,30,Classes de rendimento nominal mensal domiciliar per capita,Mais de 2 a 3 salários mínimos
Distribuição por faixas de renda,2022,Município,2509107,Mari (PB),"Moradores em domicílios particulares permanentes ocupados, exclusive os cuja condição no domicílio era pensionista, empregado(a) doméstico(a) ou parente do(a) empregado(a) doméstico(a)",Pessoas,313,Classes de rendimento nominal mensal domiciliar per capita,Mais de 2 a 3 salários mínimos
Distribuição por faixas de renda,2022,Município,2509156,Marizópolis (PB),"Moradores em domicílios particulares permanentes ocupados, exclusive os cuja condição no domicílio era pensionista, empregado(a) doméstico(a) ou parente do(a) empregado(a) doméstico(a)",Pessoas,80,Classes de rendimento nominal mensal domiciliar per capita,Mais de 2 a 3 salários mínimos
Distribuição por faixas de renda,2022,Município,2509206,Massaranduba (PB),"Moradores em domicílios particulares permanentes ocupados, exclusive os cuja condição no domicílio era pensionista, empregado(a) doméstico(a) ou parente do(a) empregado(a) doméstico(a)",Pessoas,266,Classes de rendimento nominal mensal domiciliar per capita,Mais de 2 a 3 salários mínimos
Distribuição por faixas de renda,2022,Município,2509305,Mataraca (PB),"Moradores em domicílios particulares permanentes ocupados, exclusive os cuja condição no domicílio era pensionista, empregado(a) doméstico(a) ou parente do(a) empregado(a) doméstico(a)",Pessoas,158,Classes de rendimento nominal mensal domiciliar per capita,Mais de 2 a 3 salários mínimos
Distribuição por faixas de renda,2022,Município,2509339,Matinhas (PB),"Moradores em domicílios particulares permanentes ocupados, exclusive os cuja condição no domicílio era pensionista, empregado(a) doméstico(a) ou parente do(a) empregado(a) doméstico(a)",Pessoas,46,Classes de rendimento nominal mensal domiciliar per capita,Mais de 2 a 3 salários mínimos
Distribuição por faixas de renda,2022,Município,2509370,Mato Grosso (PB),"Moradores em domicílios particulares permanentes ocupados, exclusive os cuja condição no domicílio era pensionista, empregado(a) doméstico(a) ou parente do(a) empregado(a) doméstico(a)",Pessoas,7,Classes de rendimento nominal mensal domiciliar per capita,Mais de 2 a 3 salários mínimos
Distribuição por faixas de renda,2022,Município,2509396,Maturéia (PB),"Moradores em domicílios particulares permanentes ocupados, exclusive os cuja condição no domicílio era pensionista, empregado(a) doméstico(a) ou parente do(a) empregado(a) doméstico(a)",Pessoas,82,Classes de rendimento nominal mensal domiciliar per capita,Mais de 2 a 3 salários mínimos
Distribuição por faixas de renda,2022,Município,2509404,Mogeiro (PB),"Moradores em domicílios particulares permanentes ocupados, exclusive os cuja condição no domicílio era pensionista, empregado(a) doméstico(a) ou parente do(a) empregado(a) doméstico(a)",Pessoas,71,Classes de rendimento nominal mensal domiciliar per capita,Mais de 2 a 3 salários mínimos
Distribuição por faixas de renda,2022,Município,2509503,Montadas (PB),"Moradores em domicílios particulares permanentes ocupados, exclusive os cuja condição no domicílio era pensionista, empregado(a) doméstico(a) ou parente do(a) empregado(a) doméstico(a)",Pessoas,71,Classes de rendimento nominal mensal domiciliar per capita,Mais de 2 a 3 salários mínimos
Distribuição por faixas de renda,2022,Município,2509602,Monte Horebe (PB),"Moradores em domicílios particulares permanentes ocupados, exclusive os cuja condição no domicílio era pensionista, empregado(a) doméstico(a) ou parente do(a) empregado(a) doméstico(a)",Pessoas,65,Classes de rendimento nominal mensal domiciliar per capita,Mais de 2 a 3 salários mínimos
Distribuição por faixas de renda,2022,Município,2509701,Monteiro (PB),"Moradores em domicílios particulares permanentes ocupados, exclusive os cuja condição no domicílio era pensionista, empregado(a) doméstico(a) ou parente do(a) empregado(a) doméstico(a)",Pessoas,756,Classes de rendimento nominal mensal domiciliar per capita,Mais de 2 a 3 salários mínimos
Distribuição por faixas de renda,2022,Município,2509800,Mulungu (PB),"Moradores em domicílios particulares permanentes ocupados, exclusive os cuja condição no domicílio era pensionista, empregado(a) doméstico(a) ou parente do(a) empregado(a) doméstico(a)",Pessoas,99,Classes de rendimento nominal mensal domiciliar per capita,Mais de 2 a 3 salários mínimos
Distribuição por faixas de renda,2022,Município,2509909,Natuba (PB),"Moradores em domicílios particulares permanentes ocupados, exclusive os cuja condição no domicílio era pensionista, empregado(a) doméstico(a) ou parente do(a) empregado(a) doméstico(a)",Pessoas,34,Classes de rendimento nominal mensal domiciliar per capita,Mais de 2 a 3 salários mínimos
Distribuição por faixas de renda,2022,Município,2510006,Nazarezinho (PB),"Moradores em domicílios particulares permanentes ocupados, exclusive os cuja condição no domicílio era pensionista, empregado(a) doméstico(a) ou parente do(a) empregado(a) doméstico(a)",Pessoas,166,Classes de rendimento nominal mensal domiciliar per capita,Mais de 2 a 3 salários mínimos
Distribuição por faixas de renda,2022,Município,2510105,Nova Floresta (PB),"Moradores em domicílios particulares permanentes ocupados, exclusive os cuja condição no domicílio era pensionista, empregado(a) doméstico(a) ou parente do(a) empregado(a) doméstico(a)",Pessoas,181,Classes de rendimento nominal mensal domiciliar per capita,Mais de 2 a 3 salários mínimos
Distribuição por faixas de renda,2022,Município,2510204,Nova Olinda (PB),"Moradores em domicílios particulares permanentes ocupados, exclusive os cuja condição no domicílio era pensionista, empregado(a) doméstico(a) ou parente do(a) empregado(a) doméstico(a)",Pessoas,79,Classes de rendimento nominal mensal domiciliar per capita,Mais de 2 a 3 salários mínimos
Distribuição por faixas de renda,2022,Município,2510303,Nova Palmeira (PB),"Moradores em domicílios particulares permanentes ocupados, exclusive os cuja condição no domicílio era pensionista, empregado(a) doméstico(a) ou parente do(a) empregado(a) doméstico(a)",Pessoas,77,Classes de rendimento nominal mensal domiciliar per capita,Mais de 2 a 3 salários mínimos
Distribuição por faixas de renda,2022,Município,2510402,Olho d'Água (PB),"Moradores em domicílios particulares permanentes ocupados, exclusive os cuja condição no domicílio era pensionista, empregado(a) doméstico(a) ou parente do(a) empregado(a) doméstico(a)",Pessoas,51,Classes de rendimento nominal mensal domiciliar per capita,Mais de 2 a 3 salários mínimos
Distribuição por faixas de renda,2022,Município,2510501,Olivedos (PB),"Moradores em domicílios particulares permanentes ocupados, exclusive os cuja condição no domicílio era pensionista, empregado(a) doméstico(a) ou parente do(a) empregado(a) doméstico(a)",Pessoas,20,Classes de rendimento nominal mensal domiciliar per capita,Mais de 2 a 3 salários mínimos
Distribuição por faixas de renda,2022,Município,2510600,Ouro Velho (PB),"Moradores em domicílios particulares permanentes ocupados, exclusive os cuja condição no domicílio era pensionista, empregado(a) doméstico(a) ou parente do(a) empregado(a) doméstico(a)",Pessoas,62,Classes de rendimento nominal mensal domiciliar per capita,Mais de 2 a 3 salários mínimos
Distribuição por faixas de renda,2022,Município,2510659,Parari (PB),"Moradores em domicílios particulares permanentes ocupados, exclusive os cuja condição no domicílio era pensionista, empregado(a) doméstico(a) ou parente do(a) empregado(a) doméstico(a)",Pessoas,26,Classes de rendimento nominal mensal domiciliar per capita,Mais de 2 a 3 salários mínimos
Distribuição por faixas de renda,2022,Município,2510709,Passagem (PB),"Moradores em domicílios particulares permanentes ocupados, exclusive os cuja condição no domicílio era pensionista, empregado(a) doméstico(a) ou parente do(a) empregado(a) doméstico(a)",Pessoas,11,Classes de rendimento nominal mensal domiciliar per capita,Mais de 2 a 3 salários mínimos
Distribuição por faixas de renda,2022,Município,2510808,Patos (PB),"Moradores em domicílios particulares permanentes ocupados, exclusive os cuja condição no domicílio era pensionista, empregado(a) doméstico(a) ou parente do(a) empregado(a) doméstico(a)",Pessoas,4118,Classes de rendimento nominal mensal domiciliar per capita,Mais de 2 a 3 salários mínimos
Distribuição por faixas de renda,2022,Município,2510907,Paulista (PB),"Moradores em domicílios particulares permanentes ocupados, exclusive os cuja condição no domicílio era pensionista, empregado(a) doméstico(a) ou parente do(a) empregado(a) doméstico(a)",Pessoas,165,Classes de rendimento nominal mensal domiciliar per capita,Mais de 2 a 3 salários mínimos
Distribuição por faixas de renda,2022,Município,2511004,Pedra Branca (PB),"Moradores em domicílios particulares permanentes ocupados, exclusive os cuja condição no domicílio era pensionista, empregado(a) doméstico(a) ou parente do(a) empregado(a) doméstico(a)",Pessoas,59,Classes de rendimento nominal mensal domiciliar per capita,Mais de 2 a 3 salários mínimos
Distribuição por faixas de renda,2022,Município,2511103,Pedra Lavrada (PB),"Moradores em domicílios particulares permanentes ocupados, exclusive os cuja condição no domicílio era pensionista, empregado(a) doméstico(a) ou parente do(a) empregado(a) doméstico(a)",Pessoas,106,Classes de rendimento nominal mensal domiciliar per capita,Mais de 2 a 3 salários mínimos
Distribuição por faixas de renda,2022,Município,2511202,Pedras de Fogo (PB),"Moradores em domicílios particulares permanentes ocupados, exclusive os cuja condição no domicílio era pensionista, empregado(a) doméstico(a) ou parente do(a) empregado(a) doméstico(a)",Pessoas,552,Classes de rendimento nominal mensal domiciliar per capita,Mais de 2 a 3 salários mínimos
Distribuição por faixas de renda,2022,Município,2511301,Piancó (PB),"Moradores em domicílios particulares permanentes ocupados, exclusive os cuja condição no domicílio era pensionista, empregado(a) doméstico(a) ou parente do(a) empregado(a) doméstico(a)",Pessoas,358,Classes de rendimento nominal mensal domiciliar per capita,Mais de 2 a 3 salários mínimos
Distribuição por faixas de renda,2022,Município,2511400,Picuí (PB),"Moradores em domicílios particulares permanentes ocupados, exclusive os cuja condição no domicílio era pensionista, empregado(a) doméstico(a) ou parente do(a) empregado(a) doméstico(a)",Pessoas,295,Classes de rendimento nominal mensal domiciliar per capita,Mais de 2 a 3 salários mínimos
Distribuição por faixas de renda,2022,Município,2511509,Pilar (PB),"Moradores em domicílios particulares permanentes ocupados, exclusive os cuja condição no domicílio era pensionista, empregado(a) doméstico(a) ou parente do(a) empregado(a) doméstico(a)",Pessoas,170,Classes de rendimento nominal mensal domiciliar per capita,Mais de 2 a 3 salários mínimos
Distribuição por faixas de renda,2022,Município,2511608,Pilões (PB),"Moradores em domicílios particulares permanentes ocupados, exclusive os cuja condição no domicílio era pensionista, empregado(a) doméstico(a) ou parente do(a) empregado(a) doméstico(a)",Pessoas,79,Classes de rendimento nominal mensal domiciliar per capita,Mais de 2 a 3 salários mínimos
Distribuição por faixas de renda,2022,Município,2511707,Pilõezinhos (PB),"Moradores em domicílios particulares permanentes ocupados, exclusive os cuja condição no domicílio era pensionista, empregado(a) doméstico(a) ou parente do(a) empregado(a) doméstico(a)",Pessoas,74,Classes de rendimento nominal mensal domiciliar per capita,Mais de 2 a 3 salários mínimos
Distribuição por faixas de renda,2022,Município,2511806,Pirpirituba (PB),"Moradores em domicílios particulares permanentes ocupados, exclusive os cuja condição no domicílio era pensionista, empregado(a) doméstico(a) ou parente do(a) empregado(a) doméstico(a)",Pessoas,128,Classes de rendimento nominal mensal domiciliar per capita,Mais de 2 a 3 salários mínimos
Distribuição por faixas de renda,2022,Município,2511905,Pitimbu (PB),"Moradores em domicílios particulares permanentes ocupados, exclusive os cuja condição no domicílio era pensionista, empregado(a) doméstico(a) ou parente do(a) empregado(a) doméstico(a)",Pessoas,286,Classes de rendimento nominal mensal domiciliar per capita,Mais de 2 a 3 salários mínimos
Distribuição por faixas de renda,2022,Município,2512002,Pocinhos (PB),"Moradores em domicílios particulares permanentes ocupados, exclusive os cuja condição no domicílio era pensionista, empregado(a) doméstico(a) ou parente do(a) empregado(a) doméstico(a)",Pessoas,230,Classes de rendimento nominal mensal domiciliar per capita,Mais de 2 a 3 salários mínimos
Distribuição por faixas de renda,2022,Município,2512036,Poço Dantas (PB),"Moradores em domicílios particulares permanentes ocupados, exclusive os cuja condição no domicílio era pensionista, empregado(a) doméstico(a) ou parente do(a) empregado(a) doméstico(a)",Pessoas,10,Classes de rendimento nominal mensal domiciliar per capita,Mais de 2 a 3 salários mínimos
Distribuição por faixas de renda,2022,Município,2512077,Poço de José de Moura (PB),"Moradores em domicílios particulares permanentes ocupados, exclusive os cuja condição no domicílio era pensionista, empregado(a) doméstico(a) ou parente do(a) empregado(a) doméstico(a)",Pessoas,95,Classes de rendimento nominal mensal domiciliar per capita,Mais de 2 a 3 salários mínimos
Distribuição por faixas de renda,2022,Município,2512101,Pombal (PB),"Moradores em domicílios particulares permanentes ocupados, exclusive os cuja condição no domicílio era pensionista, empregado(a) doméstico(a) ou parente do(a) empregado(a) doméstico(a)",Pessoas,613,Classes de rendimento nominal mensal domiciliar per capita,Mais de 2 a 3 salários mínimos
Distribuição por faixas de renda,2022,Município,2512200,Prata (PB),"Moradores em domicílios particulares permanentes ocupados, exclusive os cuja condição no domicílio era pensionista, empregado(a) doméstico(a) ou parente do(a) empregado(a) doméstico(a)",Pessoas,99,Classes de rendimento nominal mensal domiciliar per capita,Mais de 2 a 3 salários mínimos
Distribuição por faixas de renda,2022,Município,2512309,Princesa Isabel (PB),"Moradores em domicílios particulares permanentes ocupados, exclusive os cuja condição no domicílio era pensionista, empregado(a) doméstico(a) ou parente do(a) empregado(a) doméstico(a)",Pessoas,744,Classes de rendimento nominal mensal domiciliar per capita,Mais de 2 a 3 salários mínimos
Distribuição por faixas de renda,2022,Município,2512408,Puxinanã (PB),"Moradores em domicílios particulares permanentes ocupados, exclusive os cuja condição no domicílio era pensionista, empregado(a) doméstico(a) ou parente do(a) empregado(a) doméstico(a)",Pessoas,180,Classes de rendimento nominal mensal domiciliar per capita,Mais de 2 a 3 salários mínimos
Distribuição por faixas de renda,2022,Município,2512507,Queimadas (PB),"Moradores em domicílios particulares permanentes ocupados, exclusive os cuja condição no domicílio era pensionista, empregado(a) doméstico(a) ou parente do(a) empregado(a) doméstico(a)",Pessoas,601,Classes de rendimento nominal mensal domiciliar per capita,Mais de 2 a 3 salários mínimos
Distribuição por faixas de renda,2022,Município,2512606,Quixaba (PB),"Moradores em domicílios particulares permanentes ocupados, exclusive os cuja condição no domicílio era pensionista, empregado(a) doméstico(a) ou parente do(a) empregado(a) doméstico(a)",Pessoas,19,Classes de rendimento nominal mensal domiciliar per capita,Mais de 2 a 3 salários mínimos
Distribuição por faixas de renda,2022,Município,2512705,Remígio (PB),"Moradores em domicílios particulares permanentes ocupados, exclusive os cuja condição no domicílio era pensionista, empregado(a) doméstico(a) ou parente do(a) empregado(a) doméstico(a)",Pessoas,399,Classes de rendimento nominal mensal domiciliar per capita,Mais de 2 a 3 salários mínimos
Distribuição por faixas de renda,2022,Município,2512721,Pedro Régis (PB),"Moradores em domicílios particulares permanentes ocupados, exclusive os cuja condição no domicílio era pensionista, empregado(a) doméstico(a) ou parente do(a) empregado(a) doméstico(a)",Pessoas,22,Classes de rendimento nominal mensal domiciliar per capita,Mais de 2 a 3 salários mínimos
Distribuição por faixas de renda,2022,Município,2512747,Riachão (PB),"Moradores em domicílios particulares permanentes ocupados, exclusive os cuja condição no domicílio era pensionista, empregado(a) doméstico(a) ou parente do(a) empregado(a) doméstico(a)",Pessoas,20,Classes de rendimento nominal mensal domiciliar per capita,Mais de 2 a 3 salários mínimos
Distribuição por faixas de renda,2022,Município,2512754,Riachão do Bacamarte (PB),"Moradores em domicílios particulares permanentes ocupados, exclusive os cuja condição no domicílio era pensionista, empregado(a) doméstico(a) ou parente do(a) empregado(a) doméstico(a)",Pessoas,14,Classes de rendimento nominal mensal domiciliar per capita,Mais de 2 a 3 salários mínimos
Distribuição por faixas de renda,2022,Município,2512762,Riachão do Poço (PB),"Moradores em domicílios particulares permanentes ocupados, exclusive os cuja condição no domicílio era pensionista, empregado(a) doméstico(a) ou parente do(a) empregado(a) doméstico(a)",Pessoas,11,Classes de rendimento nominal mensal domiciliar per capita,Mais de 2 a 3 salários mínimos
Distribuição por faixas de renda,2022,Município,2512788,Riacho de Santo Antônio (PB),"Moradores em domicílios particulares permanentes ocupados, exclusive os cuja condição no domicílio era pensionista, empregado(a) doméstico(a) ou parente do(a) empregado(a) doméstico(a)",Pessoas,50,Classes de rendimento nominal mensal domiciliar per capita,Mais de 2 a 3 salários mínimos
Distribuição por faixas de renda,2022,Município,2512804,Riacho dos Cavalos (PB),"Moradores em domicílios particulares permanentes ocupados, exclusive os cuja condição no domicílio era pensionista, empregado(a) doméstico(a) ou parente do(a) empregado(a) doméstico(a)",Pessoas,133,Classes de rendimento nominal mensal domiciliar per capita,Mais de 2 a 3 salários mínimos
Distribuição por faixas de renda,2022,Município,2512903,Rio Tinto (PB),"Moradores em domicílios particulares permanentes ocupados, exclusive os cuja condição no domicílio era pensionista, empregado(a) doméstico(a) ou parente do(a) empregado(a) doméstico(a)",Pessoas,542,Classes de rendimento nominal mensal domiciliar per capita,Mais de 2 a 3 salários mínimos
Distribuição por faixas de renda,2022,Município,2513000,Salgadinho (PB),"Moradores em domicílios particulares permanentes ocupados, exclusive os cuja condição no domicílio era pensionista, empregado(a) doméstico(a) ou parente do(a) empregado(a) doméstico(a)",Pessoas,69,Classes de rendimento nominal mensal domiciliar per capita,Mais de 2 a 3 salários mínimos
Distribuição por faixas de renda,2022,Município,2513109,Salgado de São Félix (PB),"Moradores em domicílios particulares permanentes ocupados, exclusive os cuja condição no domicílio era pensionista, empregado(a) doméstico(a) ou parente do(a) empregado(a) doméstico(a)",Pessoas,123,Classes de rendimento nominal mensal domiciliar per capita,Mais de 2 a 3 salários mínimos
Distribuição por faixas de renda,2022,Município,2513158,Santa Cecília (PB),"Moradores em domicílios particulares permanentes ocupados, exclusive os cuja condição no domicílio era pensionista, empregado(a) doméstico(a) ou parente do(a) empregado(a) doméstico(a)",Pessoas,104,Classes de rendimento nominal mensal domiciliar per capita,Mais de 2 a 3 salários mínimos
Distribuição por faixas de renda,2022,Município,2513208,Santa Cruz (PB),"Moradores em domicílios particulares permanentes ocupados, exclusive os cuja condição no domicílio era pensionista, empregado(a) doméstico(a) ou parente do(a) empregado(a) doméstico(a)",Pessoas,41,Classes de rendimento nominal mensal domiciliar per capita,Mais de 2 a 3 salários mínimos
Distribuição por faixas de renda,2022,Município,2513307,Santa Helena (PB),"Moradores em domicílios particulares permanentes ocupados, exclusive os cuja condição no domicílio era pensionista, empregado(a) doméstico(a) ou parente do(a) empregado(a) doméstico(a)",Pessoas,104,Classes de rendimento nominal mensal domiciliar per capita,Mais de 2 a 3 salários mínimos
Distribuição por faixas de renda,2022,Município,2513356,Santa Inês (PB),"Moradores em domicílios particulares permanentes ocupados, exclusive os cuja condição no domicílio era pensionista, empregado(a) doméstico(a) ou parente do(a) empregado(a) doméstico(a)",Pessoas,46,Classes de rendimento nominal mensal domiciliar per capita,Mais de 2 a 3 salários mínimos
Distribuição por faixas de renda,2022,Município,2513406,Santa Luzia (PB),"Moradores em domicílios particulares permanentes ocupados, exclusive os cuja condição no domicílio era pensionista, empregado(a) doméstico(a) ou parente do(a) empregado(a) doméstico(a)",Pessoas,573,Classes de rendimento nominal mensal domiciliar per capita,Mais de 2 a 3 salários mínimos
Distribuição por faixas de renda,2022,Município,2513505,Santana de Mangueira (PB),"Moradores em domicílios particulares permanentes ocupados, exclusive os cuja condição no domicílio era pensionista, empregado(a) doméstico(a) ou parente do(a) empregado(a) doméstico(a)",Pessoas,82,Classes de rendimento nominal mensal domiciliar per capita,Mais de 2 a 3 salários mínimos
Distribuição por faixas de renda,2022,Município,2513604,Santana dos Garrotes (PB),"Moradores em domicílios particulares permanentes ocupados, exclusive os cuja condição no domicílio era pensionista, empregado(a) doméstico(a) ou parente do(a) empregado(a) doméstico(a)",Pessoas,113,Classes de rendimento nominal mensal domiciliar per capita,Mais de 2 a 3 salários mínimos
Distribuição por faixas de renda,2022,Município,2513653,Joca Claudino (PB),"Moradores em domicílios particulares permanentes ocupados, exclusive os cuja condição no domicílio era pensionista, empregado(a) doméstico(a) ou parente do(a) empregado(a) doméstico(a)",Pessoas,45,Classes de rendimento nominal mensal domiciliar per capita,Mais de 2 a 3 salários mínimos
Distribuição por faixas de renda,2022,Município,2513703,Santa Rita (PB),"Moradores em domicílios particulares permanentes ocupados, exclusive os cuja condição no domicílio era pensionista, empregado(a) doméstico(a) ou parente do(a) empregado(a) doméstico(a)",Pessoas,3047,Classes de rendimento nominal mensal domiciliar per capita,Mais de 2 a 3 salários mínimos
Distribuição por faixas de renda,2022,Município,2513802,Santa Teresinha (PB),"Moradores em domicílios particulares permanentes ocupados, exclusive os cuja condição no domicílio era pensionista, empregado(a) doméstico(a) ou parente do(a) empregado(a) doméstico(a)",Pessoas,60,Classes de rendimento nominal mensal domiciliar per capita,Mais de 2 a 3 salários mínimos
Distribuição por faixas de renda,2022,Município,2513851,Santo André (PB),"Moradores em domicílios particulares permanentes ocupados, exclusive os cuja condição no domicílio era pensionista, empregado(a) doméstico(a) ou parente do(a) empregado(a) doméstico(a)",Pessoas,29,Classes de rendimento nominal mensal domiciliar per capita,Mais de 2 a 3 salários mínimos
Distribuição por faixas de renda,2022,Município,2513901,São Bento (PB),"Moradores em domicílios particulares permanentes ocupados, exclusive os cuja condição no domicílio era pensionista, empregado(a) doméstico(a) ou parente do(a) empregado(a) doméstico(a)",Pessoas,652,Classes de rendimento nominal mensal domiciliar per capita,Mais de 2 a 3 salários mínimos
Distribuição por faixas de renda,2022,Município,2513927,São Bentinho (PB),"Moradores em domicílios particulares permanentes ocupados, exclusive os cuja condição no domicílio era pensionista, empregado(a) doméstico(a) ou parente do(a) empregado(a) doméstico(a)",Pessoas,64,Classes de rendimento nominal mensal domiciliar per capita,Mais de 2 a 3 salários mínimos
Distribuição por faixas de renda,2022,Município,2513943,São Domingos do Cariri (PB),"Moradores em domicílios particulares permanentes ocupados, exclusive os cuja condição no domicílio era pensionista, empregado(a) doméstico(a) ou parente do(a) empregado(a) doméstico(a)",Pessoas,11,Classes de rendimento nominal mensal domiciliar per capita,Mais de 2 a 3 salários mínimos
Distribuição por faixas de renda,2022,Município,2513968,São Domingos (PB),"Moradores em domicílios particulares permanentes ocupados, exclusive os cuja condição no domicílio era pensionista, empregado(a) doméstico(a) ou parente do(a) empregado(a) doméstico(a)",Pessoas,0,Classes de rendimento nominal mensal domiciliar per capita,Mais de 2 a 3 salários mínimos
Distribuição por faixas de renda,2022,Município,2513984,São Francisco (PB),"Moradores em domicílios particulares permanentes ocupados, exclusive os cuja condição no domicílio era pensionista, empregado(a) doméstico(a) ou parente do(a) empregado(a) doméstico(a)",Pessoas,78,Classes de rendimento nominal mensal domiciliar per capita,Mais de 2 a 3 salários mínimos
Distribuição por faixas de renda,2022,Município,2514008,São João do Cariri (PB),"Moradores em domicílios particulares permanentes ocupados, exclusive os cuja condição no domicílio era pensionista, empregado(a) doméstico(a) ou parente do(a) empregado(a) doméstico(a)",Pessoas,127,Classes de rendimento nominal mensal domiciliar per capita,Mais de 2 a 3 salários mínimos
Distribuição por faixas de renda,2022,Município,2514107,São João do Tigre (PB),"Moradores em domicílios particulares permanentes ocupados, exclusive os cuja condição no domicílio era pensionista, empregado(a) doméstico(a) ou parente do(a) empregado(a) doméstico(a)",Pessoas,49,Classes de rendimento nominal mensal domiciliar per capita,Mais de 2 a 3 salários mínimos
Distribuição por faixas de renda,2022,Município,2514206,São José da Lagoa Tapada (PB),"Moradores em domicílios particulares permanentes ocupados, exclusive os cuja condição no domicílio era pensionista, empregado(a) doméstico(a) ou parente do(a) empregado(a) doméstico(a)",Pessoas,139,Classes de rendimento nominal mensal domiciliar per capita,Mais de 2 a 3 salários mínimos
Distribuição por faixas de renda,2022,Município,2514305,São José de Caiana (PB),"Moradores em domicílios particulares permanentes ocupados, exclusive os cuja condição no domicílio era pensionista, empregado(a) doméstico(a) ou parente do(a) empregado(a) doméstico(a)",Pessoas,78,Classes de rendimento nominal mensal domiciliar per capita,Mais de 2 a 3 salários mínimos
Distribuição por faixas de renda,2022,Município,2514404,São José de Espinharas (PB),"Moradores em domicílios particulares permanentes ocupados, exclusive os cuja condição no domicílio era pensionista, empregado(a) doméstico(a) ou parente do(a) empregado(a) doméstico(a)",Pessoas,52,Classes de rendimento nominal mensal domiciliar per capita,Mais de 2 a 3 salários mínimos
Distribuição por faixas de renda,2022,Município,2514453,São José dos Ramos (PB),"Moradores em domicílios particulares permanentes ocupados, exclusive os cuja condição no domicílio era pensionista, empregado(a) doméstico(a) ou parente do(a) empregado(a) doméstico(a)",Pessoas,17,Classes de rendimento nominal mensal domiciliar per capita,Mais de 2 a 3 salários mínimos
Distribuição por faixas de renda,2022,Município,2514503,São José de Piranhas (PB),"Moradores em domicílios particulares permanentes ocupados, exclusive os cuja condição no domicílio era pensionista, empregado(a) doméstico(a) ou parente do(a) empregado(a) doméstico(a)",Pessoas,423,Classes de rendimento nominal mensal domiciliar per capita,Mais de 2 a 3 salários mínimos
Distribuição por faixas de renda,2022,Município,2514552,São José de Princesa (PB),"Moradores em domicílios particulares permanentes ocupados, exclusive os cuja condição no domicílio era pensionista, empregado(a) doméstico(a) ou parente do(a) empregado(a) doméstico(a)",Pessoas,3,Classes de rendimento nominal mensal domiciliar per capita,Mais de 2 a 3 salários mínimos
Distribuição por faixas de renda,2022,Município,2514602,São José do Bonfim (PB),"Moradores em domicílios particulares permanentes ocupados, exclusive os cuja condição no domicílio era pensionista, empregado(a) doméstico(a) ou parente do(a) empregado(a) doméstico(a)",Pessoas,24,Classes de rendimento nominal mensal domiciliar per capita,Mais de 2 a 3 salários mínimos
Distribuição por faixas de renda,2022,Município,2514651,São José do Brejo do Cruz (PB),"Moradores em domicílios particulares permanentes ocupados, exclusive os cuja condição no domicílio era pensionista, empregado(a) doméstico(a) ou parente do(a) empregado(a) doméstico(a)",Pessoas,6,Classes de rendimento nominal mensal domiciliar per capita,Mais de 2 a 3 salários mínimos
Distribuição por faixas de renda,2022,Município,2514701,São José do Sabugi (PB),"Moradores em domicílios particulares permanentes ocupados, exclusive os cuja condição no domicílio era pensionista, empregado(a) doméstico(a) ou parente do(a) empregado(a) doméstico(a)",Pessoas,148,Classes de rendimento nominal mensal domiciliar per capita,Mais de 2 a 3 salários mínimos
Distribuição por faixas de renda,2022,Município,2514800,São José dos Cordeiros (PB),"Moradores em domicílios particulares permanentes ocupados, exclusive os cuja condição no domicílio era pensionista, empregado(a) doméstico(a) ou parente do(a) empregado(a) doméstico(a)",Pessoas,24,Classes de rendimento nominal mensal domiciliar per capita,Mais de 2 a 3 salários mínimos
Distribuição por faixas de renda,2022,Município,2514909,São Mamede (PB),"Moradores em domicílios particulares permanentes ocupados, exclusive os cuja condição no domicílio era pensionista, empregado(a) doméstico(a) ou parente do(a) empregado(a) doméstico(a)",Pessoas,229,Classes de rendimento nominal mensal domiciliar per capita,Mais de 2 a 3 salários mínimos
Distribuição por faixas de renda,2022,Município,2515005,São Miguel de Taipu (PB),"Moradores em domicílios particulares permanentes ocupados, exclusive os cuja condição no domicílio era pensionista, empregado(a) doméstico(a) ou parente do(a) empregado(a) doméstico(a)",Pessoas,68,Classes de rendimento nominal mensal domiciliar per capita,Mais de 2 a 3 salários mínimos
Distribuição por faixas de renda,2022,Município,2515104,São Sebastião de Lagoa de Roça (PB),"Moradores em domicílios particulares permanentes ocupados, exclusive os cuja condição no domicílio era pensionista, empregado(a) doméstico(a) ou parente do(a) empregado(a) doméstico(a)",Pessoas,221,Classes de rendimento nominal mensal domiciliar per capita,Mais de 2 a 3 salários mínimos
Distribuição por faixas de renda,2022,Município,2515203,São Sebastião do Umbuzeiro (PB),"Moradores em domicílios particulares permanentes ocupados, exclusive os cuja condição no domicílio era pensionista, empregado(a) doméstico(a) ou parente do(a) empregado(a) doméstico(a)",Pessoas,26,Classes de rendimento nominal mensal domiciliar per capita,Mais de 2 a 3 salários mínimos
Distribuição por faixas de renda,2022,Município,2515302,Sapé (PB),"Moradores em domicílios particulares permanentes ocupados, exclusive os cuja condição no domicílio era pensionista, empregado(a) doméstico(a) ou parente do(a) empregado(a) doméstico(a)",Pessoas,818,Classes de rendimento nominal mensal domiciliar per capita,Mais de 2 a 3 salários mínimos
Distribuição por faixas de renda,2022,Município,2515401,São Vicente do Seridó (PB),"Moradores em domicílios particulares permanentes ocupados, exclusive os cuja condição no domicílio era pensionista, empregado(a) doméstico(a) ou parente do(a) empregado(a) doméstico(a)",Pessoas,69,Classes de rendimento nominal mensal domiciliar per capita,Mais de 2 a 3 salários mínimos
Distribuição por faixas de renda,2022,Município,2515500,Serra Branca (PB),"Moradores em domicílios particulares permanentes ocupados, exclusive os cuja condição no domicílio era pensionista, empregado(a) doméstico(a) ou parente do(a) empregado(a) doméstico(a)",Pessoas,186,Classes de rendimento nominal mensal domiciliar per capita,Mais de 2 a 3 salários mínimos
Distribuição por faixas de renda,2022,Município,2515609,Serra da Raiz (PB),"Moradores em domicílios particulares permanentes ocupados, exclusive os cuja condição no domicílio era pensionista, empregado(a) doméstico(a) ou parente do(a) empregado(a) doméstico(a)",Pessoas,19,Classes de rendimento nominal mensal domiciliar per capita,Mais de 2 a 3 salários mínimos
Distribuição por faixas de renda,2022,Município,2515708,Serra Grande (PB),"Moradores em domicílios particulares permanentes ocupados, exclusive os cuja condição no domicílio era pensionista, empregado(a) doméstico(a) ou parente do(a) empregado(a) doméstico(a)",Pessoas,53,Classes de rendimento nominal mensal domiciliar per capita,Mais de 2 a 3 salários mínimos
Distribuição por faixas de renda,2022,Município,2515807,Serra Redonda (PB),"Moradores em domicílios particulares permanentes ocupados, exclusive os cuja condição no domicílio era pensionista, empregado(a) doméstico(a) ou parente do(a) empregado(a) doméstico(a)",Pessoas,121,Classes de rendimento nominal mensal domiciliar per capita,Mais de 2 a 3 salários mínimos
Distribuição por faixas de renda,2022,Município,2515906,Serraria (PB),"Moradores em domicílios particulares permanentes ocupados, exclusive os cuja condição no domicílio era pensionista, empregado(a) doméstico(a) ou parente do(a) empregado(a) doméstico(a)",Pessoas,118,Classes de rendimento nominal mensal domiciliar per capita,Mais de 2 a 3 salários mínimos
Distribuição por faixas de renda,2022,Município,2515930,Sertãozinho (PB),"Moradores em domicílios particulares permanentes ocupados, exclusive os cuja condição no domicílio era pensionista, empregado(a) doméstico(a) ou parente do(a) empregado(a) doméstico(a)",Pessoas,34,Classes de rendimento nominal mensal domiciliar per capita,Mais de 2 a 3 salários mínimos
Distribuição por faixas de renda,2022,Município,2515971,Sobrado (PB),"Moradores em domicílios particulares permanentes ocupados, exclusive os cuja condição no domicílio era pensionista, empregado(a) doméstico(a) ou parente do(a) empregado(a) doméstico(a)",Pessoas,135,Classes de rendimento nominal mensal domiciliar per capita,Mais de 2 a 3 salários mínimos
Distribuição por faixas de renda,2022,Município,2516003,Solânea (PB),"Moradores em domicílios particulares permanentes ocupados, exclusive os cuja condição no domicílio era pensionista, empregado(a) doméstico(a) ou parente do(a) empregado(a) doméstico(a)",Pessoas,630,Classes de rendimento nominal mensal domiciliar per capita,Mais de 2 a 3 salários mínimos
Distribuição por faixas de renda,2022,Município,2516102,Soledade (PB),"Moradores em domicílios particulares permanentes ocupados, exclusive os cuja condição no domicílio era pensionista, empregado(a) doméstico(a) ou parente do(a) empregado(a) doméstico(a)",Pessoas,227,Classes de rendimento nominal mensal domiciliar per capita,Mais de 2 a 3 salários mínimos
Distribuição por faixas de renda,2022,Município,2516151,Sossêgo (PB),"Moradores em domicílios particulares permanentes ocupados, exclusive os cuja condição no domicílio era pensionista, empregado(a) doméstico(a) ou parente do(a) empregado(a) doméstico(a)",Pessoas,35,Classes de rendimento nominal mensal domiciliar per capita,Mais de 2 a 3 salários mínimos
Distribuição por faixas de renda,2022,Município,2516201,Sousa (PB),"Moradores em domicílios particulares permanentes ocupados, exclusive os cuja condição no domicílio era pensionista, empregado(a) doméstico(a) ou parente do(a) empregado(a) doméstico(a)",Pessoas,2028,Classes de rendimento nominal mensal domiciliar per capita,Mais de 2 a 3 salários mínimos
Distribuição por faixas de renda,2022,Município,2516300,Sumé (PB),"Moradores em domicílios particulares permanentes ocupados, exclusive os cuja condição no domicílio era pensionista, empregado(a) doméstico(a) ou parente do(a) empregado(a) doméstico(a)",Pessoas,500,Classes de rendimento nominal mensal domiciliar per capita,Mais de 2 a 3 salários mínimos
Distribuição por faixas de renda,2022,Município,2516409,Tacima (PB),"Moradores em domicílios particulares permanentes ocupados, exclusive os cuja condição no domicílio era pensionista, empregado(a) doméstico(a) ou parente do(a) empregado(a) doméstico(a)",Pessoas,124,Classes de rendimento nominal mensal domiciliar per capita,Mais de 2 a 3 salários mínimos
Distribuição por faixas de renda,2022,Município,2516508,Taperoá (PB),"Moradores em domicílios particulares permanentes ocupados, exclusive os cuja condição no domicílio era pensionista, empregado(a) doméstico(a) ou parente do(a) empregado(a) doméstico(a)",Pessoas,203,Classes de rendimento nominal mensal domiciliar per capita,Mais de 2 a 3 salários mínimos
Distribuição por faixas de renda,2022,Município,2516607,Tavares (PB),"Moradores em domicílios particulares permanentes ocupados, exclusive os cuja condição no domicílio era pensionista, empregado(a) doméstico(a) ou parente do(a) empregado(a) doméstico(a)",Pessoas,155,Classes de rendimento nominal mensal domiciliar per capita,Mais de 2 a 3 salários mínimos
Distribuição por faixas de renda,2022,Município,2516706,Teixeira (PB),"Moradores em domicílios particulares permanentes ocupados, exclusive os cuja condição no domicílio era pensionista, empregado(a) doméstico(a) ou parente do(a) empregado(a) doméstico(a)",Pessoas,215,Classes de rendimento nominal mensal domiciliar per capita,Mais de 2 a 3 salários mínimos
Distribuição por faixas de renda,2022,Município,2516755,Tenório (PB),"Moradores em domicílios particulares permanentes ocupados, exclusive os cuja condição no domicílio era pensionista, empregado(a) doméstico(a) ou parente do(a) empregado(a) doméstico(a)",Pessoas,60,Classes de rendimento nominal mensal domiciliar per capita,Mais de 2 a 3 salários mínimos
Distribuição por faixas de renda,2022,Município,2516805,Triunfo (PB),"Moradores em domicílios particulares permanentes ocupados, exclusive os cuja condição no domicílio era pensionista, empregado(a) doméstico(a) ou parente do(a) empregado(a) doméstico(a)",Pessoas,108,Classes de rendimento nominal mensal domiciliar per capita,Mais de 2 a 3 salários mínimos
Distribuição por faixas de renda,2022,Município,2516904,Uiraúna (PB),"Moradores em domicílios particulares permanentes ocupados, exclusive os cuja condição no domicílio era pensionista, empregado(a) doméstico(a) ou parente do(a) empregado(a) doméstico(a)",Pessoas,616,Classes de rendimento nominal mensal domiciliar per capita,Mais de 2 a 3 salários mínimos
Distribuição por faixas de renda,2022,Município,2517001,Umbuzeiro (PB),"Moradores em domicílios particulares permanentes ocupados, exclusive os cuja condição no domicílio era pensionista, empregado(a) doméstico(a) ou parente do(a) empregado(a) doméstico(a)",Pessoas,85,Classes de rendimento nominal mensal domiciliar per capita,Mais de 2 a 3 salários mínimos
Distribuição por faixas de renda,2022,Município,2517100,Várzea (PB),"Moradores em domicílios particulares permanentes ocupados, exclusive os cuja condição no domicílio era pensionista, empregado(a) doméstico(a) ou parente do(a) empregado(a) doméstico(a)",Pessoas,140,Classes de rendimento nominal mensal domiciliar per capita,Mais de 2 a 3 salários mínimos
Distribuição por faixas de renda,2022,Município,2517209,Vieirópolis (PB),"Moradores em domicílios particulares permanentes ocupados, exclusive os cuja condição no domicílio era pensionista, empregado(a) doméstico(a) ou parente do(a) empregado(a) doméstico(a)",Pessoas,22,Classes de rendimento nominal mensal domiciliar per capita,Mais de 2 a 3 salários mínimos
Distribuição por faixas de renda,2022,Município,2517407,Zabelê (PB),"Moradores em domicílios particulares permanentes ocupados, exclusive os cuja condição no domicílio era pensionista, empregado(a) doméstico(a) ou parente do(a) empregado(a) doméstico(a)",Pessoas,22,Classes de rendimento nominal mensal domiciliar per capita,Mais de 2 a 3 salários mínimos
Distribuição por faixas de renda,2022,Unidade da Federação,25,Paraíba,"Moradores em domicílios particulares permanentes ocupados, exclusive os cuja condição no domicílio era pensionista, empregado(a) doméstico(a) ou parente do(a) empregado(a) doméstico(a)",Pessoas,104009,Classes de rendimento nominal mensal domiciliar per capita,Mais de 3 a 5 salários mínimos
Distribuição por faixas de renda,2022,Município,2500106,Água Branca (PB),"Moradores em domicílios particulares permanentes ocupados, exclusive os cuja condição no domicílio era pensionista, empregado(a) doméstico(a) ou parente do(a) empregado(a) doméstico(a)",Pessoas,116,Classes de rendimento nominal mensal domiciliar per capita,Mais de 3 a 5 salários mínimos
Distribuição por faixas de renda,2022,Município,2500205,Aguiar (PB),"Moradores em domicílios particulares permanentes ocupados, exclusive os cuja condição no domicílio era pensionista, empregado(a) doméstico(a) ou parente do(a) empregado(a) doméstico(a)",Pessoas,61,Classes de rendimento nominal mensal domiciliar per capita,Mais de 3 a 5 salários mínimos
Distribuição por faixas de renda,2022,Município,2500304,Alagoa Grande (PB),"Moradores em domicílios particulares permanentes ocupados, exclusive os cuja condição no domicílio era pensionista, empregado(a) doméstico(a) ou parente do(a) empregado(a) doméstico(a)",Pessoas,218,Classes de rendimento nominal mensal domiciliar per capita,Mais de 3 a 5 salários mínimos
Distribuição por faixas de renda,2022,Município,2500403,Alagoa Nova (PB),"Moradores em domicílios particulares permanentes ocupados, exclusive os cuja condição no domicílio era pensionista, empregado(a) doméstico(a) ou parente do(a) empregado(a) doméstico(a)",Pessoas,172,Classes de rendimento nominal mensal domiciliar per capita,Mais de 3 a 5 salários mínimos
Distribuição por faixas de renda,2022,Município,2500502,Alagoinha (PB),"Moradores em domicílios particulares permanentes ocupados, exclusive os cuja condição no domicílio era pensionista, empregado(a) doméstico(a) ou parente do(a) empregado(a) doméstico(a)",Pessoas,166,Classes de rendimento nominal mensal domiciliar per capita,Mais de 3 a 5 salários mínimos
Distribuição por faixas de renda,2022,Município,2500536,Alcantil (PB),"Moradores em domicílios particulares permanentes ocupados, exclusive os cuja condição no domicílio era pensionista, empregado(a) doméstico(a) ou parente do(a) empregado(a) doméstico(a)",Pessoas,29,Classes de rendimento nominal mensal domiciliar per capita,Mais de 3 a 5 salários mínimos
Distribuição por faixas de renda,2022,Município,2500577,Algodão de Jandaíra (PB),"Moradores em domicílios particulares permanentes ocupados, exclusive os cuja condição no domicílio era pensionista, empregado(a) doméstico(a) ou parente do(a) empregado(a) doméstico(a)",Pessoas,15,Classes de rendimento nominal mensal domiciliar per capita,Mais de 3 a 5 salários mínimos
Distribuição por faixas de renda,2022,Município,2500601,Alhandra (PB),"Moradores em domicílios particulares permanentes ocupados, exclusive os cuja condição no domicílio era pensionista, empregado(a) doméstico(a) ou parente do(a) empregado(a) doméstico(a)",Pessoas,161,Classes de rendimento nominal mensal domiciliar per capita,Mais de 3 a 5 salários mínimos
Distribuição por faixas de renda,2022,Município,2500700,São João do Rio do Peixe (PB),"Moradores em domicílios particulares permanentes ocupados, exclusive os cuja condição no domicílio era pensionista, empregado(a) doméstico(a) ou parente do(a) empregado(a) doméstico(a)",Pessoas,86,Classes de rendimento nominal mensal domiciliar per capita,Mais de 3 a 5 salários mínimos
Distribuição por faixas de renda,2022,Município,2500734,Amparo (PB),"Moradores em domicílios particulares permanentes ocupados, exclusive os cuja condição no domicílio era pensionista, empregado(a) doméstico(a) ou parente do(a) empregado(a) doméstico(a)",Pessoas,11,Classes de rendimento nominal mensal domiciliar per capita,Mais de 3 a 5 salários mínimos
Distribuição por faixas de renda,2022,Município,2500775,Aparecida (PB),"Moradores em domicílios particulares permanentes ocupados, exclusive os cuja condição no domicílio era pensionista, empregado(a) doméstico(a) ou parente do(a) empregado(a) doméstico(a)",Pessoas,10,Classes de rendimento nominal mensal domiciliar per capita,Mais de 3 a 5 salários mínimos
Distribuição por faixas de renda,2022,Município,2500809,Araçagi (PB),"Moradores em domicílios particulares permanentes ocupados, exclusive os cuja condição no domicílio era pensionista, empregado(a) doméstico(a) ou parente do(a) empregado(a) doméstico(a)",Pessoas,59,Classes de rendimento nominal mensal domiciliar per capita,Mais de 3 a 5 salários mínimos
Distribuição por faixas de renda,2022,Município,2500908,Arara (PB),"Moradores em domicílios particulares permanentes ocupados, exclusive os cuja condição no domicílio era pensionista, empregado(a) doméstico(a) ou parente do(a) empregado(a) doméstico(a)",Pessoas,116,Classes de rendimento nominal mensal domiciliar per capita,Mais de 3 a 5 salários mínimos
Distribuição por faixas de renda,2022,Município,2501005,Araruna (PB),"Moradores em domicílios particulares permanentes ocupados, exclusive os cuja condição no domicílio era pensionista, empregado(a) doméstico(a) ou parente do(a) empregado(a) doméstico(a)",Pessoas,115,Classes de rendimento nominal mensal domiciliar per capita,Mais de 3 a 5 salários mínimos
Distribuição por faixas de renda,2022,Município,2501104,Areia (PB),"Moradores em domicílios particulares permanentes ocupados, exclusive os cuja condição no domicílio era pensionista, empregado(a) doméstico(a) ou parente do(a) empregado(a) doméstico(a)",Pessoas,149,Classes de rendimento nominal mensal domiciliar per capita,Mais de 3 a 5 salários mínimos
Distribuição por faixas de renda,2022,Município,2501153,Areia de Baraúnas (PB),"Moradores em domicílios particulares permanentes ocupados, exclusive os cuja condição no domicílio era pensionista, empregado(a) doméstico(a) ou parente do(a) empregado(a) doméstico(a)",Pessoas,6,Classes de rendimento nominal mensal domiciliar per capita,Mais de 3 a 5 salários mínimos
Distribuição por faixas de renda,2022,Município,2501203,Areial (PB),"Moradores em domicílios particulares permanentes ocupados, exclusive os cuja condição no domicílio era pensionista, empregado(a) doméstico(a) ou parente do(a) empregado(a) doméstico(a)",Pessoas,31,Classes de rendimento nominal mensal domiciliar per capita,Mais de 3 a 5 salários mínimos
Distribuição por faixas de renda,2022,Município,2501302,Aroeiras (PB),"Moradores em domicílios particulares permanentes ocupados, exclusive os cuja condição no domicílio era pensionista, empregado(a) doméstico(a) ou parente do(a) empregado(a) doméstico(a)",Pessoas,51,Classes de rendimento nominal mensal domiciliar per capita,Mais de 3 a 5 salários mínimos
Distribuição por faixas de renda,2022,Município,2501351,Assunção (PB),"Moradores em domicílios particulares permanentes ocupados, exclusive os cuja condição no domicílio era pensionista, empregado(a) doméstico(a) ou parente do(a) empregado(a) doméstico(a)",Pessoas,11,Classes de rendimento nominal mensal domiciliar per capita,Mais de 3 a 5 salários mínimos
Distribuição por faixas de renda,2022,Município,2501401,Baía da Traição (PB),"Moradores em domicílios particulares permanentes ocupados, exclusive os cuja condição no domicílio era pensionista, empregado(a) doméstico(a) ou parente do(a) empregado(a) doméstico(a)",Pessoas,117,Classes de rendimento nominal mensal domiciliar per capita,Mais de 3 a 5 salários mínimos
Distribuição por faixas de renda,2022,Município,2501500,Bananeiras (PB),"Moradores em domicílios particulares permanentes ocupados, exclusive os cuja condição no domicílio era pensionista, empregado(a) doméstico(a) ou parente do(a) empregado(a) doméstico(a)",Pessoas,368,Classes de rendimento nominal mensal domiciliar per capita,Mais de 3 a 5 salários mínimos
Distribuição por faixas de renda,2022,Município,2501534,Baraúna (PB),"Moradores em domicílios particulares permanentes ocupados, exclusive os cuja condição no domicílio era pensionista, empregado(a) doméstico(a) ou parente do(a) empregado(a) doméstico(a)",Pessoas,26,Classes de rendimento nominal mensal domiciliar per capita,Mais de 3 a 5 salários mínimos
Distribuição por faixas de renda,2022,Município,2501575,Barra de Santana (PB),"Moradores em domicílios particulares permanentes ocupados, exclusive os cuja condição no domicílio era pensionista, empregado(a) doméstico(a) ou parente do(a) empregado(a) doméstico(a)",Pessoas,4,Classes de rendimento nominal mensal domiciliar per capita,Mais de 3 a 5 salários mínimos
Distribuição por faixas de renda,2022,Município,2501609,Barra de Santa Rosa (PB),"Moradores em domicílios particulares permanentes ocupados, exclusive os cuja condição no domicílio era pensionista, empregado(a) doméstico(a) ou parente do(a) empregado(a) doméstico(a)",Pessoas,45,Classes de rendimento nominal mensal domiciliar per capita,Mais de 3 a 5 salários mínimos
Distribuição por faixas de renda,2022,Município,2501708,Barra de São Miguel (PB),"Moradores em domicílios particulares permanentes ocupados, exclusive os cuja condição no domicílio era pensionista, empregado(a) doméstico(a) ou parente do(a) empregado(a) doméstico(a)",Pessoas,18,Classes de rendimento nominal mensal domiciliar per capita,Mais de 3 a 5 salários mínimos
Distribuição por faixas de renda,2022,Município,2501807,Bayeux (PB),"Moradores em domicílios particulares permanentes ocupados, exclusive os cuja condição no domicílio era pensionista, empregado(a) doméstico(a) ou parente do(a) empregado(a) doméstico(a)",Pessoas,896,Classes de rendimento nominal mensal domiciliar per capita,Mais de 3 a 5 salários mínimos
Distribuição por faixas de renda,2022,Município,2501906,Belém (PB),"Moradores em domicílios particulares permanentes ocupados, exclusive os cuja condição no domicílio era pensionista, empregado(a) doméstico(a) ou parente do(a) empregado(a) doméstico(a)",Pessoas,137,Classes de rendimento nominal mensal domiciliar per capita,Mais de 3 a 5 salários mínimos
Distribuição por faixas de renda,2022,Município,2502003,Belém do Brejo do Cruz (PB),"Moradores em domicílios particulares permanentes ocupados, exclusive os cuja condição no domicílio era pensionista, empregado(a) doméstico(a) ou parente do(a) empregado(a) doméstico(a)",Pessoas,68,Classes de rendimento nominal mensal domiciliar per capita,Mais de 3 a 5 salários mínimos
Distribuição por faixas de renda,2022,Município,2502052,Bernardino Batista (PB),"Moradores em domicílios particulares permanentes ocupados, exclusive os cuja condição no domicílio era pensionista, empregado(a) doméstico(a) ou parente do(a) empregado(a) doméstico(a)",Pessoas,34,Classes de rendimento nominal mensal domiciliar per capita,Mais de 3 a 5 salários mínimos
Distribuição por faixas de renda,2022,Município,2502102,Boa Ventura (PB),"Moradores em domicílios particulares permanentes ocupados, exclusive os cuja condição no domicílio era pensionista, empregado(a) doméstico(a) ou parente do(a) empregado(a) doméstico(a)",Pessoas,22,Classes de rendimento nominal mensal domiciliar per capita,Mais de 3 a 5 salários mínimos
Distribuição por faixas de renda,2022,Município,2502151,Boa Vista (PB),"Moradores em domicílios particulares permanentes ocupados, exclusive os cuja condição no domicílio era pensionista, empregado(a) doméstico(a) ou parente do(a) empregado(a) doméstico(a)",Pessoas,81,Classes de rendimento nominal mensal domiciliar per capita,Mais de 3 a 5 salários mínimos
Distribuição por faixas de renda,2022,Município,2502201,Bom Jesus (PB),"Moradores em domicílios particulares permanentes ocupados, exclusive os cuja condição no domicílio era pensionista, empregado(a) doméstico(a) ou parente do(a) empregado(a) doméstico(a)",Pessoas,12,Classes de rendimento nominal mensal domiciliar per capita,Mais de 3 a 5 salários mínimos
Distribuição por faixas de renda,2022,Município,2502300,Bom Sucesso (PB),"Moradores em domicílios particulares permanentes ocupados, exclusive os cuja condição no domicílio era pensionista, empregado(a) doméstico(a) ou parente do(a) empregado(a) doméstico(a)",Pessoas,17,Classes de rendimento nominal mensal domiciliar per capita,Mais de 3 a 5 salários mínimos
Distribuição por faixas de renda,2022,Município,2502409,Bonito de Santa Fé (PB),"Moradores em domicílios particulares permanentes ocupados, exclusive os cuja condição no domicílio era pensionista, empregado(a) doméstico(a) ou parente do(a) empregado(a) doméstico(a)",Pessoas,41,Classes de rendimento nominal mensal domiciliar per capita,Mais de 3 a 5 salários mínimos
Distribuição por faixas de renda,2022,Município,2502508,Boqueirão (PB),"Moradores em domicílios particulares permanentes ocupados, exclusive os cuja condição no domicílio era pensionista, empregado(a) doméstico(a) ou parente do(a) empregado(a) doméstico(a)",Pessoas,196,Classes de rendimento nominal mensal domiciliar per capita,Mais de 3 a 5 salários mínimos
Distribuição por faixas de renda,2022,Município,2502607,Igaracy (PB),"Moradores em domicílios particulares permanentes ocupados, exclusive os cuja condição no domicílio era pensionista, empregado(a) doméstico(a) ou parente do(a) empregado(a) doméstico(a)",Pessoas,10,Classes de rendimento nominal mensal domiciliar per capita,Mais de 3 a 5 salários mínimos
Distribuição por faixas de renda,2022,Município,2502706,Borborema (PB),"Moradores em domicílios particulares permanentes ocupados, exclusive os cuja condição no domicílio era pensionista, empregado(a) doméstico(a) ou parente do(a) empregado(a) doméstico(a)",Pessoas,63,Classes de rendimento nominal mensal domiciliar per capita,Mais de 3 a 5 salários mínimos
Distribuição por faixas de renda,2022,Município,2502805,Brejo do Cruz (PB),"Moradores em domicílios particulares permanentes ocupados, exclusive os cuja condição no domicílio era pensionista, empregado(a) doméstico(a) ou parente do(a) empregado(a) doméstico(a)",Pessoas,125,Classes de rendimento nominal mensal domiciliar per capita,Mais de 3 a 5 salários mínimos
Distribuição por faixas de renda,2022,Município,2502904,Brejo dos Santos (PB),"Moradores em domicílios particulares permanentes ocupados, exclusive os cuja condição no domicílio era pensionista, empregado(a) doméstico(a) ou parente do(a) empregado(a) doméstico(a)",Pessoas,94,Classes de rendimento nominal mensal domiciliar per capita,Mais de 3 a 5 salários mínimos
Distribuição por faixas de renda,2022,Município,2503001,Caaporã (PB),"Moradores em domicílios particulares permanentes ocupados, exclusive os cuja condição no domicílio era pensionista, empregado(a) doméstico(a) ou parente do(a) empregado(a) doméstico(a)",Pessoas,91,Classes de rendimento nominal mensal domiciliar per capita,Mais de 3 a 5 salários mínimos
Distribuição por faixas de renda,2022,Município,2503100,Cabaceiras (PB),"Moradores em domicílios particulares permanentes ocupados, exclusive os cuja condição no domicílio era pensionista, empregado(a) doméstico(a) ou parente do(a) empregado(a) doméstico(a)",Pessoas,42,Classes de rendimento nominal mensal domiciliar per capita,Mais de 3 a 5 salários mínimos
Distribuição por faixas de renda,2022,Município,2503209,Cabedelo (PB),"Moradores em domicílios particulares permanentes ocupados, exclusive os cuja condição no domicílio era pensionista, empregado(a) doméstico(a) ou parente do(a) empregado(a) doméstico(a)",Pessoas,3898,Classes de rendimento nominal mensal domiciliar per capita,Mais de 3 a 5 salários mínimos
Distribuição por faixas de renda,2022,Município,2503308,Cachoeira dos Índios (PB),"Moradores em domicílios particulares permanentes ocupados, exclusive os cuja condição no domicílio era pensionista, empregado(a) doméstico(a) ou parente do(a) empregado(a) doméstico(a)",Pessoas,24,Classes de rendimento nominal mensal domiciliar per capita,Mais de 3 a 5 salários mínimos
Distribuição por faixas de renda,2022,Município,2503407,Cacimba de Areia (PB),"Moradores em domicílios particulares permanentes ocupados, exclusive os cuja condição no domicílio era pensionista, empregado(a) doméstico(a) ou parente do(a) empregado(a) doméstico(a)",Pessoas,16,Classes de rendimento nominal mensal domiciliar per capita,Mais de 3 a 5 salários mínimos
Distribuição por faixas de renda,2022,Município,2503506,Cacimba de Dentro (PB),"Moradores em domicílios particulares permanentes ocupados, exclusive os cuja condição no domicílio era pensionista, empregado(a) doméstico(a) ou parente do(a) empregado(a) doméstico(a)",Pessoas,66,Classes de rendimento nominal mensal domiciliar per capita,Mais de 3 a 5 salários mínimos
Distribuição por faixas de renda,2022,Município,2503555,Cacimbas (PB),"Moradores em domicílios particulares permanentes ocupados, exclusive os cuja condição no domicílio era pensionista, empregado(a) doméstico(a) ou parente do(a) empregado(a) doméstico(a)",Pessoas,20,Classes de rendimento nominal mensal domiciliar per capita,Mais de 3 a 5 salários mínimos
Distribuição por faixas de renda,2022,Município,2503605,Caiçara (PB),"Moradores em domicílios particulares permanentes ocupados, exclusive os cuja condição no domicílio era pensionista, empregado(a) doméstico(a) ou parente do(a) empregado(a) doméstico(a)",Pessoas,30,Classes de rendimento nominal mensal domiciliar per capita,Mais de 3 a 5 salários mínimos
Distribuição por faixas de renda,2022,Município,2503704,Cajazeiras (PB),"Moradores em domicílios particulares permanentes ocupados, exclusive os cuja condição no domicílio era pensionista, empregado(a) doméstico(a) ou parente do(a) empregado(a) doméstico(a)",Pessoas,1893,Classes de rendimento nominal mensal domiciliar per capita,Mais de 3 a 5 salários mínimos
Distribuição por faixas de renda,2022,Município,2503753,Cajazeirinhas (PB),"Moradores em domicílios particulares permanentes ocupados, exclusive os cuja condição no domicílio era pensionista, empregado(a) doméstico(a) ou parente do(a) empregado(a) doméstico(a)",Pessoas,4,Classes de rendimento nominal mensal domiciliar per capita,Mais de 3 a 5 salários mínimos
Distribuição por faixas de renda,2022,Município,2503803,Caldas Brandão (PB),"Moradores em domicílios particulares permanentes ocupados, exclusive os cuja condição no domicílio era pensionista, empregado(a) doméstico(a) ou parente do(a) empregado(a) doméstico(a)",Pessoas,16,Classes de rendimento nominal mensal domiciliar per capita,Mais de 3 a 5 salários mínimos
Distribuição por faixas de renda,2022,Município,2503902,Camalaú (PB),"Moradores em domicílios particulares permanentes ocupados, exclusive os cuja condição no domicílio era pensionista, empregado(a) doméstico(a) ou parente do(a) empregado(a) doméstico(a)",Pessoas,29,Classes de rendimento nominal mensal domiciliar per capita,Mais de 3 a 5 salários mínimos
Distribuição por faixas de renda,2022,Município,2504009,Campina Grande (PB),"Moradores em domicílios particulares permanentes ocupados, exclusive os cuja condição no domicílio era pensionista, empregado(a) doméstico(a) ou parente do(a) empregado(a) doméstico(a)",Pessoas,17070,Classes de rendimento nominal mensal domiciliar per capita,Mais de 3 a 5 salários mínimos
Distribuição por faixas de renda,2022,Município,2504033,Capim (PB),"Moradores em domicílios particulares permanentes ocupados, exclusive os cuja condição no domicílio era pensionista, empregado(a) doméstico(a) ou parente do(a) empregado(a) doméstico(a)",Pessoas,28,Classes de rendimento nominal mensal domiciliar per capita,Mais de 3 a 5 salários mínimos
Distribuição por faixas de renda,2022,Município,2504074,Caraúbas (PB),"Moradores em domicílios particulares permanentes ocupados, exclusive os cuja condição no domicílio era pensionista, empregado(a) doméstico(a) ou parente do(a) empregado(a) doméstico(a)",Pessoas,12,Classes de rendimento nominal mensal domiciliar per capita,Mais de 3 a 5 salários mínimos
Distribuição por faixas de renda,2022,Município,2504108,Carrapateira (PB),"Moradores em domicílios particulares permanentes ocupados, exclusive os cuja condição no domicílio era pensionista, empregado(a) doméstico(a) ou parente do(a) empregado(a) doméstico(a)",Pessoas,8,Classes de rendimento nominal mensal domiciliar per capita,Mais de 3 a 5 salários mínimos
Distribuição por faixas de renda,2022,Município,2504157,Casserengue (PB),"Moradores em domicílios particulares permanentes ocupados, exclusive os cuja condição no domicílio era pensionista, empregado(a) doméstico(a) ou parente do(a) empregado(a) doméstico(a)",Pessoas,3,Classes de rendimento nominal mensal domiciliar per capita,Mais de 3 a 5 salários mínimos
Distribuição por faixas de renda,2022,Município,2504207,Catingueira (PB),"Moradores em domicílios particulares permanentes ocupados, exclusive os cuja condição no domicílio era pensionista, empregado(a) doméstico(a) ou parente do(a) empregado(a) doméstico(a)",Pessoas,18,Classes de rendimento nominal mensal domiciliar per capita,Mais de 3 a 5 salários mínimos
Distribuição por faixas de renda,2022,Município,2504306,Catolé do Rocha (PB),"Moradores em domicílios particulares permanentes ocupados, exclusive os cuja condição no domicílio era pensionista, empregado(a) doméstico(a) ou parente do(a) empregado(a) doméstico(a)",Pessoas,598,Classes de rendimento nominal mensal domiciliar per capita,Mais de 3 a 5 salários mínimos
Distribuição por faixas de renda,2022,Município,2504355,Caturité (PB),"Moradores em domicílios particulares permanentes ocupados, exclusive os cuja condição no domicílio era pensionista, empregado(a) doméstico(a) ou parente do(a) empregado(a) doméstico(a)",Pessoas,20,Classes de rendimento nominal mensal domiciliar per capita,Mais de 3 a 5 salários mínimos
Distribuição por faixas de renda,2022,Município,2504405,Conceição (PB),"Moradores em domicílios particulares permanentes ocupados, exclusive os cuja condição no domicílio era pensionista, empregado(a) doméstico(a) ou parente do(a) empregado(a) doméstico(a)",Pessoas,138,Classes de rendimento nominal mensal domiciliar per capita,Mais de 3 a 5 salários mínimos
Distribuição por faixas de renda,2022,Município,2504504,Condado (PB),"Moradores em domicílios particulares permanentes ocupados, exclusive os cuja condição no domicílio era pensionista, empregado(a) doméstico(a) ou parente do(a) empregado(a) doméstico(a)",Pessoas,62,Classes de rendimento nominal mensal domiciliar per capita,Mais de 3 a 5 salários mínimos
Distribuição por faixas de renda,2022,Município,2504603,Conde (PB),"Moradores em domicílios particulares permanentes ocupados, exclusive os cuja condição no domicílio era pensionista, empregado(a) doméstico(a) ou parente do(a) empregado(a) doméstico(a)",Pessoas,462,Classes de rendimento nominal mensal domiciliar per capita,Mais de 3 a 5 salários mínimos
Distribuição por faixas de renda,2022,Município,2504702,Congo (PB),"Moradores em domicílios particulares permanentes ocupados, exclusive os cuja condição no domicílio era pensionista, empregado(a) doméstico(a) ou parente do(a) empregado(a) doméstico(a)",Pessoas,8,Classes de rendimento nominal mensal domiciliar per capita,Mais de 3 a 5 salários mínimos
Distribuição por faixas de renda,2022,Município,2504801,Coremas (PB),"Moradores em domicílios particulares permanentes ocupados, exclusive os cuja condição no domicílio era pensionista, empregado(a) doméstico(a) ou parente do(a) empregado(a) doméstico(a)",Pessoas,114,Classes de rendimento nominal mensal domiciliar per capita,Mais de 3 a 5 salários mínimos
Distribuição por faixas de renda,2022,Município,2504850,Coxixola (PB),"Moradores em domicílios particulares permanentes ocupados, exclusive os cuja condição no domicílio era pensionista, empregado(a) doméstico(a) ou parente do(a) empregado(a) doméstico(a)",Pessoas,12,Classes de rendimento nominal mensal domiciliar per capita,Mais de 3 a 5 salários mínimos
Distribuição por faixas de renda,2022,Município,2504900,Cruz do Espírito Santo (PB),"Moradores em domicílios particulares permanentes ocupados, exclusive os cuja condição no domicílio era pensionista, empregado(a) doméstico(a) ou parente do(a) empregado(a) doméstico(a)",Pessoas,46,Classes de rendimento nominal mensal domiciliar per capita,Mais de 3 a 5 salários mínimos
Distribuição por faixas de renda,2022,Município,2505006,Cubati (PB),"Moradores em domicílios particulares permanentes ocupados, exclusive os cuja condição no domicílio era pensionista, empregado(a) doméstico(a) ou parente do(a) empregado(a) doméstico(a)",Pessoas,18,Classes de rendimento nominal mensal domiciliar per capita,Mais de 3 a 5 salários mínimos
Distribuição por faixas de renda,2022,Município,2505105,Cuité (PB),"Moradores em domicílios particulares permanentes ocupados, exclusive os cuja condição no domicílio era pensionista, empregado(a) doméstico(a) ou parente do(a) empregado(a) doméstico(a)",Pessoas,220,Classes de rendimento nominal mensal domiciliar per capita,Mais de 3 a 5 salários mínimos
Distribuição por faixas de renda,2022,Município,2505204,Cuitegi (PB),"Moradores em domicílios particulares permanentes ocupados, exclusive os cuja condição no domicílio era pensionista, empregado(a) doméstico(a) ou parente do(a) empregado(a) doméstico(a)",Pessoas,26,Classes de rendimento nominal mensal domiciliar per capita,Mais de 3 a 5 salários mínimos
Distribuição por faixas de renda,2022,Município,2505238,Cuité de Mamanguape (PB),"Moradores em domicílios particulares permanentes ocupados, exclusive os cuja condição no domicílio era pensionista, empregado(a) doméstico(a) ou parente do(a) empregado(a) doméstico(a)",Pessoas,20,Classes de rendimento nominal mensal domiciliar per capita,Mais de 3 a 5 salários mínimos
Distribuição por faixas de renda,2022,Município,2505279,Curral de Cima (PB),"Moradores em domicílios particulares permanentes ocupados, exclusive os cuja condição no domicílio era pensionista, empregado(a) doméstico(a) ou parente do(a) empregado(a) doméstico(a)",Pessoas,13,Classes de rendimento nominal mensal domiciliar per capita,Mais de 3 a 5 salários mínimos
Distribuição por faixas de renda,2022,Município,2505303,Curral Velho (PB),"Moradores em domicílios particulares permanentes ocupados, exclusive os cuja condição no domicílio era pensionista, empregado(a) doméstico(a) ou parente do(a) empregado(a) doméstico(a)",Pessoas,0,Classes de rendimento nominal mensal domiciliar per capita,Mais de 3 a 5 salários mínimos
Distribuição por faixas de renda,2022,Município,2505352,Damião (PB),"Moradores em domicílios particulares permanentes ocupados, exclusive os cuja condição no domicílio era pensionista, empregado(a) doméstico(a) ou parente do(a) empregado(a) doméstico(a)",Pessoas,24,Classes de rendimento nominal mensal domiciliar per capita,Mais de 3 a 5 salários mínimos
Distribuição por faixas de renda,2022,Município,2505402,Desterro (PB),"Moradores em domicílios particulares permanentes ocupados, exclusive os cuja condição no domicílio era pensionista, empregado(a) doméstico(a) ou parente do(a) empregado(a) doméstico(a)",Pessoas,41,Classes de rendimento nominal mensal domiciliar per capita,Mais de 3 a 5 salários mínimos
Distribuição por faixas de renda,2022,Município,2505501,Vista Serrana (PB),"Moradores em domicílios particulares permanentes ocupados, exclusive os cuja condição no domicílio era pensionista, empregado(a) doméstico(a) ou parente do(a) empregado(a) doméstico(a)",Pessoas,20,Classes de rendimento nominal mensal domiciliar per capita,Mais de 3 a 5 salários mínimos
Distribuição por faixas de renda,2022,Município,2505600,Diamante (PB),"Moradores em domicílios particulares permanentes ocupados, exclusive os cuja condição no domicílio era pensionista, empregado(a) doméstico(a) ou parente do(a) empregado(a) doméstico(a)",Pessoas,42,Classes de rendimento nominal mensal domiciliar per capita,Mais de 3 a 5 salários mínimos
Distribuição por faixas de renda,2022,Município,2505709,Dona Inês (PB),"Moradores em domicílios particulares permanentes ocupados, exclusive os cuja condição no domicílio era pensionista, empregado(a) doméstico(a) ou parente do(a) empregado(a) doméstico(a)",Pessoas,36,Classes de rendimento nominal mensal domiciliar per capita,Mais de 3 a 5 salários mínimos
Distribuição por faixas de renda,2022,Município,2505808,Duas Estradas (PB),"Moradores em domicílios particulares permanentes ocupados, exclusive os cuja condição no domicílio era pensionista, empregado(a) doméstico(a) ou parente do(a) empregado(a) doméstico(a)",Pessoas,20,Classes de rendimento nominal mensal domiciliar per capita,Mais de 3 a 5 salários mínimos
Distribuição por faixas de renda,2022,Município,2505907,Emas (PB),"Moradores em domicílios particulares permanentes ocupados, exclusive os cuja condição no domicílio era pensionista, empregado(a) doméstico(a) ou parente do(a) empregado(a) doméstico(a)",Pessoas,9,Classes de rendimento nominal mensal domiciliar per capita,Mais de 3 a 5 salários mínimos
Distribuição por faixas de renda,2022,Município,2506004,Esperança (PB),"Moradores em domicílios particulares permanentes ocupados, exclusive os cuja condição no domicílio era pensionista, empregado(a) doméstico(a) ou parente do(a) empregado(a) doméstico(a)",Pessoas,304,Classes de rendimento nominal mensal domiciliar per capita,Mais de 3 a 5 salários mínimos
Distribuição por faixas de renda,2022,Município,2506103,Fagundes (PB),"Moradores em domicílios particulares permanentes ocupados, exclusive os cuja condição no domicílio era pensionista, empregado(a) doméstico(a) ou parente do(a) empregado(a) doméstico(a)",Pessoas,37,Classes de rendimento nominal mensal domiciliar per capita,Mais de 3 a 5 salários mínimos
Distribuição por faixas de renda,2022,Município,2506202,Frei Martinho (PB),"Moradores em domicílios particulares permanentes ocupados, exclusive os cuja condição no domicílio era pensionista, empregado(a) doméstico(a) ou parente do(a) empregado(a) doméstico(a)",Pessoas,17,Classes de rendimento nominal mensal domiciliar per capita,Mais de 3 a 5 salários mínimos
Distribuição por faixas de renda,2022,Município,2506251,Gado Bravo (PB),"Moradores em domicílios particulares permanentes ocupados, exclusive os cuja condição no domicílio era pensionista, empregado(a) doméstico(a) ou parente do(a) empregado(a) doméstico(a)",Pessoas,0,Classes de rendimento nominal mensal domiciliar per capita,Mais de 3 a 5 salários mínimos
Distribuição por faixas de renda,2022,Município,2506301,Guarabira (PB),"Moradores em domicílios particulares permanentes ocupados, exclusive os cuja condição no domicílio era pensionista, empregado(a) doméstico(a) ou parente do(a) empregado(a) doméstico(a)",Pessoas,1281,Classes de rendimento nominal mensal domiciliar per capita,Mais de 3 a 5 salários mínimos
Distribuição por faixas de renda,2022,Município,2506400,Gurinhém (PB),"Moradores em domicílios particulares permanentes ocupados, exclusive os cuja condição no domicílio era pensionista, empregado(a) doméstico(a) ou parente do(a) empregado(a) doméstico(a)",Pessoas,114,Classes de rendimento nominal mensal domiciliar per capita,Mais de 3 a 5 salários mínimos
Distribuição por faixas de renda,2022,Município,2506509,Gurjão (PB),"Moradores em domicílios particulares permanentes ocupados, exclusive os cuja condição no domicílio era pensionista, empregado(a) doméstico(a) ou parente do(a) empregado(a) doméstico(a)",Pessoas,36,Classes de rendimento nominal mensal domiciliar per capita,Mais de 3 a 5 salários mínimos
Distribuição por faixas de renda,2022,Município,2506608,Ibiara (PB),"Moradores em domicílios particulares permanentes ocupados, exclusive os cuja condição no domicílio era pensionista, empregado(a) doméstico(a) ou parente do(a) empregado(a) doméstico(a)",Pessoas,57,Classes de rendimento nominal mensal domiciliar per capita,Mais de 3 a 5 salários mínimos
Distribuição por faixas de renda,2022,Município,2506707,Imaculada (PB),"Moradores em domicílios particulares permanentes ocupados, exclusive os cuja condição no domicílio era pensionista, empregado(a) doméstico(a) ou parente do(a) empregado(a) doméstico(a)",Pessoas,28,Classes de rendimento nominal mensal domiciliar per capita,Mais de 3 a 5 salários mínimos
Distribuição por faixas de renda,2022,Município,2506806,Ingá (PB),"Moradores em domicílios particulares permanentes ocupados, exclusive os cuja condição no domicílio era pensionista, empregado(a) doméstico(a) ou parente do(a) empregado(a) doméstico(a)",Pessoas,180,Classes de rendimento nominal mensal domiciliar per capita,Mais de 3 a 5 salários mínimos
Distribuição por faixas de renda,2022,Município,2506905,Itabaiana (PB),"Moradores em domicílios particulares permanentes ocupados, exclusive os cuja condição no domicílio era pensionista, empregado(a) doméstico(a) ou parente do(a) empregado(a) doméstico(a)",Pessoas,272,Classes de rendimento nominal mensal domiciliar per capita,Mais de 3 a 5 salários mínimos
Distribuição por faixas de renda,2022,Município,2507002,Itaporanga (PB),"Moradores em domicílios particulares permanentes ocupados, exclusive os cuja condição no domicílio era pensionista, empregado(a) doméstico(a) ou parente do(a) empregado(a) doméstico(a)",Pessoas,296,Classes de rendimento nominal mensal domiciliar per capita,Mais de 3 a 5 salários mínimos
Distribuição por faixas de renda,2022,Município,2507101,Itapororoca (PB),"Moradores em domicílios particulares permanentes ocupados, exclusive os cuja condição no domicílio era pensionista, empregado(a) doméstico(a) ou parente do(a) empregado(a) doméstico(a)",Pessoas,110,Classes de rendimento nominal mensal domiciliar per capita,Mais de 3 a 5 salários mínimos
Distribuição por faixas de renda,2022,Município,2507200,Itatuba (PB),"Moradores em domicílios particulares permanentes ocupados, exclusive os cuja condição no domicílio era pensionista, empregado(a) doméstico(a) ou parente do(a) empregado(a) doméstico(a)",Pessoas,34,Classes de rendimento nominal mensal domiciliar per capita,Mais de 3 a 5 salários mínimos
Distribuição por faixas de renda,2022,Município,2507309,Jacaraú (PB),"Moradores em domicílios particulares permanentes ocupados, exclusive os cuja condição no domicílio era pensionista, empregado(a) doméstico(a) ou parente do(a) empregado(a) doméstico(a)",Pessoas,85,Classes de rendimento nominal mensal domiciliar per capita,Mais de 3 a 5 salários mínimos
Distribuição por faixas de renda,2022,Município,2507408,Jericó (PB),"Moradores em domicílios particulares permanentes ocupados, exclusive os cuja condição no domicílio era pensionista, empregado(a) doméstico(a) ou parente do(a) empregado(a) doméstico(a)",Pessoas,31,Classes de rendimento nominal mensal domiciliar per capita,Mais de 3 a 5 salários mínimos
Distribuição por faixas de renda,2022,Município,2507507,João Pessoa (PB),"Moradores em domicílios particulares permanentes ocupados, exclusive os cuja condição no domicílio era pensionista, empregado(a) doméstico(a) ou parente do(a) empregado(a) doméstico(a)",Pessoas,56693,Classes de rendimento nominal mensal domiciliar per capita,Mais de 3 a 5 salários mínimos
Distribuição por faixas de renda,2022,Município,2507606,Juarez Távora (PB),"Moradores em domicílios particulares permanentes ocupados, exclusive os cuja condição no domicílio era pensionista, empregado(a) doméstico(a) ou parente do(a) empregado(a) doméstico(a)",Pessoas,38,Classes de rendimento nominal mensal domiciliar per capita,Mais de 3 a 5 salários mínimos
Distribuição por faixas de renda,2022,Município,2507705,Juazeirinho (PB),"Moradores em domicílios particulares permanentes ocupados, exclusive os cuja condição no domicílio era pensionista, empregado(a) doméstico(a) ou parente do(a) empregado(a) doméstico(a)",Pessoas,101,Classes de rendimento nominal mensal domiciliar per capita,Mais de 3 a 5 salários mínimos
Distribuição por faixas de renda,2022,Município,2507804,Junco do Seridó (PB),"Moradores em domicílios particulares permanentes ocupados, exclusive os cuja condição no domicílio era pensionista, empregado(a) doméstico(a) ou parente do(a) empregado(a) doméstico(a)",Pessoas,41,Classes de rendimento nominal mensal domiciliar per capita,Mais de 3 a 5 salários mínimos
Distribuição por faixas de renda,2022,Município,2507903,Juripiranga (PB),"Moradores em domicílios particulares permanentes ocupados, exclusive os cuja condição no domicílio era pensionista, empregado(a) doméstico(a) ou parente do(a) empregado(a) doméstico(a)",Pessoas,56,Classes de rendimento nominal mensal domiciliar per capita,Mais de 3 a 5 salários mínimos
Distribuição por faixas de renda,2022,Município,2508000,Juru (PB),"Moradores em domicílios particulares permanentes ocupados, exclusive os cuja condição no domicílio era pensionista, empregado(a) doméstico(a) ou parente do(a) empregado(a) doméstico(a)",Pessoas,34,Classes de rendimento nominal mensal domiciliar per capita,Mais de 3 a 5 salários mínimos
Distribuição por faixas de renda,2022,Município,2508109,Lagoa (PB),"Moradores em domicílios particulares permanentes ocupados, exclusive os cuja condição no domicílio era pensionista, empregado(a) doméstico(a) ou parente do(a) empregado(a) doméstico(a)",Pessoas,24,Classes de rendimento nominal mensal domiciliar per capita,Mais de 3 a 5 salários mínimos
Distribuição por faixas de renda,2022,Município,2508208,Lagoa de Dentro (PB),"Moradores em domicílios particulares permanentes ocupados, exclusive os cuja condição no domicílio era pensionista, empregado(a) doméstico(a) ou parente do(a) empregado(a) doméstico(a)",Pessoas,27,Classes de rendimento nominal mensal domiciliar per capita,Mais de 3 a 5 salários mínimos
Distribuição por faixas de renda,2022,Município,2508307,Lagoa Seca (PB),"Moradores em domicílios particulares permanentes ocupados, exclusive os cuja condição no domicílio era pensionista, empregado(a) doméstico(a) ou parente do(a) empregado(a) doméstico(a)",Pessoas,447,Classes de rendimento nominal mensal domiciliar per capita,Mais de 3 a 5 salários mínimos
Distribuição por faixas de renda,2022,Município,2508406,Lastro (PB),"Moradores em domicílios particulares permanentes ocupados, exclusive os cuja condição no domicílio era pensionista, empregado(a) doméstico(a) ou parente do(a) empregado(a) doméstico(a)",Pessoas,3,Classes de rendimento nominal mensal domiciliar per capita,Mais de 3 a 5 salários mínimos
Distribuição por faixas de renda,2022,Município,2508505,Livramento (PB),"Moradores em domicílios particulares permanentes ocupados, exclusive os cuja condição no domicílio era pensionista, empregado(a) doméstico(a) ou parente do(a) empregado(a) doméstico(a)",Pessoas,8,Classes de rendimento nominal mensal domiciliar per capita,Mais de 3 a 5 salários mínimos
Distribuição por faixas de renda,2022,Município,2508554,Logradouro (PB),"Moradores em domicílios particulares permanentes ocupados, exclusive os cuja condição no domicílio era pensionista, empregado(a) doméstico(a) ou parente do(a) empregado(a) doméstico(a)",Pessoas,41,Classes de rendimento nominal mensal domiciliar per capita,Mais de 3 a 5 salários mínimos
Distribuição por faixas de renda,2022,Município,2508604,Lucena (PB),"Moradores em domicílios particulares permanentes ocupados, exclusive os cuja condição no domicílio era pensionista, empregado(a) doméstico(a) ou parente do(a) empregado(a) doméstico(a)",Pessoas,78,Classes de rendimento nominal mensal domiciliar per capita,Mais de 3 a 5 salários mínimos
Distribuição por faixas de renda,2022,Município,2508703,Mãe d'Água (PB),"Moradores em domicílios particulares permanentes ocupados, exclusive os cuja condição no domicílio era pensionista, empregado(a) doméstico(a) ou parente do(a) empregado(a) doméstico(a)",Pessoas,43,Classes de rendimento nominal mensal domiciliar per capita,Mais de 3 a 5 salários mínimos
Distribuição por faixas de renda,2022,Município,2508802,Malta (PB),"Moradores em domicílios particulares permanentes ocupados, exclusive os cuja condição no domicílio era pensionista, empregado(a) doméstico(a) ou parente do(a) empregado(a) doméstico(a)",Pessoas,53,Classes de rendimento nominal mensal domiciliar per capita,Mais de 3 a 5 salários mínimos
Distribuição por faixas de renda,2022,Município,2508901,Mamanguape (PB),"Moradores em domicílios particulares permanentes ocupados, exclusive os cuja condição no domicílio era pensionista, empregado(a) doméstico(a) ou parente do(a) empregado(a) doméstico(a)",Pessoas,483,Classes de rendimento nominal mensal domiciliar per capita,Mais de 3 a 5 salários mínimos
Distribuição por faixas de renda,2022,Município,2509008,Manaíra (PB),"Moradores em domicílios particulares permanentes ocupados, exclusive os cuja condição no domicílio era pensionista, empregado(a) doméstico(a) ou parente do(a) empregado(a) doméstico(a)",Pessoas,58,Classes de rendimento nominal mensal domiciliar per capita,Mais de 3 a 5 salários mínimos
Distribuição por faixas de renda,2022,Município,2509057,Marcação (PB),"Moradores em domicílios particulares permanentes ocupados, exclusive os cuja condição no domicílio era pensionista, empregado(a) doméstico(a) ou parente do(a) empregado(a) doméstico(a)",Pessoas,19,Classes de rendimento nominal mensal domiciliar per capita,Mais de 3 a 5 salários mínimos
Distribuição por faixas de renda,2022,Município,2509107,Mari (PB),"Moradores em domicílios particulares permanentes ocupados, exclusive os cuja condição no domicílio era pensionista, empregado(a) doméstico(a) ou parente do(a) empregado(a) doméstico(a)",Pessoas,162,Classes de rendimento nominal mensal domiciliar per capita,Mais de 3 a 5 salários mínimos
Distribuição por faixas de renda,2022,Município,2509156,Marizópolis (PB),"Moradores em domicílios particulares permanentes ocupados, exclusive os cuja condição no domicílio era pensionista, empregado(a) doméstico(a) ou parente do(a) empregado(a) doméstico(a)",Pessoas,86,Classes de rendimento nominal mensal domiciliar per capita,Mais de 3 a 5 salários mínimos
Distribuição por faixas de renda,2022,Município,2509206,Massaranduba (PB),"Moradores em domicílios particulares permanentes ocupados, exclusive os cuja condição no domicílio era pensionista, empregado(a) doméstico(a) ou parente do(a) empregado(a) doméstico(a)",Pessoas,44,Classes de rendimento nominal mensal domiciliar per capita,Mais de 3 a 5 salários mínimos
Distribuição por faixas de renda,2022,Município,2509305,Mataraca (PB),"Moradores em domicílios particulares permanentes ocupados, exclusive os cuja condição no domicílio era pensionista, empregado(a) doméstico(a) ou parente do(a) empregado(a) doméstico(a)",Pessoas,59,Classes de rendimento nominal mensal domiciliar per capita,Mais de 3 a 5 salários mínimos
Distribuição por faixas de renda,2022,Município,2509339,Matinhas (PB),"Moradores em domicílios particulares permanentes ocupados, exclusive os cuja condição no domicílio era pensionista, empregado(a) doméstico(a) ou parente do(a) empregado(a) doméstico(a)",Pessoas,0,Classes de rendimento nominal mensal domiciliar per capita,Mais de 3 a 5 salários mínimos
Distribuição por faixas de renda,2022,Município,2509370,Mato Grosso (PB),"Moradores em domicílios particulares permanentes ocupados, exclusive os cuja condição no domicílio era pensionista, empregado(a) doméstico(a) ou parente do(a) empregado(a) doméstico(a)",Pessoas,0,Classes de rendimento nominal mensal domiciliar per capita,Mais de 3 a 5 salários mínimos
Distribuição por faixas de renda,2022,Município,2509396,Maturéia (PB),"Moradores em domicílios particulares permanentes ocupados, exclusive os cuja condição no domicílio era pensionista, empregado(a) doméstico(a) ou parente do(a) empregado(a) doméstico(a)",Pessoas,17,Classes de rendimento nominal mensal domiciliar per capita,Mais de 3 a 5 salários mínimos
Distribuição por faixas de renda,2022,Município,2509404,Mogeiro (PB),"Moradores em domicílios particulares permanentes ocupados, exclusive os cuja condição no domicílio era pensionista, empregado(a) doméstico(a) ou parente do(a) empregado(a) doméstico(a)",Pessoas,80,Classes de rendimento nominal mensal domiciliar per capita,Mais de 3 a 5 salários mínimos
Distribuição por faixas de renda,2022,Município,2509503,Montadas (PB),"Moradores em domicílios particulares permanentes ocupados, exclusive os cuja condição no domicílio era pensionista, empregado(a) doméstico(a) ou parente do(a) empregado(a) doméstico(a)",Pessoas,42,Classes de rendimento nominal mensal domiciliar per capita,Mais de 3 a 5 salários mínimos
Distribuição por faixas de renda,2022,Município,2509602,Monte Horebe (PB),"Moradores em domicílios particulares permanentes ocupados, exclusive os cuja condição no domicílio era pensionista, empregado(a) doméstico(a) ou parente do(a) empregado(a) doméstico(a)",Pessoas,8,Classes de rendimento nominal mensal domiciliar per capita,Mais de 3 a 5 salários mínimos
Distribuição por faixas de renda,2022,Município,2509701,Monteiro (PB),"Moradores em domicílios particulares permanentes ocupados, exclusive os cuja condição no domicílio era pensionista, empregado(a) doméstico(a) ou parente do(a) empregado(a) doméstico(a)",Pessoas,560,Classes de rendimento nominal mensal domiciliar per capita,Mais de 3 a 5 salários mínimos
Distribuição por faixas de renda,2022,Município,2509800,Mulungu (PB),"Moradores em domicílios particulares permanentes ocupados, exclusive os cuja condição no domicílio era pensionista, empregado(a) doméstico(a) ou parente do(a) empregado(a) doméstico(a)",Pessoas,10,Classes de rendimento nominal mensal domiciliar per capita,Mais de 3 a 5 salários mínimos
Distribuição por faixas de renda,2022,Município,2509909,Natuba (PB),"Moradores em domicílios particulares permanentes ocupados, exclusive os cuja condição no domicílio era pensionista, empregado(a) doméstico(a) ou parente do(a) empregado(a) doméstico(a)",Pessoas,37,Classes de rendimento nominal mensal domiciliar per capita,Mais de 3 a 5 salários mínimos
Distribuição por faixas de renda,2022,Município,2510006,Nazarezinho (PB),"Moradores em domicílios particulares permanentes ocupados, exclusive os cuja condição no domicílio era pensionista, empregado(a) doméstico(a) ou parente do(a) empregado(a) doméstico(a)",Pessoas,39,Classes de rendimento nominal mensal domiciliar per capita,Mais de 3 a 5 salários mínimos
Distribuição por faixas de renda,2022,Município,2510105,Nova Floresta (PB),"Moradores em domicílios particulares permanentes ocupados, exclusive os cuja condição no domicílio era pensionista, empregado(a) doméstico(a) ou parente do(a) empregado(a) doméstico(a)",Pessoas,123,Classes de rendimento nominal mensal domiciliar per capita,Mais de 3 a 5 salários mínimos
Distribuição por faixas de renda,2022,Município,2510204,Nova Olinda (PB),"Moradores em domicílios particulares permanentes ocupados, exclusive os cuja condição no domicílio era pensionista, empregado(a) doméstico(a) ou parente do(a) empregado(a) doméstico(a)",Pessoas,22,Classes de rendimento nominal mensal domiciliar per capita,Mais de 3 a 5 salários mínimos
Distribuição por faixas de renda,2022,Município,2510303,Nova Palmeira (PB),"Moradores em domicílios particulares permanentes ocupados, exclusive os cuja condição no domicílio era pensionista, empregado(a) doméstico(a) ou parente do(a) empregado(a) doméstico(a)",Pessoas,68,Classes de rendimento nominal mensal domiciliar per capita,Mais de 3 a 5 salários mínimos
Distribuição por faixas de renda,2022,Município,2510402,Olho d'Água (PB),"Moradores em domicílios particulares permanentes ocupados, exclusive os cuja condição no domicílio era pensionista, empregado(a) doméstico(a) ou parente do(a) empregado(a) doméstico(a)",Pessoas,6,Classes de rendimento nominal mensal domiciliar per capita,Mais de 3 a 5 salários mínimos
Distribuição por faixas de renda,2022,Município,2510501,Olivedos (PB),"Moradores em domicílios particulares permanentes ocupados, exclusive os cuja condição no domicílio era pensionista, empregado(a) doméstico(a) ou parente do(a) empregado(a) doméstico(a)",Pessoas,42,Classes de rendimento nominal mensal domiciliar per capita,Mais de 3 a 5 salários mínimos
Distribuição por faixas de renda,2022,Município,2510600,Ouro Velho (PB),"Moradores em domicílios particulares permanentes ocupados, exclusive os cuja condição no domicílio era pensionista, empregado(a) doméstico(a) ou parente do(a) empregado(a) doméstico(a)",Pessoas,6,Classes de rendimento nominal mensal domiciliar per capita,Mais de 3 a 5 salários mínimos
Distribuição por faixas de renda,2022,Município,2510659,Parari (PB),"Moradores em domicílios particulares permanentes ocupados, exclusive os cuja condição no domicílio era pensionista, empregado(a) doméstico(a) ou parente do(a) empregado(a) doméstico(a)",Pessoas,20,Classes de rendimento nominal mensal domiciliar per capita,Mais de 3 a 5 salários mínimos
Distribuição por faixas de renda,2022,Município,2510709,Passagem (PB),"Moradores em domicílios particulares permanentes ocupados, exclusive os cuja condição no domicílio era pensionista, empregado(a) doméstico(a) ou parente do(a) empregado(a) doméstico(a)",Pessoas,18,Classes de rendimento nominal mensal domiciliar per capita,Mais de 3 a 5 salários mínimos
Distribuição por faixas de renda,2022,Município,2510808,Patos (PB),"Moradores em domicílios particulares permanentes ocupados, exclusive os cuja condição no domicílio era pensionista, empregado(a) doméstico(a) ou parente do(a) empregado(a) doméstico(a)",Pessoas,2848,Classes de rendimento nominal mensal domiciliar per capita,Mais de 3 a 5 salários mínimos
Distribuição por faixas de renda,2022,Município,2510907,Paulista (PB),"Moradores em domicílios particulares permanentes ocupados, exclusive os cuja condição no domicílio era pensionista, empregado(a) doméstico(a) ou parente do(a) empregado(a) doméstico(a)",Pessoas,101,Classes de rendimento nominal mensal domiciliar per capita,Mais de 3 a 5 salários mínimos
Distribuição por faixas de renda,2022,Município,2511004,Pedra Branca (PB),"Moradores em domicílios particulares permanentes ocupados, exclusive os cuja condição no domicílio era pensionista, empregado(a) doméstico(a) ou parente do(a) empregado(a) doméstico(a)",Pessoas,33,Classes de rendimento nominal mensal domiciliar per capita,Mais de 3 a 5 salários mínimos
Distribuição por faixas de renda,2022,Município,2511103,Pedra Lavrada (PB),"Moradores em domicílios particulares permanentes ocupados, exclusive os cuja condição no domicílio era pensionista, empregado(a) doméstico(a) ou parente do(a) empregado(a) doméstico(a)",Pessoas,20,Classes de rendimento nominal mensal domiciliar per capita,Mais de 3 a 5 salários mínimos
Distribuição por faixas de renda,2022,Município,2511202,Pedras de Fogo (PB),"Moradores em domicílios particulares permanentes ocupados, exclusive os cuja condição no domicílio era pensionista, empregado(a) doméstico(a) ou parente do(a) empregado(a) doméstico(a)",Pessoas,147,Classes de rendimento nominal mensal domiciliar per capita,Mais de 3 a 5 salários mínimos
Distribuição por faixas de renda,2022,Município,2511301,Piancó (PB),"Moradores em domicílios particulares permanentes ocupados, exclusive os cuja condição no domicílio era pensionista, empregado(a) doméstico(a) ou parente do(a) empregado(a) doméstico(a)",Pessoas,167,Classes de rendimento nominal mensal domiciliar per capita,Mais de 3 a 5 salários mínimos
Distribuição por faixas de renda,2022,Município,2511400,Picuí (PB),"Moradores em domicílios particulares permanentes ocupados, exclusive os cuja condição no domicílio era pensionista, empregado(a) doméstico(a) ou parente do(a) empregado(a) doméstico(a)",Pessoas,191,Classes de rendimento nominal mensal domiciliar per capita,Mais de 3 a 5 salários mínimos
Distribuição por faixas de renda,2022,Município,2511509,Pilar (PB),"Moradores em domicílios particulares permanentes ocupados, exclusive os cuja condição no domicílio era pensionista, empregado(a) doméstico(a) ou parente do(a) empregado(a) doméstico(a)",Pessoas,80,Classes de rendimento nominal mensal domiciliar per capita,Mais de 3 a 5 salários mínimos
Distribuição por faixas de renda,2022,Município,2511608,Pilões (PB),"Moradores em domicílios particulares permanentes ocupados, exclusive os cuja condição no domicílio era pensionista, empregado(a) doméstico(a) ou parente do(a) empregado(a) doméstico(a)",Pessoas,52,Classes de rendimento nominal mensal domiciliar per capita,Mais de 3 a 5 salários mínimos
Distribuição por faixas de renda,2022,Município,2511707,Pilõezinhos (PB),"Moradores em domicílios particulares permanentes ocupados, exclusive os cuja condição no domicílio era pensionista, empregado(a) doméstico(a) ou parente do(a) empregado(a) doméstico(a)",Pessoas,21,Classes de rendimento nominal mensal domiciliar per capita,Mais de 3 a 5 salários mínimos
Distribuição por faixas de renda,2022,Município,2511806,Pirpirituba (PB),"Moradores em domicílios particulares permanentes ocupados, exclusive os cuja condição no domicílio era pensionista, empregado(a) doméstico(a) ou parente do(a) empregado(a) doméstico(a)",Pessoas,59,Classes de rendimento nominal mensal domiciliar per capita,Mais de 3 a 5 salários mínimos
Distribuição por faixas de renda,2022,Município,2511905,Pitimbu (PB),"Moradores em domicílios particulares permanentes ocupados, exclusive os cuja condição no domicílio era pensionista, empregado(a) doméstico(a) ou parente do(a) empregado(a) doméstico(a)",Pessoas,156,Classes de rendimento nominal mensal domiciliar per capita,Mais de 3 a 5 salários mínimos
Distribuição por faixas de renda,2022,Município,2512002,Pocinhos (PB),"Moradores em domicílios particulares permanentes ocupados, exclusive os cuja condição no domicílio era pensionista, empregado(a) doméstico(a) ou parente do(a) empregado(a) doméstico(a)",Pessoas,62,Classes de rendimento nominal mensal domiciliar per capita,Mais de 3 a 5 salários mínimos
Distribuição por faixas de renda,2022,Município,2512036,Poço Dantas (PB),"Moradores em domicílios particulares permanentes ocupados, exclusive os cuja condição no domicílio era pensionista, empregado(a) doméstico(a) ou parente do(a) empregado(a) doméstico(a)",Pessoas,0,Classes de rendimento nominal mensal domiciliar per capita,Mais de 3 a 5 salários mínimos
Distribuição por faixas de renda,2022,Município,2512077,Poço de José de Moura (PB),"Moradores em domicílios particulares permanentes ocupados, exclusive os cuja condição no domicílio era pensionista, empregado(a) doméstico(a) ou parente do(a) empregado(a) doméstico(a)",Pessoas,43,Classes de rendimento nominal mensal domiciliar per capita,Mais de 3 a 5 salários mínimos
Distribuição por faixas de renda,2022,Município,2512101,Pombal (PB),"Moradores em domicílios particulares permanentes ocupados, exclusive os cuja condição no domicílio era pensionista, empregado(a) doméstico(a) ou parente do(a) empregado(a) doméstico(a)",Pessoas,513,Classes de rendimento nominal mensal domiciliar per capita,Mais de 3 a 5 salários mínimos
Distribuição por faixas de renda,2022,Município,2512200,Prata (PB),"Moradores em domicílios particulares permanentes ocupados, exclusive os cuja condição no domicílio era pensionista, empregado(a) doméstico(a) ou parente do(a) empregado(a) doméstico(a)",Pessoas,35,Classes de rendimento nominal mensal domiciliar per capita,Mais de 3 a 5 salários mínimos
Distribuição por faixas de renda,2022,Município,2512309,Princesa Isabel (PB),"Moradores em domicílios particulares permanentes ocupados, exclusive os cuja condição no domicílio era pensionista, empregado(a) doméstico(a) ou parente do(a) empregado(a) doméstico(a)",Pessoas,207,Classes de rendimento nominal mensal domiciliar per capita,Mais de 3 a 5 salários mínimos
Distribuição por faixas de renda,2022,Município,2512408,Puxinanã (PB),"Moradores em domicílios particulares permanentes ocupados, exclusive os cuja condição no domicílio era pensionista, empregado(a) doméstico(a) ou parente do(a) empregado(a) doméstico(a)",Pessoas,77,Classes de rendimento nominal mensal domiciliar per capita,Mais de 3 a 5 salários mínimos
Distribuição por faixas de renda,2022,Município,2512507,Queimadas (PB),"Moradores em domicílios particulares permanentes ocupados, exclusive os cuja condição no domicílio era pensionista, empregado(a) doméstico(a) ou parente do(a) empregado(a) doméstico(a)",Pessoas,241,Classes de rendimento nominal mensal domiciliar per capita,Mais de 3 a 5 salários mínimos
Distribuição por faixas de renda,2022,Município,2512606,Quixaba (PB),"Moradores em domicílios particulares permanentes ocupados, exclusive os cuja condição no domicílio era pensionista, empregado(a) doméstico(a) ou parente do(a) empregado(a) doméstico(a)",Pessoas,22,Classes de rendimento nominal mensal domiciliar per capita,Mais de 3 a 5 salários mínimos
Distribuição por faixas de renda,2022,Município,2512705,Remígio (PB),"Moradores em domicílios particulares permanentes ocupados, exclusive os cuja condição no domicílio era pensionista, empregado(a) doméstico(a) ou parente do(a) empregado(a) doméstico(a)",Pessoas,349,Classes de rendimento nominal mensal domiciliar per capita,Mais de 3 a 5 salários mínimos
Distribuição por faixas de renda,2022,Município,2512721,Pedro Régis (PB),"Moradores em domicílios particulares permanentes ocupados, exclusive os cuja condição no domicílio era pensionista, empregado(a) doméstico(a) ou parente do(a) empregado(a) doméstico(a)",Pessoas,19,Classes de rendimento nominal mensal domiciliar per capita,Mais de 3 a 5 salários mínimos
Distribuição por faixas de renda,2022,Município,2512747,Riachão (PB),"Moradores em domicílios particulares permanentes ocupados, exclusive os cuja condição no domicílio era pensionista, empregado(a) doméstico(a) ou parente do(a) empregado(a) doméstico(a)",Pessoas,0,Classes de rendimento nominal mensal domiciliar per capita,Mais de 3 a 5 salários mínimos
Distribuição por faixas de renda,2022,Município,2512754,Riachão do Bacamarte (PB),"Moradores em domicílios particulares permanentes ocupados, exclusive os cuja condição no domicílio era pensionista, empregado(a) doméstico(a) ou parente do(a) empregado(a) doméstico(a)",Pessoas,11,Classes de rendimento nominal mensal domiciliar per capita,Mais de 3 a 5 salários mínimos
Distribuição por faixas de renda,2022,Município,2512762,Riachão do Poço (PB),"Moradores em domicílios particulares permanentes ocupados, exclusive os cuja condição no domicílio era pensionista, empregado(a) doméstico(a) ou parente do(a) empregado(a) doméstico(a)",Pessoas,7,Classes de rendimento nominal mensal domiciliar per capita,Mais de 3 a 5 salários mínimos
Distribuição por faixas de renda,2022,Município,2512788,Riacho de Santo Antônio (PB),"Moradores em domicílios particulares permanentes ocupados, exclusive os cuja condição no domicílio era pensionista, empregado(a) doméstico(a) ou parente do(a) empregado(a) doméstico(a)",Pessoas,15,Classes de rendimento nominal mensal domiciliar per capita,Mais de 3 a 5 salários mínimos
Distribuição por faixas de renda,2022,Município,2512804,Riacho dos Cavalos (PB),"Moradores em domicílios particulares permanentes ocupados, exclusive os cuja condição no domicílio era pensionista, empregado(a) doméstico(a) ou parente do(a) empregado(a) doméstico(a)",Pessoas,19,Classes de rendimento nominal mensal domiciliar per capita,Mais de 3 a 5 salários mínimos
Distribuição por faixas de renda,2022,Município,2512903,Rio Tinto (PB),"Moradores em domicílios particulares permanentes ocupados, exclusive os cuja condição no domicílio era pensionista, empregado(a) doméstico(a) ou parente do(a) empregado(a) doméstico(a)",Pessoas,527,Classes de rendimento nominal mensal domiciliar per capita,Mais de 3 a 5 salários mínimos
Distribuição por faixas de renda,2022,Município,2513000,Salgadinho (PB),"Moradores em domicílios particulares permanentes ocupados, exclusive os cuja condição no domicílio era pensionista, empregado(a) doméstico(a) ou parente do(a) empregado(a) doméstico(a)",Pessoas,18,Classes de rendimento nominal mensal domiciliar per capita,Mais de 3 a 5 salários mínimos
Distribuição por faixas de renda,2022,Município,2513109,Salgado de São Félix (PB),"Moradores em domicílios particulares permanentes ocupados, exclusive os cuja condição no domicílio era pensionista, empregado(a) doméstico(a) ou parente do(a) empregado(a) doméstico(a)",Pessoas,37,Classes de rendimento nominal mensal domiciliar per capita,Mais de 3 a 5 salários mínimos
Distribuição por faixas de renda,2022,Município,2513158,Santa Cecília (PB),"Moradores em domicílios particulares permanentes ocupados, exclusive os cuja condição no domicílio era pensionista, empregado(a) doméstico(a) ou parente do(a) empregado(a) doméstico(a)",Pessoas,56,Classes de rendimento nominal mensal domiciliar per capita,Mais de 3 a 5 salários mínimos
Distribuição por faixas de renda,2022,Município,2513208,Santa Cruz (PB),"Moradores em domicílios particulares permanentes ocupados, exclusive os cuja condição no domicílio era pensionista, empregado(a) doméstico(a) ou parente do(a) empregado(a) doméstico(a)",Pessoas,13,Classes de rendimento nominal mensal domiciliar per capita,Mais de 3 a 5 salários mínimos
Distribuição por faixas de renda,2022,Município,2513307,Santa Helena (PB),"Moradores em domicílios particulares permanentes ocupados, exclusive os cuja condição no domicílio era pensionista, empregado(a) doméstico(a) ou parente do(a) empregado(a) doméstico(a)",Pessoas,32,Classes de rendimento nominal mensal domiciliar per capita,Mais de 3 a 5 salários mínimos
Distribuição por faixas de renda,2022,Município,2513356,Santa Inês (PB),"Moradores em domicílios particulares permanentes ocupados, exclusive os cuja condição no domicílio era pensionista, empregado(a) doméstico(a) ou parente do(a) empregado(a) doméstico(a)",Pessoas,41,Classes de rendimento nominal mensal domiciliar per capita,Mais de 3 a 5 salários mínimos
Distribuição por faixas de renda,2022,Município,2513406,Santa Luzia (PB),"Moradores em domicílios particulares permanentes ocupados, exclusive os cuja condição no domicílio era pensionista, empregado(a) doméstico(a) ou parente do(a) empregado(a) doméstico(a)",Pessoas,370,Classes de rendimento nominal mensal domiciliar per capita,Mais de 3 a 5 salários mínimos
Distribuição por faixas de renda,2022,Município,2513505,Santana de Mangueira (PB),"Moradores em domicílios particulares permanentes ocupados, exclusive os cuja condição no domicílio era pensionista, empregado(a) doméstico(a) ou parente do(a) empregado(a) doméstico(a)",Pessoas,35,Classes de rendimento nominal mensal domiciliar per capita,Mais de 3 a 5 salários mínimos
Distribuição por faixas de renda,2022,Município,2513604,Santana dos Garrotes (PB),"Moradores em domicílios particulares permanentes ocupados, exclusive os cuja condição no domicílio era pensionista, empregado(a) doméstico(a) ou parente do(a) empregado(a) doméstico(a)",Pessoas,37,Classes de rendimento nominal mensal domiciliar per capita,Mais de 3 a 5 salários mínimos
Distribuição por faixas de renda,2022,Município,2513653,Joca Claudino (PB),"Moradores em domicílios particulares permanentes ocupados, exclusive os cuja condição no domicílio era pensionista, empregado(a) doméstico(a) ou parente do(a) empregado(a) doméstico(a)",Pessoas,12,Classes de rendimento nominal mensal domiciliar per capita,Mais de 3 a 5 salários mínimos
Distribuição por faixas de renda,2022,Município,2513703,Santa Rita (PB),"Moradores em domicílios particulares permanentes ocupados, exclusive os cuja condição no domicílio era pensionista, empregado(a) doméstico(a) ou parente do(a) empregado(a) doméstico(a)",Pessoas,1063,Classes de rendimento nominal mensal domiciliar per capita,Mais de 3 a 5 salários mínimos
Distribuição por faixas de renda,2022,Município,2513802,Santa Teresinha (PB),"Moradores em domicílios particulares permanentes ocupados, exclusive os cuja condição no domicílio era pensionista, empregado(a) doméstico(a) ou parente do(a) empregado(a) doméstico(a)",Pessoas,25,Classes de rendimento nominal mensal domiciliar per capita,Mais de 3 a 5 salários mínimos
Distribuição por faixas de renda,2022,Município,2513851,Santo André (PB),"Moradores em domicílios particulares permanentes ocupados, exclusive os cuja condição no domicílio era pensionista, empregado(a) doméstico(a) ou parente do(a) empregado(a) doméstico(a)",Pessoas,6,Classes de rendimento nominal mensal domiciliar per capita,Mais de 3 a 5 salários mínimos
Distribuição por faixas de renda,2022,Município,2513901,São Bento (PB),"Moradores em domicílios particulares permanentes ocupados, exclusive os cuja condição no domicílio era pensionista, empregado(a) doméstico(a) ou parente do(a) empregado(a) doméstico(a)",Pessoas,399,Classes de rendimento nominal mensal domiciliar per capita,Mais de 3 a 5 salários mínimos
Distribuição por faixas de renda,2022,Município,2513927,São Bentinho (PB),"Moradores em domicílios particulares permanentes ocupados, exclusive os cuja condição no domicílio era pensionista, empregado(a) doméstico(a) ou parente do(a) empregado(a) doméstico(a)",Pessoas,17,Classes de rendimento nominal mensal domiciliar per capita,Mais de 3 a 5 salários mínimos
Distribuição por faixas de renda,2022,Município,2513943,São Domingos do Cariri (PB),"Moradores em domicílios particulares permanentes ocupados, exclusive os cuja condição no domicílio era pensionista, empregado(a) doméstico(a) ou parente do(a) empregado(a) doméstico(a)",Pessoas,9,Classes de rendimento nominal mensal domiciliar per capita,Mais de 3 a 5 salários mínimos
Distribuição por faixas de renda,2022,Município,2513968,São Domingos (PB),"Moradores em domicílios particulares permanentes ocupados, exclusive os cuja condição no domicílio era pensionista, empregado(a) doméstico(a) ou parente do(a) empregado(a) doméstico(a)",Pessoas,3,Classes de rendimento nominal mensal domiciliar per capita,Mais de 3 a 5 salários mínimos
Distribuição por faixas de renda,2022,Município,2513984,São Francisco (PB),"Moradores em domicílios particulares permanentes ocupados, exclusive os cuja condição no domicílio era pensionista, empregado(a) doméstico(a) ou parente do(a) empregado(a) doméstico(a)",Pessoas,17,Classes de rendimento nominal mensal domiciliar per capita,Mais de 3 a 5 salários mínimos
Distribuição por faixas de renda,2022,Município,2514008,São João do Cariri (PB),"Moradores em domicílios particulares permanentes ocupados, exclusive os cuja condição no domicílio era pensionista, empregado(a) doméstico(a) ou parente do(a) empregado(a) doméstico(a)",Pessoas,43,Classes de rendimento nominal mensal domiciliar per capita,Mais de 3 a 5 salários mínimos
Distribuição por faixas de renda,2022,Município,2514107,São João do Tigre (PB),"Moradores em domicílios particulares permanentes ocupados, exclusive os cuja condição no domicílio era pensionista, empregado(a) doméstico(a) ou parente do(a) empregado(a) doméstico(a)",Pessoas,11,Classes de rendimento nominal mensal domiciliar per capita,Mais de 3 a 5 salários mínimos
Distribuição por faixas de renda,2022,Município,2514206,São José da Lagoa Tapada (PB),"Moradores em domicílios particulares permanentes ocupados, exclusive os cuja condição no domicílio era pensionista, empregado(a) doméstico(a) ou parente do(a) empregado(a) doméstico(a)",Pessoas,18,Classes de rendimento nominal mensal domiciliar per capita,Mais de 3 a 5 salários mínimos
Distribuição por faixas de renda,2022,Município,2514305,São José de Caiana (PB),"Moradores em domicílios particulares permanentes ocupados, exclusive os cuja condição no domicílio era pensionista, empregado(a) doméstico(a) ou parente do(a) empregado(a) doméstico(a)",Pessoas,37,Classes de rendimento nominal mensal domiciliar per capita,Mais de 3 a 5 salários mínimos
Distribuição por faixas de renda,2022,Município,2514404,São José de Espinharas (PB),"Moradores em domicílios particulares permanentes ocupados, exclusive os cuja condição no domicílio era pensionista, empregado(a) doméstico(a) ou parente do(a) empregado(a) doméstico(a)",Pessoas,17,Classes de rendimento nominal mensal domiciliar per capita,Mais de 3 a 5 salários mínimos
Distribuição por faixas de renda,2022,Município,2514453,São José dos Ramos (PB),"Moradores em domicílios particulares permanentes ocupados, exclusive os cuja condição no domicílio era pensionista, empregado(a) doméstico(a) ou parente do(a) empregado(a) doméstico(a)",Pessoas,8,Classes de rendimento nominal mensal domiciliar per capita,Mais de 3 a 5 salários mínimos
Distribuição por faixas de renda,2022,Município,2514503,São José de Piranhas (PB),"Moradores em domicílios particulares permanentes ocupados, exclusive os cuja condição no domicílio era pensionista, empregado(a) doméstico(a) ou parente do(a) empregado(a) doméstico(a)",Pessoas,226,Classes de rendimento nominal mensal domiciliar per capita,Mais de 3 a 5 salários mínimos
Distribuição por faixas de renda,2022,Município,2514552,São José de Princesa (PB),"Moradores em domicílios particulares permanentes ocupados, exclusive os cuja condição no domicílio era pensionista, empregado(a) doméstico(a) ou parente do(a) empregado(a) doméstico(a)",Pessoas,8,Classes de rendimento nominal mensal domiciliar per capita,Mais de 3 a 5 salários mínimos
Distribuição por faixas de renda,2022,Município,2514602,São José do Bonfim (PB),"Moradores em domicílios particulares permanentes ocupados, exclusive os cuja condição no domicílio era pensionista, empregado(a) doméstico(a) ou parente do(a) empregado(a) doméstico(a)",Pessoas,33,Classes de rendimento nominal mensal domiciliar per capita,Mais de 3 a 5 salários mínimos
Distribuição por faixas de renda,2022,Município,2514651,São José do Brejo do Cruz (PB),"Moradores em domicílios particulares permanentes ocupados, exclusive os cuja condição no domicílio era pensionista, empregado(a) doméstico(a) ou parente do(a) empregado(a) doméstico(a)",Pessoas,2,Classes de rendimento nominal mensal domiciliar per capita,Mais de 3 a 5 salários mínimos
Distribuição por faixas de renda,2022,Município,2514701,São José do Sabugi (PB),"Moradores em domicílios particulares permanentes ocupados, exclusive os cuja condição no domicílio era pensionista, empregado(a) doméstico(a) ou parente do(a) empregado(a) doméstico(a)",Pessoas,30,Classes de rendimento nominal mensal domiciliar per capita,Mais de 3 a 5 salários mínimos
Distribuição por faixas de renda,2022,Município,2514800,São José dos Cordeiros (PB),"Moradores em domicílios particulares permanentes ocupados, exclusive os cuja condição no domicílio era pensionista, empregado(a) doméstico(a) ou parente do(a) empregado(a) doméstico(a)",Pessoas,18,Classes de rendimento nominal mensal domiciliar per capita,Mais de 3 a 5 salários mínimos
Distribuição por faixas de renda,2022,Município,2514909,São Mamede (PB),"Moradores em domicílios particulares permanentes ocupados, exclusive os cuja condição no domicílio era pensionista, empregado(a) doméstico(a) ou parente do(a) empregado(a) doméstico(a)",Pessoas,63,Classes de rendimento nominal mensal domiciliar per capita,Mais de 3 a 5 salários mínimos
Distribuição por faixas de renda,2022,Município,2515005,São Miguel de Taipu (PB),"Moradores em domicílios particulares permanentes ocupados, exclusive os cuja condição no domicílio era pensionista, empregado(a) doméstico(a) ou parente do(a) empregado(a) doméstico(a)",Pessoas,66,Classes de rendimento nominal mensal domiciliar per capita,Mais de 3 a 5 salários mínimos
Distribuição por faixas de renda,2022,Município,2515104,São Sebastião de Lagoa de Roça (PB),"Moradores em domicílios particulares permanentes ocupados, exclusive os cuja condição no domicílio era pensionista, empregado(a) doméstico(a) ou parente do(a) empregado(a) doméstico(a)",Pessoas,115,Classes de rendimento nominal mensal domiciliar per capita,Mais de 3 a 5 salários mínimos
Distribuição por faixas de renda,2022,Município,2515203,São Sebastião do Umbuzeiro (PB),"Moradores em domicílios particulares permanentes ocupados, exclusive os cuja condição no domicílio era pensionista, empregado(a) doméstico(a) ou parente do(a) empregado(a) doméstico(a)",Pessoas,2,Classes de rendimento nominal mensal domiciliar per capita,Mais de 3 a 5 salários mínimos
Distribuição por faixas de renda,2022,Município,2515302,Sapé (PB),"Moradores em domicílios particulares permanentes ocupados, exclusive os cuja condição no domicílio era pensionista, empregado(a) doméstico(a) ou parente do(a) empregado(a) doméstico(a)",Pessoas,404,Classes de rendimento nominal mensal domiciliar per capita,Mais de 3 a 5 salários mínimos
Distribuição por faixas de renda,2022,Município,2515401,São Vicente do Seridó (PB),"Moradores em domicílios particulares permanentes ocupados, exclusive os cuja condição no domicílio era pensionista, empregado(a) doméstico(a) ou parente do(a) empregado(a) doméstico(a)",Pessoas,42,Classes de rendimento nominal mensal domiciliar per capita,Mais de 3 a 5 salários mínimos
Distribuição por faixas de renda,2022,Município,2515500,Serra Branca (PB),"Moradores em domicílios particulares permanentes ocupados, exclusive os cuja condição no domicílio era pensionista, empregado(a) doméstico(a) ou parente do(a) empregado(a) doméstico(a)",Pessoas,133,Classes de rendimento nominal mensal domiciliar per capita,Mais de 3 a 5 salários mínimos
Distribuição por faixas de renda,2022,Município,2515609,Serra da Raiz (PB),"Moradores em domicílios particulares permanentes ocupados, exclusive os cuja condição no domicílio era pensionista, empregado(a) doméstico(a) ou parente do(a) empregado(a) doméstico(a)",Pessoas,41,Classes de rendimento nominal mensal domiciliar per capita,Mais de 3 a 5 salários mínimos
Distribuição por faixas de renda,2022,Município,2515708,Serra Grande (PB),"Moradores em domicílios particulares permanentes ocupados, exclusive os cuja condição no domicílio era pensionista, empregado(a) doméstico(a) ou parente do(a) empregado(a) doméstico(a)",Pessoas,49,Classes de rendimento nominal mensal domiciliar per capita,Mais de 3 a 5 salários mínimos
Distribuição por faixas de renda,2022,Município,2515807,Serra Redonda (PB),"Moradores em domicílios particulares permanentes ocupados, exclusive os cuja condição no domicílio era pensionista, empregado(a) doméstico(a) ou parente do(a) empregado(a) doméstico(a)",Pessoas,21,Classes de rendimento nominal mensal domiciliar per capita,Mais de 3 a 5 salários mínimos
Distribuição por faixas de renda,2022,Município,2515906,Serraria (PB),"Moradores em domicílios particulares permanentes ocupados, exclusive os cuja condição no domicílio era pensionista, empregado(a) doméstico(a) ou parente do(a) empregado(a) doméstico(a)",Pessoas,20,Classes de rendimento nominal mensal domiciliar per capita,Mais de 3 a 5 salários mínimos
Distribuição por faixas de renda,2022,Município,2515930,Sertãozinho (PB),"Moradores em domicílios particulares permanentes ocupados, exclusive os cuja condição no domicílio era pensionista, empregado(a) doméstico(a) ou parente do(a) empregado(a) doméstico(a)",Pessoas,58,Classes de rendimento nominal mensal domiciliar per capita,Mais de 3 a 5 salários mínimos
Distribuição por faixas de renda,2022,Município,2515971,Sobrado (PB),"Moradores em domicílios particulares permanentes ocupados, exclusive os cuja condição no domicílio era pensionista, empregado(a) doméstico(a) ou parente do(a) empregado(a) doméstico(a)",Pessoas,15,Classes de rendimento nominal mensal domiciliar per capita,Mais de 3 a 5 salários mínimos
Distribuição por faixas de renda,2022,Município,2516003,Solânea (PB),"Moradores em domicílios particulares permanentes ocupados, exclusive os cuja condição no domicílio era pensionista, empregado(a) doméstico(a) ou parente do(a) empregado(a) doméstico(a)",Pessoas,321,Classes de rendimento nominal mensal domiciliar per capita,Mais de 3 a 5 salários mínimos
Distribuição por faixas de renda,2022,Município,2516102,Soledade (PB),"Moradores em domicílios particulares permanentes ocupados, exclusive os cuja condição no domicílio era pensionista, empregado(a) doméstico(a) ou parente do(a) empregado(a) doméstico(a)",Pessoas,133,Classes de rendimento nominal mensal domiciliar per capita,Mais de 3 a 5 salários mínimos
Distribuição por faixas de renda,2022,Município,2516151,Sossêgo (PB),"Moradores em domicílios particulares permanentes ocupados, exclusive os cuja condição no domicílio era pensionista, empregado(a) doméstico(a) ou parente do(a) empregado(a) doméstico(a)",Pessoas,17,Classes de rendimento nominal mensal domiciliar per capita,Mais de 3 a 5 salários mínimos
Distribuição por faixas de renda,2022,Município,2516201,Sousa (PB),"Moradores em domicílios particulares permanentes ocupados, exclusive os cuja condição no domicílio era pensionista, empregado(a) doméstico(a) ou parente do(a) empregado(a) doméstico(a)",Pessoas,1130,Classes de rendimento nominal mensal domiciliar per capita,Mais de 3 a 5 salários mínimos
Distribuição por faixas de renda,2022,Município,2516300,Sumé (PB),"Moradores em domicílios particulares permanentes ocupados, exclusive os cuja condição no domicílio era pensionista, empregado(a) doméstico(a) ou parente do(a) empregado(a) doméstico(a)",Pessoas,251,Classes de rendimento nominal mensal domiciliar per capita,Mais de 3 a 5 salários mínimos
Distribuição por faixas de renda,2022,Município,2516409,Tacima (PB),"Moradores em domicílios particulares permanentes ocupados, exclusive os cuja condição no domicílio era pensionista, empregado(a) doméstico(a) ou parente do(a) empregado(a) doméstico(a)",Pessoas,9,Classes de rendimento nominal mensal domiciliar per capita,Mais de 3 a 5 salários mínimos
Distribuição por faixas de renda,2022,Município,2516508,Taperoá (PB),"Moradores em domicílios particulares permanentes ocupados, exclusive os cuja condição no domicílio era pensionista, empregado(a) doméstico(a) ou parente do(a) empregado(a) doméstico(a)",Pessoas,82,Classes de rendimento nominal mensal domiciliar per capita,Mais de 3 a 5 salários mínimos
Distribuição por faixas de renda,2022,Município,2516607,Tavares (PB),"Moradores em domicílios particulares permanentes ocupados, exclusive os cuja condição no domicílio era pensionista, empregado(a) doméstico(a) ou parente do(a) empregado(a) doméstico(a)",Pessoas,49,Classes de rendimento nominal mensal domiciliar per capita,Mais de 3 a 5 salários mínimos
Distribuição por faixas de renda,2022,Município,2516706,Teixeira (PB),"Moradores em domicílios particulares permanentes ocupados, exclusive os cuja condição no domicílio era pensionista, empregado(a) doméstico(a) ou parente do(a) empregado(a) doméstico(a)",Pessoas,137,Classes de rendimento nominal mensal domiciliar per capita,Mais de 3 a 5 salários mínimos
Distribuição por faixas de renda,2022,Município,2516755,Tenório (PB),"Moradores em domicílios particulares permanentes ocupados, exclusive os cuja condição no domicílio era pensionista, empregado(a) doméstico(a) ou parente do(a) empregado(a) doméstico(a)",Pessoas,36,Classes de rendimento nominal mensal domiciliar per capita,Mais de 3 a 5 salários mínimos
Distribuição por faixas de renda,2022,Município,2516805,Triunfo (PB),"Moradores em domicílios particulares permanentes ocupados, exclusive os cuja condição no domicílio era pensionista, empregado(a) doméstico(a) ou parente do(a) empregado(a) doméstico(a)",Pessoas,127,Classes de rendimento nominal mensal domiciliar per capita,Mais de 3 a 5 salários mínimos
Distribuição por faixas de renda,2022,Município,2516904,Uiraúna (PB),"Moradores em domicílios particulares permanentes ocupados, exclusive os cuja condição no domicílio era pensionista, empregado(a) doméstico(a) ou parente do(a) empregado(a) doméstico(a)",Pessoas,199,Classes de rendimento nominal mensal domiciliar per capita,Mais de 3 a 5 salários mínimos
Distribuição por faixas de renda,2022,Município,2517001,Umbuzeiro (PB),"Moradores em domicílios particulares permanentes ocupados, exclusive os cuja condição no domicílio era pensionista, empregado(a) doméstico(a) ou parente do(a) empregado(a) doméstico(a)",Pessoas,25,Classes de rendimento nominal mensal domiciliar per capita,Mais de 3 a 5 salários mínimos
Distribuição por faixas de renda,2022,Município,2517100,Várzea (PB),"Moradores em domicílios particulares permanentes ocupados, exclusive os cuja condição no domicílio era pensionista, empregado(a) doméstico(a) ou parente do(a) empregado(a) doméstico(a)",Pessoas,39,Classes de rendimento nominal mensal domiciliar per capita,Mais de 3 a 5 salários mínimos
Distribuição por faixas de renda,2022,Município,2517209,Vieirópolis (PB),"Moradores em domicílios particulares permanentes ocupados, exclusive os cuja condição no domicílio era pensionista, empregado(a) doméstico(a) ou parente do(a) empregado(a) doméstico(a)",Pessoas,0,Classes de rendimento nominal mensal domiciliar per capita,Mais de 3 a 5 salários mínimos
Distribuição por faixas de renda,2022,Município,2517407,Zabelê (PB),"Moradores em domicílios particulares permanentes ocupados, exclusive os cuja condição no domicílio era pensionista, empregado(a) doméstico(a) ou parente do(a) empregado(a) doméstico(a)",Pessoas,13,Classes de rendimento nominal mensal domiciliar per capita,Mais de 3 a 5 salários mínimos
Distribuição por faixas de renda,2022,Unidade da Federação,25,Paraíba,"Moradores em domicílios particulares permanentes ocupados, exclusive os cuja condição no domicílio era pensionista, empregado(a) doméstico(a) ou parente do(a) empregado(a) doméstico(a)",Pessoas,58968,Classes de rendimento nominal mensal domiciliar per capita,Mais de 5 a 10 salários mínimos
Distribuição por faixas de renda,2022,Município,2500106,Água Branca (PB),"Moradores em domicílios particulares permanentes ocupados, exclusive os cuja condição no domicílio era pensionista, empregado(a) doméstico(a) ou parente do(a) empregado(a) doméstico(a)",Pessoas,39,Classes de rendimento nominal mensal domiciliar per capita,Mais de 5 a 10 salários mínimos
Distribuição por faixas de renda,2022,Município,2500205,Aguiar (PB),"Moradores em domicílios particulares permanentes ocupados, exclusive os cuja condição no domicílio era pensionista, empregado(a) doméstico(a) ou parente do(a) empregado(a) doméstico(a)",Pessoas,5,Classes de rendimento nominal mensal domiciliar per capita,Mais de 5 a 10 salários mínimos
Distribuição por faixas de renda,2022,Município,2500304,Alagoa Grande (PB),"Moradores em domicílios particulares permanentes ocupados, exclusive os cuja condição no domicílio era pensionista, empregado(a) doméstico(a) ou parente do(a) empregado(a) doméstico(a)",Pessoas,73,Classes de rendimento nominal mensal domiciliar per capita,Mais de 5 a 10 salários mínimos
Distribuição por faixas de renda,2022,Município,2500403,Alagoa Nova (PB),"Moradores em domicílios particulares permanentes ocupados, exclusive os cuja condição no domicílio era pensionista, empregado(a) doméstico(a) ou parente do(a) empregado(a) doméstico(a)",Pessoas,19,Classes de rendimento nominal mensal domiciliar per capita,Mais de 5 a 10 salários mínimos
Distribuição por faixas de renda,2022,Município,2500502,Alagoinha (PB),"Moradores em domicílios particulares permanentes ocupados, exclusive os cuja condição no domicílio era pensionista, empregado(a) doméstico(a) ou parente do(a) empregado(a) doméstico(a)",Pessoas,9,Classes de rendimento nominal mensal domiciliar per capita,Mais de 5 a 10 salários mínimos
Distribuição por faixas de renda,2022,Município,2500536,Alcantil (PB),"Moradores em domicílios particulares permanentes ocupados, exclusive os cuja condição no domicílio era pensionista, empregado(a) doméstico(a) ou parente do(a) empregado(a) doméstico(a)",Pessoas,0,Classes de rendimento nominal mensal domiciliar per capita,Mais de 5 a 10 salários mínimos
Distribuição por faixas de renda,2022,Município,2500577,Algodão de Jandaíra (PB),"Moradores em domicílios particulares permanentes ocupados, exclusive os cuja condição no domicílio era pensionista, empregado(a) doméstico(a) ou parente do(a) empregado(a) doméstico(a)",Pessoas,0,Classes de rendimento nominal mensal domiciliar per capita,Mais de 5 a 10 salários mínimos
Distribuição por faixas de renda,2022,Município,2500601,Alhandra (PB),"Moradores em domicílios particulares permanentes ocupados, exclusive os cuja condição no domicílio era pensionista, empregado(a) doméstico(a) ou parente do(a) empregado(a) doméstico(a)",Pessoas,4,Classes de rendimento nominal mensal domiciliar per capita,Mais de 5 a 10 salários mínimos
Distribuição por faixas de renda,2022,Município,2500700,São João do Rio do Peixe (PB),"Moradores em domicílios particulares permanentes ocupados, exclusive os cuja condição no domicílio era pensionista, empregado(a) doméstico(a) ou parente do(a) empregado(a) doméstico(a)",Pessoas,83,Classes de rendimento nominal mensal domiciliar per capita,Mais de 5 a 10 salários mínimos
Distribuição por faixas de renda,2022,Município,2500734,Amparo (PB),"Moradores em domicílios particulares permanentes ocupados, exclusive os cuja condição no domicílio era pensionista, empregado(a) doméstico(a) ou parente do(a) empregado(a) doméstico(a)",Pessoas,0,Classes de rendimento nominal mensal domiciliar per capita,Mais de 5 a 10 salários mínimos
Distribuição por faixas de renda,2022,Município,2500775,Aparecida (PB),"Moradores em domicílios particulares permanentes ocupados, exclusive os cuja condição no domicílio era pensionista, empregado(a) doméstico(a) ou parente do(a) empregado(a) doméstico(a)",Pessoas,27,Classes de rendimento nominal mensal domiciliar per capita,Mais de 5 a 10 salários mínimos
Distribuição por faixas de renda,2022,Município,2500809,Araçagi (PB),"Moradores em domicílios particulares permanentes ocupados, exclusive os cuja condição no domicílio era pensionista, empregado(a) doméstico(a) ou parente do(a) empregado(a) doméstico(a)",Pessoas,5,Classes de rendimento nominal mensal domiciliar per capita,Mais de 5 a 10 salários mínimos
Distribuição por faixas de renda,2022,Município,2500908,Arara (PB),"Moradores em domicílios particulares permanentes ocupados, exclusive os cuja condição no domicílio era pensionista, empregado(a) doméstico(a) ou parente do(a) empregado(a) doméstico(a)",Pessoas,0,Classes de rendimento nominal mensal domiciliar per capita,Mais de 5 a 10 salários mínimos
Distribuição por faixas de renda,2022,Município,2501005,Araruna (PB),"Moradores em domicílios particulares permanentes ocupados, exclusive os cuja condição no domicílio era pensionista, empregado(a) doméstico(a) ou parente do(a) empregado(a) doméstico(a)",Pessoas,33,Classes de rendimento nominal mensal domiciliar per capita,Mais de 5 a 10 salários mínimos
Distribuição por faixas de renda,2022,Município,2501104,Areia (PB),"Moradores em domicílios particulares permanentes ocupados, exclusive os cuja condição no domicílio era pensionista, empregado(a) doméstico(a) ou parente do(a) empregado(a) doméstico(a)",Pessoas,70,Classes de rendimento nominal mensal domiciliar per capita,Mais de 5 a 10 salários mínimos
Distribuição por faixas de renda,2022,Município,2501153,Areia de Baraúnas (PB),"Moradores em domicílios particulares permanentes ocupados, exclusive os cuja condição no domicílio era pensionista, empregado(a) doméstico(a) ou parente do(a) empregado(a) doméstico(a)",Pessoas,0,Classes de rendimento nominal mensal domiciliar per capita,Mais de 5 a 10 salários mínimos
Distribuição por faixas de renda,2022,Município,2501203,Areial (PB),"Moradores em domicílios particulares permanentes ocupados, exclusive os cuja condição no domicílio era pensionista, empregado(a) doméstico(a) ou parente do(a) empregado(a) doméstico(a)",Pessoas,27,Classes de rendimento nominal mensal domiciliar per capita,Mais de 5 a 10 salários mínimos
Distribuição por faixas de renda,2022,Município,2501302,Aroeiras (PB),"Moradores em domicílios particulares permanentes ocupados, exclusive os cuja condição no domicílio era pensionista, empregado(a) doméstico(a) ou parente do(a) empregado(a) doméstico(a)",Pessoas,31,Classes de rendimento nominal mensal domiciliar per capita,Mais de 5 a 10 salários mínimos
Distribuição por faixas de renda,2022,Município,2501351,Assunção (PB),"Moradores em domicílios particulares permanentes ocupados, exclusive os cuja condição no domicílio era pensionista, empregado(a) doméstico(a) ou parente do(a) empregado(a) doméstico(a)",Pessoas,9,Classes de rendimento nominal mensal domiciliar per capita,Mais de 5 a 10 salários mínimos
Distribuição por faixas de renda,2022,Município,2501401,Baía da Traição (PB),"Moradores em domicílios particulares permanentes ocupados, exclusive os cuja condição no domicílio era pensionista, empregado(a) doméstico(a) ou parente do(a) empregado(a) doméstico(a)",Pessoas,30,Classes de rendimento nominal mensal domiciliar per capita,Mais de 5 a 10 salários mínimos
Distribuição por faixas de renda,2022,Município,2501500,Bananeiras (PB),"Moradores em domicílios particulares permanentes ocupados, exclusive os cuja condição no domicílio era pensionista, empregado(a) doméstico(a) ou parente do(a) empregado(a) doméstico(a)",Pessoas,274,Classes de rendimento nominal mensal domiciliar per capita,Mais de 5 a 10 salários mínimos
Distribuição por faixas de renda,2022,Município,2501534,Baraúna (PB),"Moradores em domicílios particulares permanentes ocupados, exclusive os cuja condição no domicílio era pensionista, empregado(a) doméstico(a) ou parente do(a) empregado(a) doméstico(a)",Pessoas,19,Classes de rendimento nominal mensal domiciliar per capita,Mais de 5 a 10 salários mínimos
Distribuição por faixas de renda,2022,Município,2501575,Barra de Santana (PB),"Moradores em domicílios particulares permanentes ocupados, exclusive os cuja condição no domicílio era pensionista, empregado(a) doméstico(a) ou parente do(a) empregado(a) doméstico(a)",Pessoas,5,Classes de rendimento nominal mensal domiciliar per capita,Mais de 5 a 10 salários mínimos
Distribuição por faixas de renda,2022,Município,2501609,Barra de Santa Rosa (PB),"Moradores em domicílios particulares permanentes ocupados, exclusive os cuja condição no domicílio era pensionista, empregado(a) doméstico(a) ou parente do(a) empregado(a) doméstico(a)",Pessoas,45,Classes de rendimento nominal mensal domiciliar per capita,Mais de 5 a 10 salários mínimos
Distribuição por faixas de renda,2022,Município,2501708,Barra de São Miguel (PB),"Moradores em domicílios particulares permanentes ocupados, exclusive os cuja condição no domicílio era pensionista, empregado(a) doméstico(a) ou parente do(a) empregado(a) doméstico(a)",Pessoas,2,Classes de rendimento nominal mensal domiciliar per capita,Mais de 5 a 10 salários mínimos
Distribuição por faixas de renda,2022,Município,2501807,Bayeux (PB),"Moradores em domicílios particulares permanentes ocupados, exclusive os cuja condição no domicílio era pensionista, empregado(a) doméstico(a) ou parente do(a) empregado(a) doméstico(a)",Pessoas,305,Classes de rendimento nominal mensal domiciliar per capita,Mais de 5 a 10 salários mínimos
Distribuição por faixas de renda,2022,Município,2501906,Belém (PB),"Moradores em domicílios particulares permanentes ocupados, exclusive os cuja condição no domicílio era pensionista, empregado(a) doméstico(a) ou parente do(a) empregado(a) doméstico(a)",Pessoas,52,Classes de rendimento nominal mensal domiciliar per capita,Mais de 5 a 10 salários mínimos
Distribuição por faixas de renda,2022,Município,2502003,Belém do Brejo do Cruz (PB),"Moradores em domicílios particulares permanentes ocupados, exclusive os cuja condição no domicílio era pensionista, empregado(a) doméstico(a) ou parente do(a) empregado(a) doméstico(a)",Pessoas,7,Classes de rendimento nominal mensal domiciliar per capita,Mais de 5 a 10 salários mínimos
Distribuição por faixas de renda,2022,Município,2502052,Bernardino Batista (PB),"Moradores em domicílios particulares permanentes ocupados, exclusive os cuja condição no domicílio era pensionista, empregado(a) doméstico(a) ou parente do(a) empregado(a) doméstico(a)",Pessoas,14,Classes de rendimento nominal mensal domiciliar per capita,Mais de 5 a 10 salários mínimos
Distribuição por faixas de renda,2022,Município,2502102,Boa Ventura (PB),"Moradores em domicílios particulares permanentes ocupados, exclusive os cuja condição no domicílio era pensionista, empregado(a) doméstico(a) ou parente do(a) empregado(a) doméstico(a)",Pessoas,17,Classes de rendimento nominal mensal domiciliar per capita,Mais de 5 a 10 salários mínimos
Distribuição por faixas de renda,2022,Município,2502151,Boa Vista (PB),"Moradores em domicílios particulares permanentes ocupados, exclusive os cuja condição no domicílio era pensionista, empregado(a) doméstico(a) ou parente do(a) empregado(a) doméstico(a)",Pessoas,43,Classes de rendimento nominal mensal domiciliar per capita,Mais de 5 a 10 salários mínimos
Distribuição por faixas de renda,2022,Município,2502201,Bom Jesus (PB),"Moradores em domicílios particulares permanentes ocupados, exclusive os cuja condição no domicílio era pensionista, empregado(a) doméstico(a) ou parente do(a) empregado(a) doméstico(a)",Pessoas,0,Classes de rendimento nominal mensal domiciliar per capita,Mais de 5 a 10 salários mínimos
Distribuição por faixas de renda,2022,Município,2502300,Bom Sucesso (PB),"Moradores em domicílios particulares permanentes ocupados, exclusive os cuja condição no domicílio era pensionista, empregado(a) doméstico(a) ou parente do(a) empregado(a) doméstico(a)",Pessoas,8,Classes de rendimento nominal mensal domiciliar per capita,Mais de 5 a 10 salários mínimos
Distribuição por faixas de renda,2022,Município,2502409,Bonito de Santa Fé (PB),"Moradores em domicílios particulares permanentes ocupados, exclusive os cuja condição no domicílio era pensionista, empregado(a) doméstico(a) ou parente do(a) empregado(a) doméstico(a)",Pessoas,29,Classes de rendimento nominal mensal domiciliar per capita,Mais de 5 a 10 salários mínimos
Distribuição por faixas de renda,2022,Município,2502508,Boqueirão (PB),"Moradores em domicílios particulares permanentes ocupados, exclusive os cuja condição no domicílio era pensionista, empregado(a) doméstico(a) ou parente do(a) empregado(a) doméstico(a)",Pessoas,62,Classes de rendimento nominal mensal domiciliar per capita,Mais de 5 a 10 salários mínimos
Distribuição por faixas de renda,2022,Município,2502607,Igaracy (PB),"Moradores em domicílios particulares permanentes ocupados, exclusive os cuja condição no domicílio era pensionista, empregado(a) doméstico(a) ou parente do(a) empregado(a) doméstico(a)",Pessoas,7,Classes de rendimento nominal mensal domiciliar per capita,Mais de 5 a 10 salários mínimos
Distribuição por faixas de renda,2022,Município,2502706,Borborema (PB),"Moradores em domicílios particulares permanentes ocupados, exclusive os cuja condição no domicílio era pensionista, empregado(a) doméstico(a) ou parente do(a) empregado(a) doméstico(a)",Pessoas,18,Classes de rendimento nominal mensal domiciliar per capita,Mais de 5 a 10 salários mínimos
Distribuição por faixas de renda,2022,Município,2502805,Brejo do Cruz (PB),"Moradores em domicílios particulares permanentes ocupados, exclusive os cuja condição no domicílio era pensionista, empregado(a) doméstico(a) ou parente do(a) empregado(a) doméstico(a)",Pessoas,20,Classes de rendimento nominal mensal domiciliar per capita,Mais de 5 a 10 salários mínimos
Distribuição por faixas de renda,2022,Município,2502904,Brejo dos Santos (PB),"Moradores em domicílios particulares permanentes ocupados, exclusive os cuja condição no domicílio era pensionista, empregado(a) doméstico(a) ou parente do(a) empregado(a) doméstico(a)",Pessoas,67,Classes de rendimento nominal mensal domiciliar per capita,Mais de 5 a 10 salários mínimos
Distribuição por faixas de renda,2022,Município,2503001,Caaporã (PB),"Moradores em domicílios particulares permanentes ocupados, exclusive os cuja condição no domicílio era pensionista, empregado(a) doméstico(a) ou parente do(a) empregado(a) doméstico(a)",Pessoas,0,Classes de rendimento nominal mensal domiciliar per capita,Mais de 5 a 10 salários mínimos
Distribuição por faixas de renda,2022,Município,2503100,Cabaceiras (PB),"Moradores em domicílios particulares permanentes ocupados, exclusive os cuja condição no domicílio era pensionista, empregado(a) doméstico(a) ou parente do(a) empregado(a) doméstico(a)",Pessoas,7,Classes de rendimento nominal mensal domiciliar per capita,Mais de 5 a 10 salários mínimos
Distribuição por faixas de renda,2022,Município,2503209,Cabedelo (PB),"Moradores em domicílios particulares permanentes ocupados, exclusive os cuja condição no domicílio era pensionista, empregado(a) doméstico(a) ou parente do(a) empregado(a) doméstico(a)",Pessoas,3072,Classes de rendimento nominal mensal domiciliar per capita,Mais de 5 a 10 salários mínimos
Distribuição por faixas de renda,2022,Município,2503308,Cachoeira dos Índios (PB),"Moradores em domicílios particulares permanentes ocupados, exclusive os cuja condição no domicílio era pensionista, empregado(a) doméstico(a) ou parente do(a) empregado(a) doméstico(a)",Pessoas,14,Classes de rendimento nominal mensal domiciliar per capita,Mais de 5 a 10 salários mínimos
Distribuição por faixas de renda,2022,Município,2503407,Cacimba de Areia (PB),"Moradores em domicílios particulares permanentes ocupados, exclusive os cuja condição no domicílio era pensionista, empregado(a) doméstico(a) ou parente do(a) empregado(a) doméstico(a)",Pessoas,13,Classes de rendimento nominal mensal domiciliar per capita,Mais de 5 a 10 salários mínimos
Distribuição por faixas de renda,2022,Município,2503506,Cacimba de Dentro (PB),"Moradores em domicílios particulares permanentes ocupados, exclusive os cuja condição no domicílio era pensionista, empregado(a) doméstico(a) ou parente do(a) empregado(a) doméstico(a)",Pessoas,47,Classes de rendimento nominal mensal domiciliar per capita,Mais de 5 a 10 salários mínimos
Distribuição por faixas de renda,2022,Município,2503555,Cacimbas (PB),"Moradores em domicílios particulares permanentes ocupados, exclusive os cuja condição no domicílio era pensionista, empregado(a) doméstico(a) ou parente do(a) empregado(a) doméstico(a)",Pessoas,0,Classes de rendimento nominal mensal domiciliar per capita,Mais de 5 a 10 salários mínimos
Distribuição por faixas de renda,2022,Município,2503605,Caiçara (PB),"Moradores em domicílios particulares permanentes ocupados, exclusive os cuja condição no domicílio era pensionista, empregado(a) doméstico(a) ou parente do(a) empregado(a) doméstico(a)",Pessoas,0,Classes de rendimento nominal mensal domiciliar per capita,Mais de 5 a 10 salários mínimos
Distribuição por faixas de renda,2022,Município,2503704,Cajazeiras (PB),"Moradores em domicílios particulares permanentes ocupados, exclusive os cuja condição no domicílio era pensionista, empregado(a) doméstico(a) ou parente do(a) empregado(a) doméstico(a)",Pessoas,698,Classes de rendimento nominal mensal domiciliar per capita,Mais de 5 a 10 salários mínimos
Distribuição por faixas de renda,2022,Município,2503753,Cajazeirinhas (PB),"Moradores em domicílios particulares permanentes ocupados, exclusive os cuja condição no domicílio era pensionista, empregado(a) doméstico(a) ou parente do(a) empregado(a) doméstico(a)",Pessoas,0,Classes de rendimento nominal mensal domiciliar per capita,Mais de 5 a 10 salários mínimos
Distribuição por faixas de renda,2022,Município,2503803,Caldas Brandão (PB),"Moradores em domicílios particulares permanentes ocupados, exclusive os cuja condição no domicílio era pensionista, empregado(a) doméstico(a) ou parente do(a) empregado(a) doméstico(a)",Pessoas,6,Classes de rendimento nominal mensal domiciliar per capita,Mais de 5 a 10 salários mínimos
Distribuição por faixas de renda,2022,Município,2503902,Camalaú (PB),"Moradores em domicílios particulares permanentes ocupados, exclusive os cuja condição no domicílio era pensionista, empregado(a) doméstico(a) ou parente do(a) empregado(a) doméstico(a)",Pessoas,2,Classes de rendimento nominal mensal domiciliar per capita,Mais de 5 a 10 salários mínimos
Distribuição por faixas de renda,2022,Município,2504009,Campina Grande (PB),"Moradores em domicílios particulares permanentes ocupados, exclusive os cuja condição no domicílio era pensionista, empregado(a) doméstico(a) ou parente do(a) empregado(a) doméstico(a)",Pessoas,8895,Classes de rendimento nominal mensal domiciliar per capita,Mais de 5 a 10 salários mínimos
Distribuição por faixas de renda,2022,Município,2504033,Capim (PB),"Moradores em domicílios particulares permanentes ocupados, exclusive os cuja condição no domicílio era pensionista, empregado(a) doméstico(a) ou parente do(a) empregado(a) doméstico(a)",Pessoas,3,Classes de rendimento nominal mensal domiciliar per capita,Mais de 5 a 10 salários mínimos
Distribuição por faixas de renda,2022,Município,2504074,Caraúbas (PB),"Moradores em domicílios particulares permanentes ocupados, exclusive os cuja condição no domicílio era pensionista, empregado(a) doméstico(a) ou parente do(a) empregado(a) doméstico(a)",Pessoas,0,Classes de rendimento nominal mensal domiciliar per capita,Mais de 5 a 10 salários mínimos
Distribuição por faixas de renda,2022,Município,2504108,Carrapateira (PB),"Moradores em domicílios particulares permanentes ocupados, exclusive os cuja condição no domicílio era pensionista, empregado(a) doméstico(a) ou parente do(a) empregado(a) doméstico(a)",Pessoas,0,Classes de rendimento nominal mensal domiciliar per capita,Mais de 5 a 10 salários mínimos
Distribuição por faixas de renda,2022,Município,2504157,Casserengue (PB),"Moradores em domicílios particulares permanentes ocupados, exclusive os cuja condição no domicílio era pensionista, empregado(a) doméstico(a) ou parente do(a) empregado(a) doméstico(a)",Pessoas,4,Classes de rendimento nominal mensal domiciliar per capita,Mais de 5 a 10 salários mínimos
Distribuição por faixas de renda,2022,Município,2504207,Catingueira (PB),"Moradores em domicílios particulares permanentes ocupados, exclusive os cuja condição no domicílio era pensionista, empregado(a) doméstico(a) ou parente do(a) empregado(a) doméstico(a)",Pessoas,19,Classes de rendimento nominal mensal domiciliar per capita,Mais de 5 a 10 salários mínimos
Distribuição por faixas de renda,2022,Município,2504306,Catolé do Rocha (PB),"Moradores em domicílios particulares permanentes ocupados, exclusive os cuja condição no domicílio era pensionista, empregado(a) doméstico(a) ou parente do(a) empregado(a) doméstico(a)",Pessoas,153,Classes de rendimento nominal mensal domiciliar per capita,Mais de 5 a 10 salários mínimos
Distribuição por faixas de renda,2022,Município,2504355,Caturité (PB),"Moradores em domicílios particulares permanentes ocupados, exclusive os cuja condição no domicílio era pensionista, empregado(a) doméstico(a) ou parente do(a) empregado(a) doméstico(a)",Pessoas,15,Classes de rendimento nominal mensal domiciliar per capita,Mais de 5 a 10 salários mínimos
Distribuição por faixas de renda,2022,Município,2504405,Conceição (PB),"Moradores em domicílios particulares permanentes ocupados, exclusive os cuja condição no domicílio era pensionista, empregado(a) doméstico(a) ou parente do(a) empregado(a) doméstico(a)",Pessoas,127,Classes de rendimento nominal mensal domiciliar per capita,Mais de 5 a 10 salários mínimos
Distribuição por faixas de renda,2022,Município,2504504,Condado (PB),"Moradores em domicílios particulares permanentes ocupados, exclusive os cuja condição no domicílio era pensionista, empregado(a) doméstico(a) ou parente do(a) empregado(a) doméstico(a)",Pessoas,7,Classes de rendimento nominal mensal domiciliar per capita,Mais de 5 a 10 salários mínimos
Distribuição por faixas de renda,2022,Município,2504603,Conde (PB),"Moradores em domicílios particulares permanentes ocupados, exclusive os cuja condição no domicílio era pensionista, empregado(a) doméstico(a) ou parente do(a) empregado(a) doméstico(a)",Pessoas,246,Classes de rendimento nominal mensal domiciliar per capita,Mais de 5 a 10 salários mínimos
Distribuição por faixas de renda,2022,Município,2504702,Congo (PB),"Moradores em domicílios particulares permanentes ocupados, exclusive os cuja condição no domicílio era pensionista, empregado(a) doméstico(a) ou parente do(a) empregado(a) doméstico(a)",Pessoas,22,Classes de rendimento nominal mensal domiciliar per capita,Mais de 5 a 10 salários mínimos
Distribuição por faixas de renda,2022,Município,2504801,Coremas (PB),"Moradores em domicílios particulares permanentes ocupados, exclusive os cuja condição no domicílio era pensionista, empregado(a) doméstico(a) ou parente do(a) empregado(a) doméstico(a)",Pessoas,58,Classes de rendimento nominal mensal domiciliar per capita,Mais de 5 a 10 salários mínimos
Distribuição por faixas de renda,2022,Município,2504850,Coxixola (PB),"Moradores em domicílios particulares permanentes ocupados, exclusive os cuja condição no domicílio era pensionista, empregado(a) doméstico(a) ou parente do(a) empregado(a) doméstico(a)",Pessoas,16,Classes de rendimento nominal mensal domiciliar per capita,Mais de 5 a 10 salários mínimos
Distribuição por faixas de renda,2022,Município,2504900,Cruz do Espírito Santo (PB),"Moradores em domicílios particulares permanentes ocupados, exclusive os cuja condição no domicílio era pensionista, empregado(a) doméstico(a) ou parente do(a) empregado(a) doméstico(a)",Pessoas,0,Classes de rendimento nominal mensal domiciliar per capita,Mais de 5 a 10 salários mínimos
Distribuição por faixas de renda,2022,Município,2505006,Cubati (PB),"Moradores em domicílios particulares permanentes ocupados, exclusive os cuja condição no domicílio era pensionista, empregado(a) doméstico(a) ou parente do(a) empregado(a) doméstico(a)",Pessoas,12,Classes de rendimento nominal mensal domiciliar per capita,Mais de 5 a 10 salários mínimos
Distribuição por faixas de renda,2022,Município,2505105,Cuité (PB),"Moradores em domicílios particulares permanentes ocupados, exclusive os cuja condição no domicílio era pensionista, empregado(a) doméstico(a) ou parente do(a) empregado(a) doméstico(a)",Pessoas,170,Classes de rendimento nominal mensal domiciliar per capita,Mais de 5 a 10 salários mínimos
Distribuição por faixas de renda,2022,Município,2505204,Cuitegi (PB),"Moradores em domicílios particulares permanentes ocupados, exclusive os cuja condição no domicílio era pensionista, empregado(a) doméstico(a) ou parente do(a) empregado(a) doméstico(a)",Pessoas,0,Classes de rendimento nominal mensal domiciliar per capita,Mais de 5 a 10 salários mínimos
Distribuição por faixas de renda,2022,Município,2505238,Cuité de Mamanguape (PB),"Moradores em domicílios particulares permanentes ocupados, exclusive os cuja condição no domicílio era pensionista, empregado(a) doméstico(a) ou parente do(a) empregado(a) doméstico(a)",Pessoas,13,Classes de rendimento nominal mensal domiciliar per capita,Mais de 5 a 10 salários mínimos
Distribuição por faixas de renda,2022,Município,2505279,Curral de Cima (PB),"Moradores em domicílios particulares permanentes ocupados, exclusive os cuja condição no domicílio era pensionista, empregado(a) doméstico(a) ou parente do(a) empregado(a) doméstico(a)",Pessoas,8,Classes de rendimento nominal mensal domiciliar per capita,Mais de 5 a 10 salários mínimos
Distribuição por faixas de renda,2022,Município,2505303,Curral Velho (PB),"Moradores em domicílios particulares permanentes ocupados, exclusive os cuja condição no domicílio era pensionista, empregado(a) doméstico(a) ou parente do(a) empregado(a) doméstico(a)",Pessoas,0,Classes de rendimento nominal mensal domiciliar per capita,Mais de 5 a 10 salários mínimos
Distribuição por faixas de renda,2022,Município,2505352,Damião (PB),"Moradores em domicílios particulares permanentes ocupados, exclusive os cuja condição no domicílio era pensionista, empregado(a) doméstico(a) ou parente do(a) empregado(a) doméstico(a)",Pessoas,2,Classes de rendimento nominal mensal domiciliar per capita,Mais de 5 a 10 salários mínimos
Distribuição por faixas de renda,2022,Município,2505402,Desterro (PB),"Moradores em domicílios particulares permanentes ocupados, exclusive os cuja condição no domicílio era pensionista, empregado(a) doméstico(a) ou parente do(a) empregado(a) doméstico(a)",Pessoas,4,Classes de rendimento nominal mensal domiciliar per capita,Mais de 5 a 10 salários mínimos
Distribuição por faixas de renda,2022,Município,2505501,Vista Serrana (PB),"Moradores em domicílios particulares permanentes ocupados, exclusive os cuja condição no domicílio era pensionista, empregado(a) doméstico(a) ou parente do(a) empregado(a) doméstico(a)",Pessoas,4,Classes de rendimento nominal mensal domiciliar per capita,Mais de 5 a 10 salários mínimos
Distribuição por faixas de renda,2022,Município,2505600,Diamante (PB),"Moradores em domicílios particulares permanentes ocupados, exclusive os cuja condição no domicílio era pensionista, empregado(a) doméstico(a) ou parente do(a) empregado(a) doméstico(a)",Pessoas,14,Classes de rendimento nominal mensal domiciliar per capita,Mais de 5 a 10 salários mínimos
Distribuição por faixas de renda,2022,Município,2505709,Dona Inês (PB),"Moradores em domicílios particulares permanentes ocupados, exclusive os cuja condição no domicílio era pensionista, empregado(a) doméstico(a) ou parente do(a) empregado(a) doméstico(a)",Pessoas,53,Classes de rendimento nominal mensal domiciliar per capita,Mais de 5 a 10 salários mínimos
Distribuição por faixas de renda,2022,Município,2505808,Duas Estradas (PB),"Moradores em domicílios particulares permanentes ocupados, exclusive os cuja condição no domicílio era pensionista, empregado(a) doméstico(a) ou parente do(a) empregado(a) doméstico(a)",Pessoas,0,Classes de rendimento nominal mensal domiciliar per capita,Mais de 5 a 10 salários mínimos
Distribuição por faixas de renda,2022,Município,2505907,Emas (PB),"Moradores em domicílios particulares permanentes ocupados, exclusive os cuja condição no domicílio era pensionista, empregado(a) doméstico(a) ou parente do(a) empregado(a) doméstico(a)",Pessoas,0,Classes de rendimento nominal mensal domiciliar per capita,Mais de 5 a 10 salários mínimos
Distribuição por faixas de renda,2022,Município,2506004,Esperança (PB),"Moradores em domicílios particulares permanentes ocupados, exclusive os cuja condição no domicílio era pensionista, empregado(a) doméstico(a) ou parente do(a) empregado(a) doméstico(a)",Pessoas,168,Classes de rendimento nominal mensal domiciliar per capita,Mais de 5 a 10 salários mínimos
Distribuição por faixas de renda,2022,Município,2506103,Fagundes (PB),"Moradores em domicílios particulares permanentes ocupados, exclusive os cuja condição no domicílio era pensionista, empregado(a) doméstico(a) ou parente do(a) empregado(a) doméstico(a)",Pessoas,26,Classes de rendimento nominal mensal domiciliar per capita,Mais de 5 a 10 salários mínimos
Distribuição por faixas de renda,2022,Município,2506202,Frei Martinho (PB),"Moradores em domicílios particulares permanentes ocupados, exclusive os cuja condição no domicílio era pensionista, empregado(a) doméstico(a) ou parente do(a) empregado(a) doméstico(a)",Pessoas,0,Classes de rendimento nominal mensal domiciliar per capita,Mais de 5 a 10 salários mínimos
Distribuição por faixas de renda,2022,Município,2506251,Gado Bravo (PB),"Moradores em domicílios particulares permanentes ocupados, exclusive os cuja condição no domicílio era pensionista, empregado(a) doméstico(a) ou parente do(a) empregado(a) doméstico(a)",Pessoas,0,Classes de rendimento nominal mensal domiciliar per capita,Mais de 5 a 10 salários mínimos
Distribuição por faixas de renda,2022,Município,2506301,Guarabira (PB),"Moradores em domicílios particulares permanentes ocupados, exclusive os cuja condição no domicílio era pensionista, empregado(a) doméstico(a) ou parente do(a) empregado(a) doméstico(a)",Pessoas,535,Classes de rendimento nominal mensal domiciliar per capita,Mais de 5 a 10 salários mínimos
Distribuição por faixas de renda,2022,Município,2506400,Gurinhém (PB),"Moradores em domicílios particulares permanentes ocupados, exclusive os cuja condição no domicílio era pensionista, empregado(a) doméstico(a) ou parente do(a) empregado(a) doméstico(a)",Pessoas,0,Classes de rendimento nominal mensal domiciliar per capita,Mais de 5 a 10 salários mínimos
Distribuição por faixas de renda,2022,Município,2506509,Gurjão (PB),"Moradores em domicílios particulares permanentes ocupados, exclusive os cuja condição no domicílio era pensionista, empregado(a) doméstico(a) ou parente do(a) empregado(a) doméstico(a)",Pessoas,0,Classes de rendimento nominal mensal domiciliar per capita,Mais de 5 a 10 salários mínimos
Distribuição por faixas de renda,2022,Município,2506608,Ibiara (PB),"Moradores em domicílios particulares permanentes ocupados, exclusive os cuja condição no domicílio era pensionista, empregado(a) doméstico(a) ou parente do(a) empregado(a) doméstico(a)",Pessoas,6,Classes de rendimento nominal mensal domiciliar per capita,Mais de 5 a 10 salários mínimos
Distribuição por faixas de renda,2022,Município,2506707,Imaculada (PB),"Moradores em domicílios particulares permanentes ocupados, exclusive os cuja condição no domicílio era pensionista, empregado(a) doméstico(a) ou parente do(a) empregado(a) doméstico(a)",Pessoas,0,Classes de rendimento nominal mensal domiciliar per capita,Mais de 5 a 10 salários mínimos
Distribuição por faixas de renda,2022,Município,2506806,Ingá (PB),"Moradores em domicílios particulares permanentes ocupados, exclusive os cuja condição no domicílio era pensionista, empregado(a) doméstico(a) ou parente do(a) empregado(a) doméstico(a)",Pessoas,27,Classes de rendimento nominal mensal domiciliar per capita,Mais de 5 a 10 salários mínimos
Distribuição por faixas de renda,2022,Município,2506905,Itabaiana (PB),"Moradores em domicílios particulares permanentes ocupados, exclusive os cuja condição no domicílio era pensionista, empregado(a) doméstico(a) ou parente do(a) empregado(a) doméstico(a)",Pessoas,11,Classes de rendimento nominal mensal domiciliar per capita,Mais de 5 a 10 salários mínimos
Distribuição por faixas de renda,2022,Município,2507002,Itaporanga (PB),"Moradores em domicílios particulares permanentes ocupados, exclusive os cuja condição no domicílio era pensionista, empregado(a) doméstico(a) ou parente do(a) empregado(a) doméstico(a)",Pessoas,92,Classes de rendimento nominal mensal domiciliar per capita,Mais de 5 a 10 salários mínimos
Distribuição por faixas de renda,2022,Município,2507101,Itapororoca (PB),"Moradores em domicílios particulares permanentes ocupados, exclusive os cuja condição no domicílio era pensionista, empregado(a) doméstico(a) ou parente do(a) empregado(a) doméstico(a)",Pessoas,25,Classes de rendimento nominal mensal domiciliar per capita,Mais de 5 a 10 salários mínimos
Distribuição por faixas de renda,2022,Município,2507200,Itatuba (PB),"Moradores em domicílios particulares permanentes ocupados, exclusive os cuja condição no domicílio era pensionista, empregado(a) doméstico(a) ou parente do(a) empregado(a) doméstico(a)",Pessoas,30,Classes de rendimento nominal mensal domiciliar per capita,Mais de 5 a 10 salários mínimos
Distribuição por faixas de renda,2022,Município,2507309,Jacaraú (PB),"Moradores em domicílios particulares permanentes ocupados, exclusive os cuja condição no domicílio era pensionista, empregado(a) doméstico(a) ou parente do(a) empregado(a) doméstico(a)",Pessoas,51,Classes de rendimento nominal mensal domiciliar per capita,Mais de 5 a 10 salários mínimos
Distribuição por faixas de renda,2022,Município,2507408,Jericó (PB),"Moradores em domicílios particulares permanentes ocupados, exclusive os cuja condição no domicílio era pensionista, empregado(a) doméstico(a) ou parente do(a) empregado(a) doméstico(a)",Pessoas,21,Classes de rendimento nominal mensal domiciliar per capita,Mais de 5 a 10 salários mínimos
Distribuição por faixas de renda,2022,Município,2507507,João Pessoa (PB),"Moradores em domicílios particulares permanentes ocupados, exclusive os cuja condição no domicílio era pensionista, empregado(a) doméstico(a) ou parente do(a) empregado(a) doméstico(a)",Pessoas,36928,Classes de rendimento nominal mensal domiciliar per capita,Mais de 5 a 10 salários mínimos
Distribuição por faixas de renda,2022,Município,2507606,Juarez Távora (PB),"Moradores em domicílios particulares permanentes ocupados, exclusive os cuja condição no domicílio era pensionista, empregado(a) doméstico(a) ou parente do(a) empregado(a) doméstico(a)",Pessoas,11,Classes de rendimento nominal mensal domiciliar per capita,Mais de 5 a 10 salários mínimos
Distribuição por faixas de renda,2022,Município,2507705,Juazeirinho (PB),"Moradores em domicílios particulares permanentes ocupados, exclusive os cuja condição no domicílio era pensionista, empregado(a) doméstico(a) ou parente do(a) empregado(a) doméstico(a)",Pessoas,94,Classes de rendimento nominal mensal domiciliar per capita,Mais de 5 a 10 salários mínimos
Distribuição por faixas de renda,2022,Município,2507804,Junco do Seridó (PB),"Moradores em domicílios particulares permanentes ocupados, exclusive os cuja condição no domicílio era pensionista, empregado(a) doméstico(a) ou parente do(a) empregado(a) doméstico(a)",Pessoas,27,Classes de rendimento nominal mensal domiciliar per capita,Mais de 5 a 10 salários mínimos
Distribuição por faixas de renda,2022,Município,2507903,Juripiranga (PB),"Moradores em domicílios particulares permanentes ocupados, exclusive os cuja condição no domicílio era pensionista, empregado(a) doméstico(a) ou parente do(a) empregado(a) doméstico(a)",Pessoas,8,Classes de rendimento nominal mensal domiciliar per capita,Mais de 5 a 10 salários mínimos
Distribuição por faixas de renda,2022,Município,2508000,Juru (PB),"Moradores em domicílios particulares permanentes ocupados, exclusive os cuja condição no domicílio era pensionista, empregado(a) doméstico(a) ou parente do(a) empregado(a) doméstico(a)",Pessoas,6,Classes de rendimento nominal mensal domiciliar per capita,Mais de 5 a 10 salários mínimos
Distribuição por faixas de renda,2022,Município,2508109,Lagoa (PB),"Moradores em domicílios particulares permanentes ocupados, exclusive os cuja condição no domicílio era pensionista, empregado(a) doméstico(a) ou parente do(a) empregado(a) doméstico(a)",Pessoas,0,Classes de rendimento nominal mensal domiciliar per capita,Mais de 5 a 10 salários mínimos
Distribuição por faixas de renda,2022,Município,2508208,Lagoa de Dentro (PB),"Moradores em domicílios particulares permanentes ocupados, exclusive os cuja condição no domicílio era pensionista, empregado(a) doméstico(a) ou parente do(a) empregado(a) doméstico(a)",Pessoas,10,Classes de rendimento nominal mensal domiciliar per capita,Mais de 5 a 10 salários mínimos
Distribuição por faixas de renda,2022,Município,2508307,Lagoa Seca (PB),"Moradores em domicílios particulares permanentes ocupados, exclusive os cuja condição no domicílio era pensionista, empregado(a) doméstico(a) ou parente do(a) empregado(a) doméstico(a)",Pessoas,320,Classes de rendimento nominal mensal domiciliar per capita,Mais de 5 a 10 salários mínimos
Distribuição por faixas de renda,2022,Município,2508406,Lastro (PB),"Moradores em domicílios particulares permanentes ocupados, exclusive os cuja condição no domicílio era pensionista, empregado(a) doméstico(a) ou parente do(a) empregado(a) doméstico(a)",Pessoas,0,Classes de rendimento nominal mensal domiciliar per capita,Mais de 5 a 10 salários mínimos
Distribuição por faixas de renda,2022,Município,2508505,Livramento (PB),"Moradores em domicílios particulares permanentes ocupados, exclusive os cuja condição no domicílio era pensionista, empregado(a) doméstico(a) ou parente do(a) empregado(a) doméstico(a)",Pessoas,0,Classes de rendimento nominal mensal domiciliar per capita,Mais de 5 a 10 salários mínimos
Distribuição por faixas de renda,2022,Município,2508554,Logradouro (PB),"Moradores em domicílios particulares permanentes ocupados, exclusive os cuja condição no domicílio era pensionista, empregado(a) doméstico(a) ou parente do(a) empregado(a) doméstico(a)",Pessoas,12,Classes de rendimento nominal mensal domiciliar per capita,Mais de 5 a 10 salários mínimos
Distribuição por faixas de renda,2022,Município,2508604,Lucena (PB),"Moradores em domicílios particulares permanentes ocupados, exclusive os cuja condição no domicílio era pensionista, empregado(a) doméstico(a) ou parente do(a) empregado(a) doméstico(a)",Pessoas,31,Classes de rendimento nominal mensal domiciliar per capita,Mais de 5 a 10 salários mínimos
Distribuição por faixas de renda,2022,Município,2508703,Mãe d'Água (PB),"Moradores em domicílios particulares permanentes ocupados, exclusive os cuja condição no domicílio era pensionista, empregado(a) doméstico(a) ou parente do(a) empregado(a) doméstico(a)",Pessoas,0,Classes de rendimento nominal mensal domiciliar per capita,Mais de 5 a 10 salários mínimos
Distribuição por faixas de renda,2022,Município,2508802,Malta (PB),"Moradores em domicílios particulares permanentes ocupados, exclusive os cuja condição no domicílio era pensionista, empregado(a) doméstico(a) ou parente do(a) empregado(a) doméstico(a)",Pessoas,19,Classes de rendimento nominal mensal domiciliar per capita,Mais de 5 a 10 salários mínimos
Distribuição por faixas de renda,2022,Município,2508901,Mamanguape (PB),"Moradores em domicílios particulares permanentes ocupados, exclusive os cuja condição no domicílio era pensionista, empregado(a) doméstico(a) ou parente do(a) empregado(a) doméstico(a)",Pessoas,103,Classes de rendimento nominal mensal domiciliar per capita,Mais de 5 a 10 salários mínimos
Distribuição por faixas de renda,2022,Município,2509008,Manaíra (PB),"Moradores em domicílios particulares permanentes ocupados, exclusive os cuja condição no domicílio era pensionista, empregado(a) doméstico(a) ou parente do(a) empregado(a) doméstico(a)",Pessoas,43,Classes de rendimento nominal mensal domiciliar per capita,Mais de 5 a 10 salários mínimos
Distribuição por faixas de renda,2022,Município,2509057,Marcação (PB),"Moradores em domicílios particulares permanentes ocupados, exclusive os cuja condição no domicílio era pensionista, empregado(a) doméstico(a) ou parente do(a) empregado(a) doméstico(a)",Pessoas,4,Classes de rendimento nominal mensal domiciliar per capita,Mais de 5 a 10 salários mínimos
Distribuição por faixas de renda,2022,Município,2509107,Mari (PB),"Moradores em domicílios particulares permanentes ocupados, exclusive os cuja condição no domicílio era pensionista, empregado(a) doméstico(a) ou parente do(a) empregado(a) doméstico(a)",Pessoas,11,Classes de rendimento nominal mensal domiciliar per capita,Mais de 5 a 10 salários mínimos
Distribuição por faixas de renda,2022,Município,2509156,Marizópolis (PB),"Moradores em domicílios particulares permanentes ocupados, exclusive os cuja condição no domicílio era pensionista, empregado(a) doméstico(a) ou parente do(a) empregado(a) doméstico(a)",Pessoas,20,Classes de rendimento nominal mensal domiciliar per capita,Mais de 5 a 10 salários mínimos
Distribuição por faixas de renda,2022,Município,2509206,Massaranduba (PB),"Moradores em domicílios particulares permanentes ocupados, exclusive os cuja condição no domicílio era pensionista, empregado(a) doméstico(a) ou parente do(a) empregado(a) doméstico(a)",Pessoas,81,Classes de rendimento nominal mensal domiciliar per capita,Mais de 5 a 10 salários mínimos
Distribuição por faixas de renda,2022,Município,2509305,Mataraca (PB),"Moradores em domicílios particulares permanentes ocupados, exclusive os cuja condição no domicílio era pensionista, empregado(a) doméstico(a) ou parente do(a) empregado(a) doméstico(a)",Pessoas,17,Classes de rendimento nominal mensal domiciliar per capita,Mais de 5 a 10 salários mínimos
Distribuição por faixas de renda,2022,Município,2509339,Matinhas (PB),"Moradores em domicílios particulares permanentes ocupados, exclusive os cuja condição no domicílio era pensionista, empregado(a) doméstico(a) ou parente do(a) empregado(a) doméstico(a)",Pessoas,3,Classes de rendimento nominal mensal domiciliar per capita,Mais de 5 a 10 salários mínimos
Distribuição por faixas de renda,2022,Município,2509370,Mato Grosso (PB),"Moradores em domicílios particulares permanentes ocupados, exclusive os cuja condição no domicílio era pensionista, empregado(a) doméstico(a) ou parente do(a) empregado(a) doméstico(a)",Pessoas,0,Classes de rendimento nominal mensal domiciliar per capita,Mais de 5 a 10 salários mínimos
Distribuição por faixas de renda,2022,Município,2509396,Maturéia (PB),"Moradores em domicílios particulares permanentes ocupados, exclusive os cuja condição no domicílio era pensionista, empregado(a) doméstico(a) ou parente do(a) empregado(a) doméstico(a)",Pessoas,16,Classes de rendimento nominal mensal domiciliar per capita,Mais de 5 a 10 salários mínimos
Distribuição por faixas de renda,2022,Município,2509404,Mogeiro (PB),"Moradores em domicílios particulares permanentes ocupados, exclusive os cuja condição no domicílio era pensionista, empregado(a) doméstico(a) ou parente do(a) empregado(a) doméstico(a)",Pessoas,0,Classes de rendimento nominal mensal domiciliar per capita,Mais de 5 a 10 salários mínimos
Distribuição por faixas de renda,2022,Município,2509503,Montadas (PB),"Moradores em domicílios particulares permanentes ocupados, exclusive os cuja condição no domicílio era pensionista, empregado(a) doméstico(a) ou parente do(a) empregado(a) doméstico(a)",Pessoas,3,Classes de rendimento nominal mensal domiciliar per capita,Mais de 5 a 10 salários mínimos
Distribuição por faixas de renda,2022,Município,2509602,Monte Horebe (PB),"Moradores em domicílios particulares permanentes ocupados, exclusive os cuja condição no domicílio era pensionista, empregado(a) doméstico(a) ou parente do(a) empregado(a) doméstico(a)",Pessoas,0,Classes de rendimento nominal mensal domiciliar per capita,Mais de 5 a 10 salários mínimos
Distribuição por faixas de renda,2022,Município,2509701,Monteiro (PB),"Moradores em domicílios particulares permanentes ocupados, exclusive os cuja condição no domicílio era pensionista, empregado(a) doméstico(a) ou parente do(a) empregado(a) doméstico(a)",Pessoas,156,Classes de rendimento nominal mensal domiciliar per capita,Mais de 5 a 10 salários mínimos
Distribuição por faixas de renda,2022,Município,2509800,Mulungu (PB),"Moradores em domicílios particulares permanentes ocupados, exclusive os cuja condição no domicílio era pensionista, empregado(a) doméstico(a) ou parente do(a) empregado(a) doméstico(a)",Pessoas,4,Classes de rendimento nominal mensal domiciliar per capita,Mais de 5 a 10 salários mínimos
Distribuição por faixas de renda,2022,Município,2509909,Natuba (PB),"Moradores em domicílios particulares permanentes ocupados, exclusive os cuja condição no domicílio era pensionista, empregado(a) doméstico(a) ou parente do(a) empregado(a) doméstico(a)",Pessoas,0,Classes de rendimento nominal mensal domiciliar per capita,Mais de 5 a 10 salários mínimos
Distribuição por faixas de renda,2022,Município,2510006,Nazarezinho (PB),"Moradores em domicílios particulares permanentes ocupados, exclusive os cuja condição no domicílio era pensionista, empregado(a) doméstico(a) ou parente do(a) empregado(a) doméstico(a)",Pessoas,40,Classes de rendimento nominal mensal domiciliar per capita,Mais de 5 a 10 salários mínimos
Distribuição por faixas de renda,2022,Município,2510105,Nova Floresta (PB),"Moradores em domicílios particulares permanentes ocupados, exclusive os cuja condição no domicílio era pensionista, empregado(a) doméstico(a) ou parente do(a) empregado(a) doméstico(a)",Pessoas,10,Classes de rendimento nominal mensal domiciliar per capita,Mais de 5 a 10 salários mínimos
Distribuição por faixas de renda,2022,Município,2510204,Nova Olinda (PB),"Moradores em domicílios particulares permanentes ocupados, exclusive os cuja condição no domicílio era pensionista, empregado(a) doméstico(a) ou parente do(a) empregado(a) doméstico(a)",Pessoas,5,Classes de rendimento nominal mensal domiciliar per capita,Mais de 5 a 10 salários mínimos
Distribuição por faixas de renda,2022,Município,2510303,Nova Palmeira (PB),"Moradores em domicílios particulares permanentes ocupados, exclusive os cuja condição no domicílio era pensionista, empregado(a) doméstico(a) ou parente do(a) empregado(a) doméstico(a)",Pessoas,0,Classes de rendimento nominal mensal domiciliar per capita,Mais de 5 a 10 salários mínimos
Distribuição por faixas de renda,2022,Município,2510402,Olho d'Água (PB),"Moradores em domicílios particulares permanentes ocupados, exclusive os cuja condição no domicílio era pensionista, empregado(a) doméstico(a) ou parente do(a) empregado(a) doméstico(a)",Pessoas,3,Classes de rendimento nominal mensal domiciliar per capita,Mais de 5 a 10 salários mínimos
Distribuição por faixas de renda,2022,Município,2510501,Olivedos (PB),"Moradores em domicílios particulares permanentes ocupados, exclusive os cuja condição no domicílio era pensionista, empregado(a) doméstico(a) ou parente do(a) empregado(a) doméstico(a)",Pessoas,0,Classes de rendimento nominal mensal domiciliar per capita,Mais de 5 a 10 salários mínimos
Distribuição por faixas de renda,2022,Município,2510600,Ouro Velho (PB),"Moradores em domicílios particulares permanentes ocupados, exclusive os cuja condição no domicílio era pensionista, empregado(a) doméstico(a) ou parente do(a) empregado(a) doméstico(a)",Pessoas,3,Classes de rendimento nominal mensal domiciliar per capita,Mais de 5 a 10 salários mínimos
Distribuição por faixas de renda,2022,Município,2510659,Parari (PB),"Moradores em domicílios particulares permanentes ocupados, exclusive os cuja condição no domicílio era pensionista, empregado(a) doméstico(a) ou parente do(a) empregado(a) doméstico(a)",Pessoas,3,Classes de rendimento nominal mensal domiciliar per capita,Mais de 5 a 10 salários mínimos
Distribuição por faixas de renda,2022,Município,2510709,Passagem (PB),"Moradores em domicílios particulares permanentes ocupados, exclusive os cuja condição no domicílio era pensionista, empregado(a) doméstico(a) ou parente do(a) empregado(a) doméstico(a)",Pessoas,2,Classes de rendimento nominal mensal domiciliar per capita,Mais de 5 a 10 salários mínimos
Distribuição por faixas de renda,2022,Município,2510808,Patos (PB),"Moradores em domicílios particulares permanentes ocupados, exclusive os cuja condição no domicílio era pensionista, empregado(a) doméstico(a) ou parente do(a) empregado(a) doméstico(a)",Pessoas,1624,Classes de rendimento nominal mensal domiciliar per capita,Mais de 5 a 10 salários mínimos
Distribuição por faixas de renda,2022,Município,2510907,Paulista (PB),"Moradores em domicílios particulares permanentes ocupados, exclusive os cuja condição no domicílio era pensionista, empregado(a) doméstico(a) ou parente do(a) empregado(a) doméstico(a)",Pessoas,8,Classes de rendimento nominal mensal domiciliar per capita,Mais de 5 a 10 salários mínimos
Distribuição por faixas de renda,2022,Município,2511004,Pedra Branca (PB),"Moradores em domicílios particulares permanentes ocupados, exclusive os cuja condição no domicílio era pensionista, empregado(a) doméstico(a) ou parente do(a) empregado(a) doméstico(a)",Pessoas,22,Classes de rendimento nominal mensal domiciliar per capita,Mais de 5 a 10 salários mínimos
Distribuição por faixas de renda,2022,Município,2511103,Pedra Lavrada (PB),"Moradores em domicílios particulares permanentes ocupados, exclusive os cuja condição no domicílio era pensionista, empregado(a) doméstico(a) ou parente do(a) empregado(a) doméstico(a)",Pessoas,31,Classes de rendimento nominal mensal domiciliar per capita,Mais de 5 a 10 salários mínimos
Distribuição por faixas de renda,2022,Município,2511202,Pedras de Fogo (PB),"Moradores em domicílios particulares permanentes ocupados, exclusive os cuja condição no domicílio era pensionista, empregado(a) doméstico(a) ou parente do(a) empregado(a) doméstico(a)",Pessoas,36,Classes de rendimento nominal mensal domiciliar per capita,Mais de 5 a 10 salários mínimos
Distribuição por faixas de renda,2022,Município,2511301,Piancó (PB),"Moradores em domicílios particulares permanentes ocupados, exclusive os cuja condição no domicílio era pensionista, empregado(a) doméstico(a) ou parente do(a) empregado(a) doméstico(a)",Pessoas,48,Classes de rendimento nominal mensal domiciliar per capita,Mais de 5 a 10 salários mínimos
Distribuição por faixas de renda,2022,Município,2511400,Picuí (PB),"Moradores em domicílios particulares permanentes ocupados, exclusive os cuja condição no domicílio era pensionista, empregado(a) doméstico(a) ou parente do(a) empregado(a) doméstico(a)",Pessoas,128,Classes de rendimento nominal mensal domiciliar per capita,Mais de 5 a 10 salários mínimos
Distribuição por faixas de renda,2022,Município,2511509,Pilar (PB),"Moradores em domicílios particulares permanentes ocupados, exclusive os cuja condição no domicílio era pensionista, empregado(a) doméstico(a) ou parente do(a) empregado(a) doméstico(a)",Pessoas,50,Classes de rendimento nominal mensal domiciliar per capita,Mais de 5 a 10 salários mínimos
Distribuição por faixas de renda,2022,Município,2511608,Pilões (PB),"Moradores em domicílios particulares permanentes ocupados, exclusive os cuja condição no domicílio era pensionista, empregado(a) doméstico(a) ou parente do(a) empregado(a) doméstico(a)",Pessoas,10,Classes de rendimento nominal mensal domiciliar per capita,Mais de 5 a 10 salários mínimos
Distribuição por faixas de renda,2022,Município,2511707,Pilõezinhos (PB),"Moradores em domicílios particulares permanentes ocupados, exclusive os cuja condição no domicílio era pensionista, empregado(a) doméstico(a) ou parente do(a) empregado(a) doméstico(a)",Pessoas,0,Classes de rendimento nominal mensal domiciliar per capita,Mais de 5 a 10 salários mínimos
Distribuição por faixas de renda,2022,Município,2511806,Pirpirituba (PB),"Moradores em domicílios particulares permanentes ocupados, exclusive os cuja condição no domicílio era pensionista, empregado(a) doméstico(a) ou parente do(a) empregado(a) doméstico(a)",Pessoas,21,Classes de rendimento nominal mensal domiciliar per capita,Mais de 5 a 10 salários mínimos
Distribuição por faixas de renda,2022,Município,2511905,Pitimbu (PB),"Moradores em domicílios particulares permanentes ocupados, exclusive os cuja condição no domicílio era pensionista, empregado(a) doméstico(a) ou parente do(a) empregado(a) doméstico(a)",Pessoas,46,Classes de rendimento nominal mensal domiciliar per capita,Mais de 5 a 10 salários mínimos
Distribuição por faixas de renda,2022,Município,2512002,Pocinhos (PB),"Moradores em domicílios particulares permanentes ocupados, exclusive os cuja condição no domicílio era pensionista, empregado(a) doméstico(a) ou parente do(a) empregado(a) doméstico(a)",Pessoas,13,Classes de rendimento nominal mensal domiciliar per capita,Mais de 5 a 10 salários mínimos
Distribuição por faixas de renda,2022,Município,2512036,Poço Dantas (PB),"Moradores em domicílios particulares permanentes ocupados, exclusive os cuja condição no domicílio era pensionista, empregado(a) doméstico(a) ou parente do(a) empregado(a) doméstico(a)",Pessoas,28,Classes de rendimento nominal mensal domiciliar per capita,Mais de 5 a 10 salários mínimos
Distribuição por faixas de renda,2022,Município,2512077,Poço de José de Moura (PB),"Moradores em domicílios particulares permanentes ocupados, exclusive os cuja condição no domicílio era pensionista, empregado(a) doméstico(a) ou parente do(a) empregado(a) doméstico(a)",Pessoas,13,Classes de rendimento nominal mensal domiciliar per capita,Mais de 5 a 10 salários mínimos
Distribuição por faixas de renda,2022,Município,2512101,Pombal (PB),"Moradores em domicílios particulares permanentes ocupados, exclusive os cuja condição no domicílio era pensionista, empregado(a) doméstico(a) ou parente do(a) empregado(a) doméstico(a)",Pessoas,226,Classes de rendimento nominal mensal domiciliar per capita,Mais de 5 a 10 salários mínimos
Distribuição por faixas de renda,2022,Município,2512200,Prata (PB),"Moradores em domicílios particulares permanentes ocupados, exclusive os cuja condição no domicílio era pensionista, empregado(a) doméstico(a) ou parente do(a) empregado(a) doméstico(a)",Pessoas,12,Classes de rendimento nominal mensal domiciliar per capita,Mais de 5 a 10 salários mínimos
Distribuição por faixas de renda,2022,Município,2512309,Princesa Isabel (PB),"Moradores em domicílios particulares permanentes ocupados, exclusive os cuja condição no domicílio era pensionista, empregado(a) doméstico(a) ou parente do(a) empregado(a) doméstico(a)",Pessoas,49,Classes de rendimento nominal mensal domiciliar per capita,Mais de 5 a 10 salários mínimos
Distribuição por faixas de renda,2022,Município,2512408,Puxinanã (PB),"Moradores em domicílios particulares permanentes ocupados, exclusive os cuja condição no domicílio era pensionista, empregado(a) doméstico(a) ou parente do(a) empregado(a) doméstico(a)",Pessoas,25,Classes de rendimento nominal mensal domiciliar per capita,Mais de 5 a 10 salários mínimos
Distribuição por faixas de renda,2022,Município,2512507,Queimadas (PB),"Moradores em domicílios particulares permanentes ocupados, exclusive os cuja condição no domicílio era pensionista, empregado(a) doméstico(a) ou parente do(a) empregado(a) doméstico(a)",Pessoas,81,Classes de rendimento nominal mensal domiciliar per capita,Mais de 5 a 10 salários mínimos
Distribuição por faixas de renda,2022,Município,2512606,Quixaba (PB),"Moradores em domicílios particulares permanentes ocupados, exclusive os cuja condição no domicílio era pensionista, empregado(a) doméstico(a) ou parente do(a) empregado(a) doméstico(a)",Pessoas,3,Classes de rendimento nominal mensal domiciliar per capita,Mais de 5 a 10 salários mínimos
Distribuição por faixas de renda,2022,Município,2512705,Remígio (PB),"Moradores em domicílios particulares permanentes ocupados, exclusive os cuja condição no domicílio era pensionista, empregado(a) doméstico(a) ou parente do(a) empregado(a) doméstico(a)",Pessoas,156,Classes de rendimento nominal mensal domiciliar per capita,Mais de 5 a 10 salários mínimos
Distribuição por faixas de renda,2022,Município,2512721,Pedro Régis (PB),"Moradores em domicílios particulares permanentes ocupados, exclusive os cuja condição no domicílio era pensionista, empregado(a) doméstico(a) ou parente do(a) empregado(a) doméstico(a)",Pessoas,10,Classes de rendimento nominal mensal domiciliar per capita,Mais de 5 a 10 salários mínimos
Distribuição por faixas de renda,2022,Município,2512747,Riachão (PB),"Moradores em domicílios particulares permanentes ocupados, exclusive os cuja condição no domicílio era pensionista, empregado(a) doméstico(a) ou parente do(a) empregado(a) doméstico(a)",Pessoas,0,Classes de rendimento nominal mensal domiciliar per capita,Mais de 5 a 10 salários mínimos
Distribuição por faixas de renda,2022,Município,2512754,Riachão do Bacamarte (PB),"Moradores em domicílios particulares permanentes ocupados, exclusive os cuja condição no domicílio era pensionista, empregado(a) doméstico(a) ou parente do(a) empregado(a) doméstico(a)",Pessoas,4,Classes de rendimento nominal mensal domiciliar per capita,Mais de 5 a 10 salários mínimos
Distribuição por faixas de renda,2022,Município,2512762,Riachão do Poço (PB),"Moradores em domicílios particulares permanentes ocupados, exclusive os cuja condição no domicílio era pensionista, empregado(a) doméstico(a) ou parente do(a) empregado(a) doméstico(a)",Pessoas,0,Classes de rendimento nominal mensal domiciliar per capita,Mais de 5 a 10 salários mínimos
Distribuição por faixas de renda,2022,Município,2512788,Riacho de Santo Antônio (PB),"Moradores em domicílios particulares permanentes ocupados, exclusive os cuja condição no domicílio era pensionista, empregado(a) doméstico(a) ou parente do(a) empregado(a) doméstico(a)",Pessoas,0,Classes de rendimento nominal mensal domiciliar per capita,Mais de 5 a 10 salários mínimos
Distribuição por faixas de renda,2022,Município,2512804,Riacho dos Cavalos (PB),"Moradores em domicílios particulares permanentes ocupados, exclusive os cuja condição no domicílio era pensionista, empregado(a) doméstico(a) ou parente do(a) empregado(a) doméstico(a)",Pessoas,8,Classes de rendimento nominal mensal domiciliar per capita,Mais de 5 a 10 salários mínimos
Distribuição por faixas de renda,2022,Município,2512903,Rio Tinto (PB),"Moradores em domicílios particulares permanentes ocupados, exclusive os cuja condição no domicílio era pensionista, empregado(a) doméstico(a) ou parente do(a) empregado(a) doméstico(a)",Pessoas,109,Classes de rendimento nominal mensal domiciliar per capita,Mais de 5 a 10 salários mínimos
Distribuição por faixas de renda,2022,Município,2513000,Salgadinho (PB),"Moradores em domicílios particulares permanentes ocupados, exclusive os cuja condição no domicílio era pensionista, empregado(a) doméstico(a) ou parente do(a) empregado(a) doméstico(a)",Pessoas,8,Classes de rendimento nominal mensal domiciliar per capita,Mais de 5 a 10 salários mínimos
Distribuição por faixas de renda,2022,Município,2513109,Salgado de São Félix (PB),"Moradores em domicílios particulares permanentes ocupados, exclusive os cuja condição no domicílio era pensionista, empregado(a) doméstico(a) ou parente do(a) empregado(a) doméstico(a)",Pessoas,12,Classes de rendimento nominal mensal domiciliar per capita,Mais de 5 a 10 salários mínimos
Distribuição por faixas de renda,2022,Município,2513158,Santa Cecília (PB),"Moradores em domicílios particulares permanentes ocupados, exclusive os cuja condição no domicílio era pensionista, empregado(a) doméstico(a) ou parente do(a) empregado(a) doméstico(a)",Pessoas,0,Classes de rendimento nominal mensal domiciliar per capita,Mais de 5 a 10 salários mínimos
Distribuição por faixas de renda,2022,Município,2513208,Santa Cruz (PB),"Moradores em domicílios particulares permanentes ocupados, exclusive os cuja condição no domicílio era pensionista, empregado(a) doméstico(a) ou parente do(a) empregado(a) doméstico(a)",Pessoas,11,Classes de rendimento nominal mensal domiciliar per capita,Mais de 5 a 10 salários mínimos
Distribuição por faixas de renda,2022,Município,2513307,Santa Helena (PB),"Moradores em domicílios particulares permanentes ocupados, exclusive os cuja condição no domicílio era pensionista, empregado(a) doméstico(a) ou parente do(a) empregado(a) doméstico(a)",Pessoas,12,Classes de rendimento nominal mensal domiciliar per capita,Mais de 5 a 10 salários mínimos
Distribuição por faixas de renda,2022,Município,2513356,Santa Inês (PB),"Moradores em domicílios particulares permanentes ocupados, exclusive os cuja condição no domicílio era pensionista, empregado(a) doméstico(a) ou parente do(a) empregado(a) doméstico(a)",Pessoas,11,Classes de rendimento nominal mensal domiciliar per capita,Mais de 5 a 10 salários mínimos
Distribuição por faixas de renda,2022,Município,2513406,Santa Luzia (PB),"Moradores em domicílios particulares permanentes ocupados, exclusive os cuja condição no domicílio era pensionista, empregado(a) doméstico(a) ou parente do(a) empregado(a) doméstico(a)",Pessoas,122,Classes de rendimento nominal mensal domiciliar per capita,Mais de 5 a 10 salários mínimos
Distribuição por faixas de renda,2022,Município,2513505,Santana de Mangueira (PB),"Moradores em domicílios particulares permanentes ocupados, exclusive os cuja condição no domicílio era pensionista, empregado(a) doméstico(a) ou parente do(a) empregado(a) doméstico(a)",Pessoas,0,Classes de rendimento nominal mensal domiciliar per capita,Mais de 5 a 10 salários mínimos
Distribuição por faixas de renda,2022,Município,2513604,Santana dos Garrotes (PB),"Moradores em domicílios particulares permanentes ocupados, exclusive os cuja condição no domicílio era pensionista, empregado(a) doméstico(a) ou parente do(a) empregado(a) doméstico(a)",Pessoas,14,Classes de rendimento nominal mensal domiciliar per capita,Mais de 5 a 10 salários mínimos
Distribuição por faixas de renda,2022,Município,2513653,Joca Claudino (PB),"Moradores em domicílios particulares permanentes ocupados, exclusive os cuja condição no domicílio era pensionista, empregado(a) doméstico(a) ou parente do(a) empregado(a) doméstico(a)",Pessoas,0,Classes de rendimento nominal mensal domiciliar per capita,Mais de 5 a 10 salários mínimos
Distribuição por faixas de renda,2022,Município,2513703,Santa Rita (PB),"Moradores em domicílios particulares permanentes ocupados, exclusive os cuja condição no domicílio era pensionista, empregado(a) doméstico(a) ou parente do(a) empregado(a) doméstico(a)",Pessoas,206,Classes de rendimento nominal mensal domiciliar per capita,Mais de 5 a 10 salários mínimos
Distribuição por faixas de renda,2022,Município,2513802,Santa Teresinha (PB),"Moradores em domicílios particulares permanentes ocupados, exclusive os cuja condição no domicílio era pensionista, empregado(a) doméstico(a) ou parente do(a) empregado(a) doméstico(a)",Pessoas,8,Classes de rendimento nominal mensal domiciliar per capita,Mais de 5 a 10 salários mínimos
Distribuição por faixas de renda,2022,Município,2513851,Santo André (PB),"Moradores em domicílios particulares permanentes ocupados, exclusive os cuja condição no domicílio era pensionista, empregado(a) doméstico(a) ou parente do(a) empregado(a) doméstico(a)",Pessoas,12,Classes de rendimento nominal mensal domiciliar per capita,Mais de 5 a 10 salários mínimos
Distribuição por faixas de renda,2022,Município,2513901,São Bento (PB),"Moradores em domicílios particulares permanentes ocupados, exclusive os cuja condição no domicílio era pensionista, empregado(a) doméstico(a) ou parente do(a) empregado(a) doméstico(a)",Pessoas,106,Classes de rendimento nominal mensal domiciliar per capita,Mais de 5 a 10 salários mínimos
Distribuição por faixas de renda,2022,Município,2513927,São Bentinho (PB),"Moradores em domicílios particulares permanentes ocupados, exclusive os cuja condição no domicílio era pensionista, empregado(a) doméstico(a) ou parente do(a) empregado(a) doméstico(a)",Pessoas,4,Classes de rendimento nominal mensal domiciliar per capita,Mais de 5 a 10 salários mínimos
Distribuição por faixas de renda,2022,Município,2513943,São Domingos do Cariri (PB),"Moradores em domicílios particulares permanentes ocupados, exclusive os cuja condição no domicílio era pensionista, empregado(a) doméstico(a) ou parente do(a) empregado(a) doméstico(a)",Pessoas,4,Classes de rendimento nominal mensal domiciliar per capita,Mais de 5 a 10 salários mínimos
Distribuição por faixas de renda,2022,Município,2513968,São Domingos (PB),"Moradores em domicílios particulares permanentes ocupados, exclusive os cuja condição no domicílio era pensionista, empregado(a) doméstico(a) ou parente do(a) empregado(a) doméstico(a)",Pessoas,0,Classes de rendimento nominal mensal domiciliar per capita,Mais de 5 a 10 salários mínimos
Distribuição por faixas de renda,2022,Município,2513984,São Francisco (PB),"Moradores em domicílios particulares permanentes ocupados, exclusive os cuja condição no domicílio era pensionista, empregado(a) doméstico(a) ou parente do(a) empregado(a) doméstico(a)",Pessoas,0,Classes de rendimento nominal mensal domiciliar per capita,Mais de 5 a 10 salários mínimos
Distribuição por faixas de renda,2022,Município,2514008,São João do Cariri (PB),"Moradores em domicílios particulares permanentes ocupados, exclusive os cuja condição no domicílio era pensionista, empregado(a) doméstico(a) ou parente do(a) empregado(a) doméstico(a)",Pessoas,10,Classes de rendimento nominal mensal domiciliar per capita,Mais de 5 a 10 salários mínimos
Distribuição por faixas de renda,2022,Município,2514107,São João do Tigre (PB),"Moradores em domicílios particulares permanentes ocupados, exclusive os cuja condição no domicílio era pensionista, empregado(a) doméstico(a) ou parente do(a) empregado(a) doméstico(a)",Pessoas,0,Classes de rendimento nominal mensal domiciliar per capita,Mais de 5 a 10 salários mínimos
Distribuição por faixas de renda,2022,Município,2514206,São José da Lagoa Tapada (PB),"Moradores em domicílios particulares permanentes ocupados, exclusive os cuja condição no domicílio era pensionista, empregado(a) doméstico(a) ou parente do(a) empregado(a) doméstico(a)",Pessoas,9,Classes de rendimento nominal mensal domiciliar per capita,Mais de 5 a 10 salários mínimos
Distribuição por faixas de renda,2022,Município,2514305,São José de Caiana (PB),"Moradores em domicílios particulares permanentes ocupados, exclusive os cuja condição no domicílio era pensionista, empregado(a) doméstico(a) ou parente do(a) empregado(a) doméstico(a)",Pessoas,0,Classes de rendimento nominal mensal domiciliar per capita,Mais de 5 a 10 salários mínimos
Distribuição por faixas de renda,2022,Município,2514404,São José de Espinharas (PB),"Moradores em domicílios particulares permanentes ocupados, exclusive os cuja condição no domicílio era pensionista, empregado(a) doméstico(a) ou parente do(a) empregado(a) doméstico(a)",Pessoas,3,Classes de rendimento nominal mensal domiciliar per capita,Mais de 5 a 10 salários mínimos
Distribuição por faixas de renda,2022,Município,2514453,São José dos Ramos (PB),"Moradores em domicílios particulares permanentes ocupados, exclusive os cuja condição no domicílio era pensionista, empregado(a) doméstico(a) ou parente do(a) empregado(a) doméstico(a)",Pessoas,0,Classes de rendimento nominal mensal domiciliar per capita,Mais de 5 a 10 salários mínimos
Distribuição por faixas de renda,2022,Município,2514503,São José de Piranhas (PB),"Moradores em domicílios particulares permanentes ocupados, exclusive os cuja condição no domicílio era pensionista, empregado(a) doméstico(a) ou parente do(a) empregado(a) doméstico(a)",Pessoas,34,Classes de rendimento nominal mensal domiciliar per capita,Mais de 5 a 10 salários mínimos
Distribuição por faixas de renda,2022,Município,2514552,São José de Princesa (PB),"Moradores em domicílios particulares permanentes ocupados, exclusive os cuja condição no domicílio era pensionista, empregado(a) doméstico(a) ou parente do(a) empregado(a) doméstico(a)",Pessoas,0,Classes de rendimento nominal mensal domiciliar per capita,Mais de 5 a 10 salários mínimos
Distribuição por faixas de renda,2022,Município,2514602,São José do Bonfim (PB),"Moradores em domicílios particulares permanentes ocupados, exclusive os cuja condição no domicílio era pensionista, empregado(a) doméstico(a) ou parente do(a) empregado(a) doméstico(a)",Pessoas,0,Classes de rendimento nominal mensal domiciliar per capita,Mais de 5 a 10 salários mínimos
Distribuição por faixas de renda,2022,Município,2514651,São José do Brejo do Cruz (PB),"Moradores em domicílios particulares permanentes ocupados, exclusive os cuja condição no domicílio era pensionista, empregado(a) doméstico(a) ou parente do(a) empregado(a) doméstico(a)",Pessoas,4,Classes de rendimento nominal mensal domiciliar per capita,Mais de 5 a 10 salários mínimos
Distribuição por faixas de renda,2022,Município,2514701,São José do Sabugi (PB),"Moradores em domicílios particulares permanentes ocupados, exclusive os cuja condição no domicílio era pensionista, empregado(a) doméstico(a) ou parente do(a) empregado(a) doméstico(a)",Pessoas,0,Classes de rendimento nominal mensal domiciliar per capita,Mais de 5 a 10 salários mínimos
Distribuição por faixas de renda,2022,Município,2514800,São José dos Cordeiros (PB),"Moradores em domicílios particulares permanentes ocupados, exclusive os cuja condição no domicílio era pensionista, empregado(a) doméstico(a) ou parente do(a) empregado(a) doméstico(a)",Pessoas,0,Classes de rendimento nominal mensal domiciliar per capita,Mais de 5 a 10 salários mínimos
Distribuição por faixas de renda,2022,Município,2514909,São Mamede (PB),"Moradores em domicílios particulares permanentes ocupados, exclusive os cuja condição no domicílio era pensionista, empregado(a) doméstico(a) ou parente do(a) empregado(a) doméstico(a)",Pessoas,40,Classes de rendimento nominal mensal domiciliar per capita,Mais de 5 a 10 salários mínimos
Distribuição por faixas de renda,2022,Município,2515005,São Miguel de Taipu (PB),"Moradores em domicílios particulares permanentes ocupados, exclusive os cuja condição no domicílio era pensionista, empregado(a) doméstico(a) ou parente do(a) empregado(a) doméstico(a)",Pessoas,55,Classes de rendimento nominal mensal domiciliar per capita,Mais de 5 a 10 salários mínimos
Distribuição por faixas de renda,2022,Município,2515104,São Sebastião de Lagoa de Roça (PB),"Moradores em domicílios particulares permanentes ocupados, exclusive os cuja condição no domicílio era pensionista, empregado(a) doméstico(a) ou parente do(a) empregado(a) doméstico(a)",Pessoas,18,Classes de rendimento nominal mensal domiciliar per capita,Mais de 5 a 10 salários mínimos
Distribuição por faixas de renda,2022,Município,2515203,São Sebastião do Umbuzeiro (PB),"Moradores em domicílios particulares permanentes ocupados, exclusive os cuja condição no domicílio era pensionista, empregado(a) doméstico(a) ou parente do(a) empregado(a) doméstico(a)",Pessoas,0,Classes de rendimento nominal mensal domiciliar per capita,Mais de 5 a 10 salários mínimos
Distribuição por faixas de renda,2022,Município,2515302,Sapé (PB),"Moradores em domicílios particulares permanentes ocupados, exclusive os cuja condição no domicílio era pensionista, empregado(a) doméstico(a) ou parente do(a) empregado(a) doméstico(a)",Pessoas,115,Classes de rendimento nominal mensal domiciliar per capita,Mais de 5 a 10 salários mínimos
Distribuição por faixas de renda,2022,Município,2515401,São Vicente do Seridó (PB),"Moradores em domicílios particulares permanentes ocupados, exclusive os cuja condição no domicílio era pensionista, empregado(a) doméstico(a) ou parente do(a) empregado(a) doméstico(a)",Pessoas,0,Classes de rendimento nominal mensal domiciliar per capita,Mais de 5 a 10 salários mínimos
Distribuição por faixas de renda,2022,Município,2515500,Serra Branca (PB),"Moradores em domicílios particulares permanentes ocupados, exclusive os cuja condição no domicílio era pensionista, empregado(a) doméstico(a) ou parente do(a) empregado(a) doméstico(a)",Pessoas,37,Classes de rendimento nominal mensal domiciliar per capita,Mais de 5 a 10 salários mínimos
Distribuição por faixas de renda,2022,Município,2515609,Serra da Raiz (PB),"Moradores em domicílios particulares permanentes ocupados, exclusive os cuja condição no domicílio era pensionista, empregado(a) doméstico(a) ou parente do(a) empregado(a) doméstico(a)",Pessoas,23,Classes de rendimento nominal mensal domiciliar per capita,Mais de 5 a 10 salários mínimos
Distribuição por faixas de renda,2022,Município,2515708,Serra Grande (PB),"Moradores em domicílios particulares permanentes ocupados, exclusive os cuja condição no domicílio era pensionista, empregado(a) doméstico(a) ou parente do(a) empregado(a) doméstico(a)",Pessoas,0,Classes de rendimento nominal mensal domiciliar per capita,Mais de 5 a 10 salários mínimos
Distribuição por faixas de renda,2022,Município,2515807,Serra Redonda (PB),"Moradores em domicílios particulares permanentes ocupados, exclusive os cuja condição no domicílio era pensionista, empregado(a) doméstico(a) ou parente do(a) empregado(a) doméstico(a)",Pessoas,20,Classes de rendimento nominal mensal domiciliar per capita,Mais de 5 a 10 salários mínimos
Distribuição por faixas de renda,2022,Município,2515906,Serraria (PB),"Moradores em domicílios particulares permanentes ocupados, exclusive os cuja condição no domicílio era pensionista, empregado(a) doméstico(a) ou parente do(a) empregado(a) doméstico(a)",Pessoas,0,Classes de rendimento nominal mensal domiciliar per capita,Mais de 5 a 10 salários mínimos
Distribuição por faixas de renda,2022,Município,2515930,Sertãozinho (PB),"Moradores em domicílios particulares permanentes ocupados, exclusive os cuja condição no domicílio era pensionista, empregado(a) doméstico(a) ou parente do(a) empregado(a) doméstico(a)",Pessoas,18,Classes de rendimento nominal mensal domiciliar per capita,Mais de 5 a 10 salários mínimos
Distribuição por faixas de renda,2022,Município,2515971,Sobrado (PB),"Moradores em domicílios particulares permanentes ocupados, exclusive os cuja condição no domicílio era pensionista, empregado(a) doméstico(a) ou parente do(a) empregado(a) doméstico(a)",Pessoas,12,Classes de rendimento nominal mensal domiciliar per capita,Mais de 5 a 10 salários mínimos
Distribuição por faixas de renda,2022,Município,2516003,Solânea (PB),"Moradores em domicílios particulares permanentes ocupados, exclusive os cuja condição no domicílio era pensionista, empregado(a) doméstico(a) ou parente do(a) empregado(a) doméstico(a)",Pessoas,135,Classes de rendimento nominal mensal domiciliar per capita,Mais de 5 a 10 salários mínimos
Distribuição por faixas de renda,2022,Município,2516102,Soledade (PB),"Moradores em domicílios particulares permanentes ocupados, exclusive os cuja condição no domicílio era pensionista, empregado(a) doméstico(a) ou parente do(a) empregado(a) doméstico(a)",Pessoas,23,Classes de rendimento nominal mensal domiciliar per capita,Mais de 5 a 10 salários mínimos
Distribuição por faixas de renda,2022,Município,2516151,Sossêgo (PB),"Moradores em domicílios particulares permanentes ocupados, exclusive os cuja condição no domicílio era pensionista, empregado(a) doméstico(a) ou parente do(a) empregado(a) doméstico(a)",Pessoas,0,Classes de rendimento nominal mensal domiciliar per capita,Mais de 5 a 10 salários mínimos
Distribuição por faixas de renda,2022,Município,2516201,Sousa (PB),"Moradores em domicílios particulares permanentes ocupados, exclusive os cuja condição no domicílio era pensionista, empregado(a) doméstico(a) ou parente do(a) empregado(a) doméstico(a)",Pessoas,624,Classes de rendimento nominal mensal domiciliar per capita,Mais de 5 a 10 salários mínimos
Distribuição por faixas de renda,2022,Município,2516300,Sumé (PB),"Moradores em domicílios particulares permanentes ocupados, exclusive os cuja condição no domicílio era pensionista, empregado(a) doméstico(a) ou parente do(a) empregado(a) doméstico(a)",Pessoas,104,Classes de rendimento nominal mensal domiciliar per capita,Mais de 5 a 10 salários mínimos
Distribuição por faixas de renda,2022,Município,2516409,Tacima (PB),"Moradores em domicílios particulares permanentes ocupados, exclusive os cuja condição no domicílio era pensionista, empregado(a) doméstico(a) ou parente do(a) empregado(a) doméstico(a)",Pessoas,0,Classes de rendimento nominal mensal domiciliar per capita,Mais de 5 a 10 salários mínimos
Distribuição por faixas de renda,2022,Município,2516508,Taperoá (PB),"Moradores em domicílios particulares permanentes ocupados, exclusive os cuja condição no domicílio era pensionista, empregado(a) doméstico(a) ou parente do(a) empregado(a) doméstico(a)",Pessoas,21,Classes de rendimento nominal mensal domiciliar per capita,Mais de 5 a 10 salários mínimos
Distribuição por faixas de renda,2022,Município,2516607,Tavares (PB),"Moradores em domicílios particulares permanentes ocupados, exclusive os cuja condição no domicílio era pensionista, empregado(a) doméstico(a) ou parente do(a) empregado(a) doméstico(a)",Pessoas,49,Classes de rendimento nominal mensal domiciliar per capita,Mais de 5 a 10 salários mínimos
Distribuição por faixas de renda,2022,Município,2516706,Teixeira (PB),"Moradores em domicílios particulares permanentes ocupados, exclusive os cuja condição no domicílio era pensionista, empregado(a) doméstico(a) ou parente do(a) empregado(a) doméstico(a)",Pessoas,6,Classes de rendimento nominal mensal domiciliar per capita,Mais de 5 a 10 salários mínimos
Distribuição por faixas de renda,2022,Município,2516755,Tenório (PB),"Moradores em domicílios particulares permanentes ocupados, exclusive os cuja condição no domicílio era pensionista, empregado(a) doméstico(a) ou parente do(a) empregado(a) doméstico(a)",Pessoas,0,Classes de rendimento nominal mensal domiciliar per capita,Mais de 5 a 10 salários mínimos
Distribuição por faixas de renda,2022,Município,2516805,Triunfo (PB),"Moradores em domicílios particulares permanentes ocupados, exclusive os cuja condição no domicílio era pensionista, empregado(a) doméstico(a) ou parente do(a) empregado(a) doméstico(a)",Pessoas,5,Classes de rendimento nominal mensal domiciliar per capita,Mais de 5 a 10 salários mínimos
Distribuição por faixas de renda,2022,Município,2516904,Uiraúna (PB),"Moradores em domicílios particulares permanentes ocupados, exclusive os cuja condição no domicílio era pensionista, empregado(a) doméstico(a) ou parente do(a) empregado(a) doméstico(a)",Pessoas,99,Classes de rendimento nominal mensal domiciliar per capita,Mais de 5 a 10 salários mínimos
Distribuição por faixas de renda,2022,Município,2517001,Umbuzeiro (PB),"Moradores em domicílios particulares permanentes ocupados, exclusive os cuja condição no domicílio era pensionista, empregado(a) doméstico(a) ou parente do(a) empregado(a) doméstico(a)",Pessoas,40,Classes de rendimento nominal mensal domiciliar per capita,Mais de 5 a 10 salários mínimos
Distribuição por faixas de renda,2022,Município,2517100,Várzea (PB),"Moradores em domicílios particulares permanentes ocupados, exclusive os cuja condição no domicílio era pensionista, empregado(a) doméstico(a) ou parente do(a) empregado(a) doméstico(a)",Pessoas,24,Classes de rendimento nominal mensal domiciliar per capita,Mais de 5 a 10 salários mínimos
Distribuição por faixas de renda,2022,Município,2517209,Vieirópolis (PB),"Moradores em domicílios particulares permanentes ocupados, exclusive os cuja condição no domicílio era pensionista, empregado(a) doméstico(a) ou parente do(a) empregado(a) doméstico(a)",Pessoas,0,Classes de rendimento nominal mensal domiciliar per capita,Mais de 5 a 10 salários mínimos
Distribuição por faixas de renda,2022,Município,2517407,Zabelê (PB),"Moradores em domicílios particulares permanentes ocupados, exclusive os cuja condição no domicílio era pensionista, empregado(a) doméstico(a) ou parente do(a) empregado(a) doméstico(a)",Pessoas,5,Classes de rendimento nominal mensal domiciliar per capita,Mais de 5 a 10 salários mínimos
Distribuição por faixas de renda,2022,Unidade da Federação,25,Paraíba,"Moradores em domicílios particulares permanentes ocupados, exclusive os cuja condição no domicílio era pensionista, empregado(a) doméstico(a) ou parente do(a) empregado(a) doméstico(a)",Pessoas,11120,Classes de rendimento nominal mensal domiciliar per capita,Mais de 10 a 15 salários mínimos
Distribuição por faixas de renda,2022,Município,2500106,Água Branca (PB),"Moradores em domicílios particulares permanentes ocupados, exclusive os cuja condição no domicílio era pensionista, empregado(a) doméstico(a) ou parente do(a) empregado(a) doméstico(a)",Pessoas,0,Classes de rendimento nominal mensal domiciliar per capita,Mais de 10 a 15 salários mínimos
Distribuição por faixas de renda,2022,Município,2500205,Aguiar (PB),"Moradores em domicílios particulares permanentes ocupados, exclusive os cuja condição no domicílio era pensionista, empregado(a) doméstico(a) ou parente do(a) empregado(a) doméstico(a)",Pessoas,0,Classes de rendimento nominal mensal domiciliar per capita,Mais de 10 a 15 salários mínimos
Distribuição por faixas de renda,2022,Município,2500304,Alagoa Grande (PB),"Moradores em domicílios particulares permanentes ocupados, exclusive os cuja condição no domicílio era pensionista, empregado(a) doméstico(a) ou parente do(a) empregado(a) doméstico(a)",Pessoas,21,Classes de rendimento nominal mensal domiciliar per capita,Mais de 10 a 15 salários mínimos
Distribuição por faixas de renda,2022,Município,2500403,Alagoa Nova (PB),"Moradores em domicílios particulares permanentes ocupados, exclusive os cuja condição no domicílio era pensionista, empregado(a) doméstico(a) ou parente do(a) empregado(a) doméstico(a)",Pessoas,0,Classes de rendimento nominal mensal domiciliar per capita,Mais de 10 a 15 salários mínimos
Distribuição por faixas de renda,2022,Município,2500502,Alagoinha (PB),"Moradores em domicílios particulares permanentes ocupados, exclusive os cuja condição no domicílio era pensionista, empregado(a) doméstico(a) ou parente do(a) empregado(a) doméstico(a)",Pessoas,0,Classes de rendimento nominal mensal domiciliar per capita,Mais de 10 a 15 salários mínimos
Distribuição por faixas de renda,2022,Município,2500536,Alcantil (PB),"Moradores em domicílios particulares permanentes ocupados, exclusive os cuja condição no domicílio era pensionista, empregado(a) doméstico(a) ou parente do(a) empregado(a) doméstico(a)",Pessoas,0,Classes de rendimento nominal mensal domiciliar per capita,Mais de 10 a 15 salários mínimos
Distribuição por faixas de renda,2022,Município,2500577,Algodão de Jandaíra (PB),"Moradores em domicílios particulares permanentes ocupados, exclusive os cuja condição no domicílio era pensionista, empregado(a) doméstico(a) ou parente do(a) empregado(a) doméstico(a)",Pessoas,0,Classes de rendimento nominal mensal domiciliar per capita,Mais de 10 a 15 salários mínimos
Distribuição por faixas de renda,2022,Município,2500601,Alhandra (PB),"Moradores em domicílios particulares permanentes ocupados, exclusive os cuja condição no domicílio era pensionista, empregado(a) doméstico(a) ou parente do(a) empregado(a) doméstico(a)",Pessoas,22,Classes de rendimento nominal mensal domiciliar per capita,Mais de 10 a 15 salários mínimos
Distribuição por faixas de renda,2022,Município,2500700,São João do Rio do Peixe (PB),"Moradores em domicílios particulares permanentes ocupados, exclusive os cuja condição no domicílio era pensionista, empregado(a) doméstico(a) ou parente do(a) empregado(a) doméstico(a)",Pessoas,0,Classes de rendimento nominal mensal domiciliar per capita,Mais de 10 a 15 salários mínimos
Distribuição por faixas de renda,2022,Município,2500734,Amparo (PB),"Moradores em domicílios particulares permanentes ocupados, exclusive os cuja condição no domicílio era pensionista, empregado(a) doméstico(a) ou parente do(a) empregado(a) doméstico(a)",Pessoas,0,Classes de rendimento nominal mensal domiciliar per capita,Mais de 10 a 15 salários mínimos
Distribuição por faixas de renda,2022,Município,2500775,Aparecida (PB),"Moradores em domicílios particulares permanentes ocupados, exclusive os cuja condição no domicílio era pensionista, empregado(a) doméstico(a) ou parente do(a) empregado(a) doméstico(a)",Pessoas,0,Classes de rendimento nominal mensal domiciliar per capita,Mais de 10 a 15 salários mínimos
Distribuição por faixas de renda,2022,Município,2500809,Araçagi (PB),"Moradores em domicílios particulares permanentes ocupados, exclusive os cuja condição no domicílio era pensionista, empregado(a) doméstico(a) ou parente do(a) empregado(a) doméstico(a)",Pessoas,0,Classes de rendimento nominal mensal domiciliar per capita,Mais de 10 a 15 salários mínimos
Distribuição por faixas de renda,2022,Município,2500908,Arara (PB),"Moradores em domicílios particulares permanentes ocupados, exclusive os cuja condição no domicílio era pensionista, empregado(a) doméstico(a) ou parente do(a) empregado(a) doméstico(a)",Pessoas,14,Classes de rendimento nominal mensal domiciliar per capita,Mais de 10 a 15 salários mínimos
Distribuição por faixas de renda,2022,Município,2501005,Araruna (PB),"Moradores em domicílios particulares permanentes ocupados, exclusive os cuja condição no domicílio era pensionista, empregado(a) doméstico(a) ou parente do(a) empregado(a) doméstico(a)",Pessoas,0,Classes de rendimento nominal mensal domiciliar per capita,Mais de 10 a 15 salários mínimos
Distribuição por faixas de renda,2022,Município,2501104,Areia (PB),"Moradores em domicílios particulares permanentes ocupados, exclusive os cuja condição no domicílio era pensionista, empregado(a) doméstico(a) ou parente do(a) empregado(a) doméstico(a)",Pessoas,35,Classes de rendimento nominal mensal domiciliar per capita,Mais de 10 a 15 salários mínimos
Distribuição por faixas de renda,2022,Município,2501153,Areia de Baraúnas (PB),"Moradores em domicílios particulares permanentes ocupados, exclusive os cuja condição no domicílio era pensionista, empregado(a) doméstico(a) ou parente do(a) empregado(a) doméstico(a)",Pessoas,0,Classes de rendimento nominal mensal domiciliar per capita,Mais de 10 a 15 salários mínimos
Distribuição por faixas de renda,2022,Município,2501203,Areial (PB),"Moradores em domicílios particulares permanentes ocupados, exclusive os cuja condição no domicílio era pensionista, empregado(a) doméstico(a) ou parente do(a) empregado(a) doméstico(a)",Pessoas,7,Classes de rendimento nominal mensal domiciliar per capita,Mais de 10 a 15 salários mínimos
Distribuição por faixas de renda,2022,Município,2501302,Aroeiras (PB),"Moradores em domicílios particulares permanentes ocupados, exclusive os cuja condição no domicílio era pensionista, empregado(a) doméstico(a) ou parente do(a) empregado(a) doméstico(a)",Pessoas,19,Classes de rendimento nominal mensal domiciliar per capita,Mais de 10 a 15 salários mínimos
Distribuição por faixas de renda,2022,Município,2501351,Assunção (PB),"Moradores em domicílios particulares permanentes ocupados, exclusive os cuja condição no domicílio era pensionista, empregado(a) doméstico(a) ou parente do(a) empregado(a) doméstico(a)",Pessoas,0,Classes de rendimento nominal mensal domiciliar per capita,Mais de 10 a 15 salários mínimos
Distribuição por faixas de renda,2022,Município,2501401,Baía da Traição (PB),"Moradores em domicílios particulares permanentes ocupados, exclusive os cuja condição no domicílio era pensionista, empregado(a) doméstico(a) ou parente do(a) empregado(a) doméstico(a)",Pessoas,0,Classes de rendimento nominal mensal domiciliar per capita,Mais de 10 a 15 salários mínimos
Distribuição por faixas de renda,2022,Município,2501500,Bananeiras (PB),"Moradores em domicílios particulares permanentes ocupados, exclusive os cuja condição no domicílio era pensionista, empregado(a) doméstico(a) ou parente do(a) empregado(a) doméstico(a)",Pessoas,30,Classes de rendimento nominal mensal domiciliar per capita,Mais de 10 a 15 salários mínimos
Distribuição por faixas de renda,2022,Município,2501534,Baraúna (PB),"Moradores em domicílios particulares permanentes ocupados, exclusive os cuja condição no domicílio era pensionista, empregado(a) doméstico(a) ou parente do(a) empregado(a) doméstico(a)",Pessoas,0,Classes de rendimento nominal mensal domiciliar per capita,Mais de 10 a 15 salários mínimos
Distribuição por faixas de renda,2022,Município,2501575,Barra de Santana (PB),"Moradores em domicílios particulares permanentes ocupados, exclusive os cuja condição no domicílio era pensionista, empregado(a) doméstico(a) ou parente do(a) empregado(a) doméstico(a)",Pessoas,13,Classes de rendimento nominal mensal domiciliar per capita,Mais de 10 a 15 salários mínimos
Distribuição por faixas de renda,2022,Município,2501609,Barra de Santa Rosa (PB),"Moradores em domicílios particulares permanentes ocupados, exclusive os cuja condição no domicílio era pensionista, empregado(a) doméstico(a) ou parente do(a) empregado(a) doméstico(a)",Pessoas,12,Classes de rendimento nominal mensal domiciliar per capita,Mais de 10 a 15 salários mínimos
Distribuição por faixas de renda,2022,Município,2501708,Barra de São Miguel (PB),"Moradores em domicílios particulares permanentes ocupados, exclusive os cuja condição no domicílio era pensionista, empregado(a) doméstico(a) ou parente do(a) empregado(a) doméstico(a)",Pessoas,0,Classes de rendimento nominal mensal domiciliar per capita,Mais de 10 a 15 salários mínimos
Distribuição por faixas de renda,2022,Município,2501807,Bayeux (PB),"Moradores em domicílios particulares permanentes ocupados, exclusive os cuja condição no domicílio era pensionista, empregado(a) doméstico(a) ou parente do(a) empregado(a) doméstico(a)",Pessoas,30,Classes de rendimento nominal mensal domiciliar per capita,Mais de 10 a 15 salários mínimos
Distribuição por faixas de renda,2022,Município,2501906,Belém (PB),"Moradores em domicílios particulares permanentes ocupados, exclusive os cuja condição no domicílio era pensionista, empregado(a) doméstico(a) ou parente do(a) empregado(a) doméstico(a)",Pessoas,17,Classes de rendimento nominal mensal domiciliar per capita,Mais de 10 a 15 salários mínimos
Distribuição por faixas de renda,2022,Município,2502003,Belém do Brejo do Cruz (PB),"Moradores em domicílios particulares permanentes ocupados, exclusive os cuja condição no domicílio era pensionista, empregado(a) doméstico(a) ou parente do(a) empregado(a) doméstico(a)",Pessoas,0,Classes de rendimento nominal mensal domiciliar per capita,Mais de 10 a 15 salários mínimos
Distribuição por faixas de renda,2022,Município,2502052,Bernardino Batista (PB),"Moradores em domicílios particulares permanentes ocupados, exclusive os cuja condição no domicílio era pensionista, empregado(a) doméstico(a) ou parente do(a) empregado(a) doméstico(a)",Pessoas,0,Classes de rendimento nominal mensal domiciliar per capita,Mais de 10 a 15 salários mínimos
Distribuição por faixas de renda,2022,Município,2502102,Boa Ventura (PB),"Moradores em domicílios particulares permanentes ocupados, exclusive os cuja condição no domicílio era pensionista, empregado(a) doméstico(a) ou parente do(a) empregado(a) doméstico(a)",Pessoas,0,Classes de rendimento nominal mensal domiciliar per capita,Mais de 10 a 15 salários mínimos
Distribuição por faixas de renda,2022,Município,2502151,Boa Vista (PB),"Moradores em domicílios particulares permanentes ocupados, exclusive os cuja condição no domicílio era pensionista, empregado(a) doméstico(a) ou parente do(a) empregado(a) doméstico(a)",Pessoas,6,Classes de rendimento nominal mensal domiciliar per capita,Mais de 10 a 15 salários mínimos
Distribuição por faixas de renda,2022,Município,2502201,Bom Jesus (PB),"Moradores em domicílios particulares permanentes ocupados, exclusive os cuja condição no domicílio era pensionista, empregado(a) doméstico(a) ou parente do(a) empregado(a) doméstico(a)",Pessoas,0,Classes de rendimento nominal mensal domiciliar per capita,Mais de 10 a 15 salários mínimos
Distribuição por faixas de renda,2022,Município,2502300,Bom Sucesso (PB),"Moradores em domicílios particulares permanentes ocupados, exclusive os cuja condição no domicílio era pensionista, empregado(a) doméstico(a) ou parente do(a) empregado(a) doméstico(a)",Pessoas,0,Classes de rendimento nominal mensal domiciliar per capita,Mais de 10 a 15 salários mínimos
Distribuição por faixas de renda,2022,Município,2502409,Bonito de Santa Fé (PB),"Moradores em domicílios particulares permanentes ocupados, exclusive os cuja condição no domicílio era pensionista, empregado(a) doméstico(a) ou parente do(a) empregado(a) doméstico(a)",Pessoas,0,Classes de rendimento nominal mensal domiciliar per capita,Mais de 10 a 15 salários mínimos
Distribuição por faixas de renda,2022,Município,2502508,Boqueirão (PB),"Moradores em domicílios particulares permanentes ocupados, exclusive os cuja condição no domicílio era pensionista, empregado(a) doméstico(a) ou parente do(a) empregado(a) doméstico(a)",Pessoas,0,Classes de rendimento nominal mensal domiciliar per capita,Mais de 10 a 15 salários mínimos
Distribuição por faixas de renda,2022,Município,2502607,Igaracy (PB),"Moradores em domicílios particulares permanentes ocupados, exclusive os cuja condição no domicílio era pensionista, empregado(a) doméstico(a) ou parente do(a) empregado(a) doméstico(a)",Pessoas,0,Classes de rendimento nominal mensal domiciliar per capita,Mais de 10 a 15 salários mínimos
Distribuição por faixas de renda,2022,Município,2502706,Borborema (PB),"Moradores em domicílios particulares permanentes ocupados, exclusive os cuja condição no domicílio era pensionista, empregado(a) doméstico(a) ou parente do(a) empregado(a) doméstico(a)",Pessoas,0,Classes de rendimento nominal mensal domiciliar per capita,Mais de 10 a 15 salários mínimos
Distribuição por faixas de renda,2022,Município,2502805,Brejo do Cruz (PB),"Moradores em domicílios particulares permanentes ocupados, exclusive os cuja condição no domicílio era pensionista, empregado(a) doméstico(a) ou parente do(a) empregado(a) doméstico(a)",Pessoas,0,Classes de rendimento nominal mensal domiciliar per capita,Mais de 10 a 15 salários mínimos
Distribuição por faixas de renda,2022,Município,2502904,Brejo dos Santos (PB),"Moradores em domicílios particulares permanentes ocupados, exclusive os cuja condição no domicílio era pensionista, empregado(a) doméstico(a) ou parente do(a) empregado(a) doméstico(a)",Pessoas,0,Classes de rendimento nominal mensal domiciliar per capita,Mais de 10 a 15 salários mínimos
Distribuição por faixas de renda,2022,Município,2503001,Caaporã (PB),"Moradores em domicílios particulares permanentes ocupados, exclusive os cuja condição no domicílio era pensionista, empregado(a) doméstico(a) ou parente do(a) empregado(a) doméstico(a)",Pessoas,0,Classes de rendimento nominal mensal domiciliar per capita,Mais de 10 a 15 salários mínimos
Distribuição por faixas de renda,2022,Município,2503100,Cabaceiras (PB),"Moradores em domicílios particulares permanentes ocupados, exclusive os cuja condição no domicílio era pensionista, empregado(a) doméstico(a) ou parente do(a) empregado(a) doméstico(a)",Pessoas,0,Classes de rendimento nominal mensal domiciliar per capita,Mais de 10 a 15 salários mínimos
Distribuição por faixas de renda,2022,Município,2503209,Cabedelo (PB),"Moradores em domicílios particulares permanentes ocupados, exclusive os cuja condição no domicílio era pensionista, empregado(a) doméstico(a) ou parente do(a) empregado(a) doméstico(a)",Pessoas,437,Classes de rendimento nominal mensal domiciliar per capita,Mais de 10 a 15 salários mínimos
Distribuição por faixas de renda,2022,Município,2503308,Cachoeira dos Índios (PB),"Moradores em domicílios particulares permanentes ocupados, exclusive os cuja condição no domicílio era pensionista, empregado(a) doméstico(a) ou parente do(a) empregado(a) doméstico(a)",Pessoas,6,Classes de rendimento nominal mensal domiciliar per capita,Mais de 10 a 15 salários mínimos
Distribuição por faixas de renda,2022,Município,2503407,Cacimba de Areia (PB),"Moradores em domicílios particulares permanentes ocupados, exclusive os cuja condição no domicílio era pensionista, empregado(a) doméstico(a) ou parente do(a) empregado(a) doméstico(a)",Pessoas,0,Classes de rendimento nominal mensal domiciliar per capita,Mais de 10 a 15 salários mínimos
Distribuição por faixas de renda,2022,Município,2503506,Cacimba de Dentro (PB),"Moradores em domicílios particulares permanentes ocupados, exclusive os cuja condição no domicílio era pensionista, empregado(a) doméstico(a) ou parente do(a) empregado(a) doméstico(a)",Pessoas,16,Classes de rendimento nominal mensal domiciliar per capita,Mais de 10 a 15 salários mínimos
Distribuição por faixas de renda,2022,Município,2503555,Cacimbas (PB),"Moradores em domicílios particulares permanentes ocupados, exclusive os cuja condição no domicílio era pensionista, empregado(a) doméstico(a) ou parente do(a) empregado(a) doméstico(a)",Pessoas,0,Classes de rendimento nominal mensal domiciliar per capita,Mais de 10 a 15 salários mínimos
Distribuição por faixas de renda,2022,Município,2503605,Caiçara (PB),"Moradores em domicílios particulares permanentes ocupados, exclusive os cuja condição no domicílio era pensionista, empregado(a) doméstico(a) ou parente do(a) empregado(a) doméstico(a)",Pessoas,0,Classes de rendimento nominal mensal domiciliar per capita,Mais de 10 a 15 salários mínimos
Distribuição por faixas de renda,2022,Município,2503704,Cajazeiras (PB),"Moradores em domicílios particulares permanentes ocupados, exclusive os cuja condição no domicílio era pensionista, empregado(a) doméstico(a) ou parente do(a) empregado(a) doméstico(a)",Pessoas,100,Classes de rendimento nominal mensal domiciliar per capita,Mais de 10 a 15 salários mínimos
Distribuição por faixas de renda,2022,Município,2503753,Cajazeirinhas (PB),"Moradores em domicílios particulares permanentes ocupados, exclusive os cuja condição no domicílio era pensionista, empregado(a) doméstico(a) ou parente do(a) empregado(a) doméstico(a)",Pessoas,0,Classes de rendimento nominal mensal domiciliar per capita,Mais de 10 a 15 salários mínimos
Distribuição por faixas de renda,2022,Município,2503803,Caldas Brandão (PB),"Moradores em domicílios particulares permanentes ocupados, exclusive os cuja condição no domicílio era pensionista, empregado(a) doméstico(a) ou parente do(a) empregado(a) doméstico(a)",Pessoas,0,Classes de rendimento nominal mensal domiciliar per capita,Mais de 10 a 15 salários mínimos
Distribuição por faixas de renda,2022,Município,2503902,Camalaú (PB),"Moradores em domicílios particulares permanentes ocupados, exclusive os cuja condição no domicílio era pensionista, empregado(a) doméstico(a) ou parente do(a) empregado(a) doméstico(a)",Pessoas,4,Classes de rendimento nominal mensal domiciliar per capita,Mais de 10 a 15 salários mínimos
Distribuição por faixas de renda,2022,Município,2504009,Campina Grande (PB),"Moradores em domicílios particulares permanentes ocupados, exclusive os cuja condição no domicílio era pensionista, empregado(a) doméstico(a) ou parente do(a) empregado(a) doméstico(a)",Pessoas,1691,Classes de rendimento nominal mensal domiciliar per capita,Mais de 10 a 15 salários mínimos
Distribuição por faixas de renda,2022,Município,2504033,Capim (PB),"Moradores em domicílios particulares permanentes ocupados, exclusive os cuja condição no domicílio era pensionista, empregado(a) doméstico(a) ou parente do(a) empregado(a) doméstico(a)",Pessoas,0,Classes de rendimento nominal mensal domiciliar per capita,Mais de 10 a 15 salários mínimos
Distribuição por faixas de renda,2022,Município,2504074,Caraúbas (PB),"Moradores em domicílios particulares permanentes ocupados, exclusive os cuja condição no domicílio era pensionista, empregado(a) doméstico(a) ou parente do(a) empregado(a) doméstico(a)",Pessoas,0,Classes de rendimento nominal mensal domiciliar per capita,Mais de 10 a 15 salários mínimos
Distribuição por faixas de renda,2022,Município,2504108,Carrapateira (PB),"Moradores em domicílios particulares permanentes ocupados, exclusive os cuja condição no domicílio era pensionista, empregado(a) doméstico(a) ou parente do(a) empregado(a) doméstico(a)",Pessoas,0,Classes de rendimento nominal mensal domiciliar per capita,Mais de 10 a 15 salários mínimos
Distribuição por faixas de renda,2022,Município,2504157,Casserengue (PB),"Moradores em domicílios particulares permanentes ocupados, exclusive os cuja condição no domicílio era pensionista, empregado(a) doméstico(a) ou parente do(a) empregado(a) doméstico(a)",Pessoas,0,Classes de rendimento nominal mensal domiciliar per capita,Mais de 10 a 15 salários mínimos
Distribuição por faixas de renda,2022,Município,2504207,Catingueira (PB),"Moradores em domicílios particulares permanentes ocupados, exclusive os cuja condição no domicílio era pensionista, empregado(a) doméstico(a) ou parente do(a) empregado(a) doméstico(a)",Pessoas,0,Classes de rendimento nominal mensal domiciliar per capita,Mais de 10 a 15 salários mínimos
Distribuição por faixas de renda,2022,Município,2504306,Catolé do Rocha (PB),"Moradores em domicílios particulares permanentes ocupados, exclusive os cuja condição no domicílio era pensionista, empregado(a) doméstico(a) ou parente do(a) empregado(a) doméstico(a)",Pessoas,79,Classes de rendimento nominal mensal domiciliar per capita,Mais de 10 a 15 salários mínimos
Distribuição por faixas de renda,2022,Município,2504355,Caturité (PB),"Moradores em domicílios particulares permanentes ocupados, exclusive os cuja condição no domicílio era pensionista, empregado(a) doméstico(a) ou parente do(a) empregado(a) doméstico(a)",Pessoas,0,Classes de rendimento nominal mensal domiciliar per capita,Mais de 10 a 15 salários mínimos
Distribuição por faixas de renda,2022,Município,2504405,Conceição (PB),"Moradores em domicílios particulares permanentes ocupados, exclusive os cuja condição no domicílio era pensionista, empregado(a) doméstico(a) ou parente do(a) empregado(a) doméstico(a)",Pessoas,22,Classes de rendimento nominal mensal domiciliar per capita,Mais de 10 a 15 salários mínimos
Distribuição por faixas de renda,2022,Município,2504504,Condado (PB),"Moradores em domicílios particulares permanentes ocupados, exclusive os cuja condição no domicílio era pensionista, empregado(a) doméstico(a) ou parente do(a) empregado(a) doméstico(a)",Pessoas,11,Classes de rendimento nominal mensal domiciliar per capita,Mais de 10 a 15 salários mínimos
Distribuição por faixas de renda,2022,Município,2504603,Conde (PB),"Moradores em domicílios particulares permanentes ocupados, exclusive os cuja condição no domicílio era pensionista, empregado(a) doméstico(a) ou parente do(a) empregado(a) doméstico(a)",Pessoas,51,Classes de rendimento nominal mensal domiciliar per capita,Mais de 10 a 15 salários mínimos
Distribuição por faixas de renda,2022,Município,2504702,Congo (PB),"Moradores em domicílios particulares permanentes ocupados, exclusive os cuja condição no domicílio era pensionista, empregado(a) doméstico(a) ou parente do(a) empregado(a) doméstico(a)",Pessoas,2,Classes de rendimento nominal mensal domiciliar per capita,Mais de 10 a 15 salários mínimos
Distribuição por faixas de renda,2022,Município,2504801,Coremas (PB),"Moradores em domicílios particulares permanentes ocupados, exclusive os cuja condição no domicílio era pensionista, empregado(a) doméstico(a) ou parente do(a) empregado(a) doméstico(a)",Pessoas,0,Classes de rendimento nominal mensal domiciliar per capita,Mais de 10 a 15 salários mínimos
Distribuição por faixas de renda,2022,Município,2504850,Coxixola (PB),"Moradores em domicílios particulares permanentes ocupados, exclusive os cuja condição no domicílio era pensionista, empregado(a) doméstico(a) ou parente do(a) empregado(a) doméstico(a)",Pessoas,0,Classes de rendimento nominal mensal domiciliar per capita,Mais de 10 a 15 salários mínimos
Distribuição por faixas de renda,2022,Município,2504900,Cruz do Espírito Santo (PB),"Moradores em domicílios particulares permanentes ocupados, exclusive os cuja condição no domicílio era pensionista, empregado(a) doméstico(a) ou parente do(a) empregado(a) doméstico(a)",Pessoas,0,Classes de rendimento nominal mensal domiciliar per capita,Mais de 10 a 15 salários mínimos
Distribuição por faixas de renda,2022,Município,2505006,Cubati (PB),"Moradores em domicílios particulares permanentes ocupados, exclusive os cuja condição no domicílio era pensionista, empregado(a) doméstico(a) ou parente do(a) empregado(a) doméstico(a)",Pessoas,0,Classes de rendimento nominal mensal domiciliar per capita,Mais de 10 a 15 salários mínimos
Distribuição por faixas de renda,2022,Município,2505105,Cuité (PB),"Moradores em domicílios particulares permanentes ocupados, exclusive os cuja condição no domicílio era pensionista, empregado(a) doméstico(a) ou parente do(a) empregado(a) doméstico(a)",Pessoas,0,Classes de rendimento nominal mensal domiciliar per capita,Mais de 10 a 15 salários mínimos
Distribuição por faixas de renda,2022,Município,2505204,Cuitegi (PB),"Moradores em domicílios particulares permanentes ocupados, exclusive os cuja condição no domicílio era pensionista, empregado(a) doméstico(a) ou parente do(a) empregado(a) doméstico(a)",Pessoas,0,Classes de rendimento nominal mensal domiciliar per capita,Mais de 10 a 15 salários mínimos
Distribuição por faixas de renda,2022,Município,2505238,Cuité de Mamanguape (PB),"Moradores em domicílios particulares permanentes ocupados, exclusive os cuja condição no domicílio era pensionista, empregado(a) doméstico(a) ou parente do(a) empregado(a) doméstico(a)",Pessoas,0,Classes de rendimento nominal mensal domiciliar per capita,Mais de 10 a 15 salários mínimos
Distribuição por faixas de renda,2022,Município,2505279,Curral de Cima (PB),"Moradores em domicílios particulares permanentes ocupados, exclusive os cuja condição no domicílio era pensionista, empregado(a) doméstico(a) ou parente do(a) empregado(a) doméstico(a)",Pessoas,0,Classes de rendimento nominal mensal domiciliar per capita,Mais de 10 a 15 salários mínimos
Distribuição por faixas de renda,2022,Município,2505303,Curral Velho (PB),"Moradores em domicílios particulares permanentes ocupados, exclusive os cuja condição no domicílio era pensionista, empregado(a) doméstico(a) ou parente do(a) empregado(a) doméstico(a)",Pessoas,0,Classes de rendimento nominal mensal domiciliar per capita,Mais de 10 a 15 salários mínimos
Distribuição por faixas de renda,2022,Município,2505352,Damião (PB),"Moradores em domicílios particulares permanentes ocupados, exclusive os cuja condição no domicílio era pensionista, empregado(a) doméstico(a) ou parente do(a) empregado(a) doméstico(a)",Pessoas,0,Classes de rendimento nominal mensal domiciliar per capita,Mais de 10 a 15 salários mínimos
Distribuição por faixas de renda,2022,Município,2505402,Desterro (PB),"Moradores em domicílios particulares permanentes ocupados, exclusive os cuja condição no domicílio era pensionista, empregado(a) doméstico(a) ou parente do(a) empregado(a) doméstico(a)",Pessoas,0,Classes de rendimento nominal mensal domiciliar per capita,Mais de 10 a 15 salários mínimos
Distribuição por faixas de renda,2022,Município,2505501,Vista Serrana (PB),"Moradores em domicílios particulares permanentes ocupados, exclusive os cuja condição no domicílio era pensionista, empregado(a) doméstico(a) ou parente do(a) empregado(a) doméstico(a)",Pessoas,0,Classes de rendimento nominal mensal domiciliar per capita,Mais de 10 a 15 salários mínimos
Distribuição por faixas de renda,2022,Município,2505600,Diamante (PB),"Moradores em domicílios particulares permanentes ocupados, exclusive os cuja condição no domicílio era pensionista, empregado(a) doméstico(a) ou parente do(a) empregado(a) doméstico(a)",Pessoas,13,Classes de rendimento nominal mensal domiciliar per capita,Mais de 10 a 15 salários mínimos
Distribuição por faixas de renda,2022,Município,2505709,Dona Inês (PB),"Moradores em domicílios particulares permanentes ocupados, exclusive os cuja condição no domicílio era pensionista, empregado(a) doméstico(a) ou parente do(a) empregado(a) doméstico(a)",Pessoas,0,Classes de rendimento nominal mensal domiciliar per capita,Mais de 10 a 15 salários mínimos
Distribuição por faixas de renda,2022,Município,2505808,Duas Estradas (PB),"Moradores em domicílios particulares permanentes ocupados, exclusive os cuja condição no domicílio era pensionista, empregado(a) doméstico(a) ou parente do(a) empregado(a) doméstico(a)",Pessoas,0,Classes de rendimento nominal mensal domiciliar per capita,Mais de 10 a 15 salários mínimos
Distribuição por faixas de renda,2022,Município,2505907,Emas (PB),"Moradores em domicílios particulares permanentes ocupados, exclusive os cuja condição no domicílio era pensionista, empregado(a) doméstico(a) ou parente do(a) empregado(a) doméstico(a)",Pessoas,0,Classes de rendimento nominal mensal domiciliar per capita,Mais de 10 a 15 salários mínimos
Distribuição por faixas de renda,2022,Município,2506004,Esperança (PB),"Moradores em domicílios particulares permanentes ocupados, exclusive os cuja condição no domicílio era pensionista, empregado(a) doméstico(a) ou parente do(a) empregado(a) doméstico(a)",Pessoas,41,Classes de rendimento nominal mensal domiciliar per capita,Mais de 10 a 15 salários mínimos
Distribuição por faixas de renda,2022,Município,2506103,Fagundes (PB),"Moradores em domicílios particulares permanentes ocupados, exclusive os cuja condição no domicílio era pensionista, empregado(a) doméstico(a) ou parente do(a) empregado(a) doméstico(a)",Pessoas,0,Classes de rendimento nominal mensal domiciliar per capita,Mais de 10 a 15 salários mínimos
Distribuição por faixas de renda,2022,Município,2506202,Frei Martinho (PB),"Moradores em domicílios particulares permanentes ocupados, exclusive os cuja condição no domicílio era pensionista, empregado(a) doméstico(a) ou parente do(a) empregado(a) doméstico(a)",Pessoas,0,Classes de rendimento nominal mensal domiciliar per capita,Mais de 10 a 15 salários mínimos
Distribuição por faixas de renda,2022,Município,2506251,Gado Bravo (PB),"Moradores em domicílios particulares permanentes ocupados, exclusive os cuja condição no domicílio era pensionista, empregado(a) doméstico(a) ou parente do(a) empregado(a) doméstico(a)",Pessoas,0,Classes de rendimento nominal mensal domiciliar per capita,Mais de 10 a 15 salários mínimos
Distribuição por faixas de renda,2022,Município,2506301,Guarabira (PB),"Moradores em domicílios particulares permanentes ocupados, exclusive os cuja condição no domicílio era pensionista, empregado(a) doméstico(a) ou parente do(a) empregado(a) doméstico(a)",Pessoas,39,Classes de rendimento nominal mensal domiciliar per capita,Mais de 10 a 15 salários mínimos
Distribuição por faixas de renda,2022,Município,2506400,Gurinhém (PB),"Moradores em domicílios particulares permanentes ocupados, exclusive os cuja condição no domicílio era pensionista, empregado(a) doméstico(a) ou parente do(a) empregado(a) doméstico(a)",Pessoas,0,Classes de rendimento nominal mensal domiciliar per capita,Mais de 10 a 15 salários mínimos
Distribuição por faixas de renda,2022,Município,2506509,Gurjão (PB),"Moradores em domicílios particulares permanentes ocupados, exclusive os cuja condição no domicílio era pensionista, empregado(a) doméstico(a) ou parente do(a) empregado(a) doméstico(a)",Pessoas,0,Classes de rendimento nominal mensal domiciliar per capita,Mais de 10 a 15 salários mínimos
Distribuição por faixas de renda,2022,Município,2506608,Ibiara (PB),"Moradores em domicílios particulares permanentes ocupados, exclusive os cuja condição no domicílio era pensionista, empregado(a) doméstico(a) ou parente do(a) empregado(a) doméstico(a)",Pessoas,0,Classes de rendimento nominal mensal domiciliar per capita,Mais de 10 a 15 salários mínimos
Distribuição por faixas de renda,2022,Município,2506707,Imaculada (PB),"Moradores em domicílios particulares permanentes ocupados, exclusive os cuja condição no domicílio era pensionista, empregado(a) doméstico(a) ou parente do(a) empregado(a) doméstico(a)",Pessoas,0,Classes de rendimento nominal mensal domiciliar per capita,Mais de 10 a 15 salários mínimos
Distribuição por faixas de renda,2022,Município,2506806,Ingá (PB),"Moradores em domicílios particulares permanentes ocupados, exclusive os cuja condição no domicílio era pensionista, empregado(a) doméstico(a) ou parente do(a) empregado(a) doméstico(a)",Pessoas,11,Classes de rendimento nominal mensal domiciliar per capita,Mais de 10 a 15 salários mínimos
Distribuição por faixas de renda,2022,Município,2506905,Itabaiana (PB),"Moradores em domicílios particulares permanentes ocupados, exclusive os cuja condição no domicílio era pensionista, empregado(a) doméstico(a) ou parente do(a) empregado(a) doméstico(a)",Pessoas,0,Classes de rendimento nominal mensal domiciliar per capita,Mais de 10 a 15 salários mínimos
Distribuição por faixas de renda,2022,Município,2507002,Itaporanga (PB),"Moradores em domicílios particulares permanentes ocupados, exclusive os cuja condição no domicílio era pensionista, empregado(a) doméstico(a) ou parente do(a) empregado(a) doméstico(a)",Pessoas,0,Classes de rendimento nominal mensal domiciliar per capita,Mais de 10 a 15 salários mínimos
Distribuição por faixas de renda,2022,Município,2507101,Itapororoca (PB),"Moradores em domicílios particulares permanentes ocupados, exclusive os cuja condição no domicílio era pensionista, empregado(a) doméstico(a) ou parente do(a) empregado(a) doméstico(a)",Pessoas,0,Classes de rendimento nominal mensal domiciliar per capita,Mais de 10 a 15 salários mínimos
Distribuição por faixas de renda,2022,Município,2507200,Itatuba (PB),"Moradores em domicílios particulares permanentes ocupados, exclusive os cuja condição no domicílio era pensionista, empregado(a) doméstico(a) ou parente do(a) empregado(a) doméstico(a)",Pessoas,0,Classes de rendimento nominal mensal domiciliar per capita,Mais de 10 a 15 salários mínimos
Distribuição por faixas de renda,2022,Município,2507309,Jacaraú (PB),"Moradores em domicílios particulares permanentes ocupados, exclusive os cuja condição no domicílio era pensionista, empregado(a) doméstico(a) ou parente do(a) empregado(a) doméstico(a)",Pessoas,4,Classes de rendimento nominal mensal domiciliar per capita,Mais de 10 a 15 salários mínimos
Distribuição por faixas de renda,2022,Município,2507408,Jericó (PB),"Moradores em domicílios particulares permanentes ocupados, exclusive os cuja condição no domicílio era pensionista, empregado(a) doméstico(a) ou parente do(a) empregado(a) doméstico(a)",Pessoas,0,Classes de rendimento nominal mensal domiciliar per capita,Mais de 10 a 15 salários mínimos
Distribuição por faixas de renda,2022,Município,2507507,João Pessoa (PB),"Moradores em domicílios particulares permanentes ocupados, exclusive os cuja condição no domicílio era pensionista, empregado(a) doméstico(a) ou parente do(a) empregado(a) doméstico(a)",Pessoas,7736,Classes de rendimento nominal mensal domiciliar per capita,Mais de 10 a 15 salários mínimos
Distribuição por faixas de renda,2022,Município,2507606,Juarez Távora (PB),"Moradores em domicílios particulares permanentes ocupados, exclusive os cuja condição no domicílio era pensionista, empregado(a) doméstico(a) ou parente do(a) empregado(a) doméstico(a)",Pessoas,0,Classes de rendimento nominal mensal domiciliar per capita,Mais de 10 a 15 salários mínimos
Distribuição por faixas de renda,2022,Município,2507705,Juazeirinho (PB),"Moradores em domicílios particulares permanentes ocupados, exclusive os cuja condição no domicílio era pensionista, empregado(a) doméstico(a) ou parente do(a) empregado(a) doméstico(a)",Pessoas,0,Classes de rendimento nominal mensal domiciliar per capita,Mais de 10 a 15 salários mínimos
Distribuição por faixas de renda,2022,Município,2507804,Junco do Seridó (PB),"Moradores em domicílios particulares permanentes ocupados, exclusive os cuja condição no domicílio era pensionista, empregado(a) doméstico(a) ou parente do(a) empregado(a) doméstico(a)",Pessoas,9,Classes de rendimento nominal mensal domiciliar per capita,Mais de 10 a 15 salários mínimos
Distribuição por faixas de renda,2022,Município,2507903,Juripiranga (PB),"Moradores em domicílios particulares permanentes ocupados, exclusive os cuja condição no domicílio era pensionista, empregado(a) doméstico(a) ou parente do(a) empregado(a) doméstico(a)",Pessoas,0,Classes de rendimento nominal mensal domiciliar per capita,Mais de 10 a 15 salários mínimos
Distribuição por faixas de renda,2022,Município,2508000,Juru (PB),"Moradores em domicílios particulares permanentes ocupados, exclusive os cuja condição no domicílio era pensionista, empregado(a) doméstico(a) ou parente do(a) empregado(a) doméstico(a)",Pessoas,0,Classes de rendimento nominal mensal domiciliar per capita,Mais de 10 a 15 salários mínimos
Distribuição por faixas de renda,2022,Município,2508109,Lagoa (PB),"Moradores em domicílios particulares permanentes ocupados, exclusive os cuja condição no domicílio era pensionista, empregado(a) doméstico(a) ou parente do(a) empregado(a) doméstico(a)",Pessoas,0,Classes de rendimento nominal mensal domiciliar per capita,Mais de 10 a 15 salários mínimos
Distribuição por faixas de renda,2022,Município,2508208,Lagoa de Dentro (PB),"Moradores em domicílios particulares permanentes ocupados, exclusive os cuja condição no domicílio era pensionista, empregado(a) doméstico(a) ou parente do(a) empregado(a) doméstico(a)",Pessoas,0,Classes de rendimento nominal mensal domiciliar per capita,Mais de 10 a 15 salários mínimos
Distribuição por faixas de renda,2022,Município,2508307,Lagoa Seca (PB),"Moradores em domicílios particulares permanentes ocupados, exclusive os cuja condição no domicílio era pensionista, empregado(a) doméstico(a) ou parente do(a) empregado(a) doméstico(a)",Pessoas,101,Classes de rendimento nominal mensal domiciliar per capita,Mais de 10 a 15 salários mínimos
Distribuição por faixas de renda,2022,Município,2508406,Lastro (PB),"Moradores em domicílios particulares permanentes ocupados, exclusive os cuja condição no domicílio era pensionista, empregado(a) doméstico(a) ou parente do(a) empregado(a) doméstico(a)",Pessoas,0,Classes de rendimento nominal mensal domiciliar per capita,Mais de 10 a 15 salários mínimos
Distribuição por faixas de renda,2022,Município,2508505,Livramento (PB),"Moradores em domicílios particulares permanentes ocupados, exclusive os cuja condição no domicílio era pensionista, empregado(a) doméstico(a) ou parente do(a) empregado(a) doméstico(a)",Pessoas,0,Classes de rendimento nominal mensal domiciliar per capita,Mais de 10 a 15 salários mínimos
Distribuição por faixas de renda,2022,Município,2508554,Logradouro (PB),"Moradores em domicílios particulares permanentes ocupados, exclusive os cuja condição no domicílio era pensionista, empregado(a) doméstico(a) ou parente do(a) empregado(a) doméstico(a)",Pessoas,3,Classes de rendimento nominal mensal domiciliar per capita,Mais de 10 a 15 salários mínimos
Distribuição por faixas de renda,2022,Município,2508604,Lucena (PB),"Moradores em domicílios particulares permanentes ocupados, exclusive os cuja condição no domicílio era pensionista, empregado(a) doméstico(a) ou parente do(a) empregado(a) doméstico(a)",Pessoas,0,Classes de rendimento nominal mensal domiciliar per capita,Mais de 10 a 15 salários mínimos
Distribuição por faixas de renda,2022,Município,2508703,Mãe d'Água (PB),"Moradores em domicílios particulares permanentes ocupados, exclusive os cuja condição no domicílio era pensionista, empregado(a) doméstico(a) ou parente do(a) empregado(a) doméstico(a)",Pessoas,4,Classes de rendimento nominal mensal domiciliar per capita,Mais de 10 a 15 salários mínimos
Distribuição por faixas de renda,2022,Município,2508802,Malta (PB),"Moradores em domicílios particulares permanentes ocupados, exclusive os cuja condição no domicílio era pensionista, empregado(a) doméstico(a) ou parente do(a) empregado(a) doméstico(a)",Pessoas,0,Classes de rendimento nominal mensal domiciliar per capita,Mais de 10 a 15 salários mínimos
Distribuição por faixas de renda,2022,Município,2508901,Mamanguape (PB),"Moradores em domicílios particulares permanentes ocupados, exclusive os cuja condição no domicílio era pensionista, empregado(a) doméstico(a) ou parente do(a) empregado(a) doméstico(a)",Pessoas,0,Classes de rendimento nominal mensal domiciliar per capita,Mais de 10 a 15 salários mínimos
Distribuição por faixas de renda,2022,Município,2509008,Manaíra (PB),"Moradores em domicílios particulares permanentes ocupados, exclusive os cuja condição no domicílio era pensionista, empregado(a) doméstico(a) ou parente do(a) empregado(a) doméstico(a)",Pessoas,0,Classes de rendimento nominal mensal domiciliar per capita,Mais de 10 a 15 salários mínimos
Distribuição por faixas de renda,2022,Município,2509057,Marcação (PB),"Moradores em domicílios particulares permanentes ocupados, exclusive os cuja condição no domicílio era pensionista, empregado(a) doméstico(a) ou parente do(a) empregado(a) doméstico(a)",Pessoas,0,Classes de rendimento nominal mensal domiciliar per capita,Mais de 10 a 15 salários mínimos
Distribuição por faixas de renda,2022,Município,2509107,Mari (PB),"Moradores em domicílios particulares permanentes ocupados, exclusive os cuja condição no domicílio era pensionista, empregado(a) doméstico(a) ou parente do(a) empregado(a) doméstico(a)",Pessoas,0,Classes de rendimento nominal mensal domiciliar per capita,Mais de 10 a 15 salários mínimos
Distribuição por faixas de renda,2022,Município,2509156,Marizópolis (PB),"Moradores em domicílios particulares permanentes ocupados, exclusive os cuja condição no domicílio era pensionista, empregado(a) doméstico(a) ou parente do(a) empregado(a) doméstico(a)",Pessoas,3,Classes de rendimento nominal mensal domiciliar per capita,Mais de 10 a 15 salários mínimos
Distribuição por faixas de renda,2022,Município,2509206,Massaranduba (PB),"Moradores em domicílios particulares permanentes ocupados, exclusive os cuja condição no domicílio era pensionista, empregado(a) doméstico(a) ou parente do(a) empregado(a) doméstico(a)",Pessoas,0,Classes de rendimento nominal mensal domiciliar per capita,Mais de 10 a 15 salários mínimos
Distribuição por faixas de renda,2022,Município,2509305,Mataraca (PB),"Moradores em domicílios particulares permanentes ocupados, exclusive os cuja condição no domicílio era pensionista, empregado(a) doméstico(a) ou parente do(a) empregado(a) doméstico(a)",Pessoas,0,Classes de rendimento nominal mensal domiciliar per capita,Mais de 10 a 15 salários mínimos
Distribuição por faixas de renda,2022,Município,2509339,Matinhas (PB),"Moradores em domicílios particulares permanentes ocupados, exclusive os cuja condição no domicílio era pensionista, empregado(a) doméstico(a) ou parente do(a) empregado(a) doméstico(a)",Pessoas,0,Classes de rendimento nominal mensal domiciliar per capita,Mais de 10 a 15 salários mínimos
Distribuição por faixas de renda,2022,Município,2509370,Mato Grosso (PB),"Moradores em domicílios particulares permanentes ocupados, exclusive os cuja condição no domicílio era pensionista, empregado(a) doméstico(a) ou parente do(a) empregado(a) doméstico(a)",Pessoas,5,Classes de rendimento nominal mensal domiciliar per capita,Mais de 10 a 15 salários mínimos
Distribuição por faixas de renda,2022,Município,2509396,Maturéia (PB),"Moradores em domicílios particulares permanentes ocupados, exclusive os cuja condição no domicílio era pensionista, empregado(a) doméstico(a) ou parente do(a) empregado(a) doméstico(a)",Pessoas,0,Classes de rendimento nominal mensal domiciliar per capita,Mais de 10 a 15 salários mínimos
Distribuição por faixas de renda,2022,Município,2509404,Mogeiro (PB),"Moradores em domicílios particulares permanentes ocupados, exclusive os cuja condição no domicílio era pensionista, empregado(a) doméstico(a) ou parente do(a) empregado(a) doméstico(a)",Pessoas,18,Classes de rendimento nominal mensal domiciliar per capita,Mais de 10 a 15 salários mínimos
Distribuição por faixas de renda,2022,Município,2509503,Montadas (PB),"Moradores em domicílios particulares permanentes ocupados, exclusive os cuja condição no domicílio era pensionista, empregado(a) doméstico(a) ou parente do(a) empregado(a) doméstico(a)",Pessoas,0,Classes de rendimento nominal mensal domiciliar per capita,Mais de 10 a 15 salários mínimos
Distribuição por faixas de renda,2022,Município,2509602,Monte Horebe (PB),"Moradores em domicílios particulares permanentes ocupados, exclusive os cuja condição no domicílio era pensionista, empregado(a) doméstico(a) ou parente do(a) empregado(a) doméstico(a)",Pessoas,0,Classes de rendimento nominal mensal domiciliar per capita,Mais de 10 a 15 salários mínimos
Distribuição por faixas de renda,2022,Município,2509701,Monteiro (PB),"Moradores em domicílios particulares permanentes ocupados, exclusive os cuja condição no domicílio era pensionista, empregado(a) doméstico(a) ou parente do(a) empregado(a) doméstico(a)",Pessoas,5,Classes de rendimento nominal mensal domiciliar per capita,Mais de 10 a 15 salários mínimos
Distribuição por faixas de renda,2022,Município,2509800,Mulungu (PB),"Moradores em domicílios particulares permanentes ocupados, exclusive os cuja condição no domicílio era pensionista, empregado(a) doméstico(a) ou parente do(a) empregado(a) doméstico(a)",Pessoas,0,Classes de rendimento nominal mensal domiciliar per capita,Mais de 10 a 15 salários mínimos
Distribuição por faixas de renda,2022,Município,2509909,Natuba (PB),"Moradores em domicílios particulares permanentes ocupados, exclusive os cuja condição no domicílio era pensionista, empregado(a) doméstico(a) ou parente do(a) empregado(a) doméstico(a)",Pessoas,12,Classes de rendimento nominal mensal domiciliar per capita,Mais de 10 a 15 salários mínimos
Distribuição por faixas de renda,2022,Município,2510006,Nazarezinho (PB),"Moradores em domicílios particulares permanentes ocupados, exclusive os cuja condição no domicílio era pensionista, empregado(a) doméstico(a) ou parente do(a) empregado(a) doméstico(a)",Pessoas,0,Classes de rendimento nominal mensal domiciliar per capita,Mais de 10 a 15 salários mínimos
Distribuição por faixas de renda,2022,Município,2510105,Nova Floresta (PB),"Moradores em domicílios particulares permanentes ocupados, exclusive os cuja condição no domicílio era pensionista, empregado(a) doméstico(a) ou parente do(a) empregado(a) doméstico(a)",Pessoas,0,Classes de rendimento nominal mensal domiciliar per capita,Mais de 10 a 15 salários mínimos
Distribuição por faixas de renda,2022,Município,2510204,Nova Olinda (PB),"Moradores em domicílios particulares permanentes ocupados, exclusive os cuja condição no domicílio era pensionista, empregado(a) doméstico(a) ou parente do(a) empregado(a) doméstico(a)",Pessoas,0,Classes de rendimento nominal mensal domiciliar per capita,Mais de 10 a 15 salários mínimos
Distribuição por faixas de renda,2022,Município,2510303,Nova Palmeira (PB),"Moradores em domicílios particulares permanentes ocupados, exclusive os cuja condição no domicílio era pensionista, empregado(a) doméstico(a) ou parente do(a) empregado(a) doméstico(a)",Pessoas,10,Classes de rendimento nominal mensal domiciliar per capita,Mais de 10 a 15 salários mínimos
Distribuição por faixas de renda,2022,Município,2510402,Olho d'Água (PB),"Moradores em domicílios particulares permanentes ocupados, exclusive os cuja condição no domicílio era pensionista, empregado(a) doméstico(a) ou parente do(a) empregado(a) doméstico(a)",Pessoas,0,Classes de rendimento nominal mensal domiciliar per capita,Mais de 10 a 15 salários mínimos
Distribuição por faixas de renda,2022,Município,2510501,Olivedos (PB),"Moradores em domicílios particulares permanentes ocupados, exclusive os cuja condição no domicílio era pensionista, empregado(a) doméstico(a) ou parente do(a) empregado(a) doméstico(a)",Pessoas,0,Classes de rendimento nominal mensal domiciliar per capita,Mais de 10 a 15 salários mínimos
Distribuição por faixas de renda,2022,Município,2510600,Ouro Velho (PB),"Moradores em domicílios particulares permanentes ocupados, exclusive os cuja condição no domicílio era pensionista, empregado(a) doméstico(a) ou parente do(a) empregado(a) doméstico(a)",Pessoas,0,Classes de rendimento nominal mensal domiciliar per capita,Mais de 10 a 15 salários mínimos
Distribuição por faixas de renda,2022,Município,2510659,Parari (PB),"Moradores em domicílios particulares permanentes ocupados, exclusive os cuja condição no domicílio era pensionista, empregado(a) doméstico(a) ou parente do(a) empregado(a) doméstico(a)",Pessoas,0,Classes de rendimento nominal mensal domiciliar per capita,Mais de 10 a 15 salários mínimos
Distribuição por faixas de renda,2022,Município,2510709,Passagem (PB),"Moradores em domicílios particulares permanentes ocupados, exclusive os cuja condição no domicílio era pensionista, empregado(a) doméstico(a) ou parente do(a) empregado(a) doméstico(a)",Pessoas,0,Classes de rendimento nominal mensal domiciliar per capita,Mais de 10 a 15 salários mínimos
Distribuição por faixas de renda,2022,Município,2510808,Patos (PB),"Moradores em domicílios particulares permanentes ocupados, exclusive os cuja condição no domicílio era pensionista, empregado(a) doméstico(a) ou parente do(a) empregado(a) doméstico(a)",Pessoas,88,Classes de rendimento nominal mensal domiciliar per capita,Mais de 10 a 15 salários mínimos
Distribuição por faixas de renda,2022,Município,2510907,Paulista (PB),"Moradores em domicílios particulares permanentes ocupados, exclusive os cuja condição no domicílio era pensionista, empregado(a) doméstico(a) ou parente do(a) empregado(a) doméstico(a)",Pessoas,35,Classes de rendimento nominal mensal domiciliar per capita,Mais de 10 a 15 salários mínimos
Distribuição por faixas de renda,2022,Município,2511004,Pedra Branca (PB),"Moradores em domicílios particulares permanentes ocupados, exclusive os cuja condição no domicílio era pensionista, empregado(a) doméstico(a) ou parente do(a) empregado(a) doméstico(a)",Pessoas,8,Classes de rendimento nominal mensal domiciliar per capita,Mais de 10 a 15 salários mínimos
Distribuição por faixas de renda,2022,Município,2511103,Pedra Lavrada (PB),"Moradores em domicílios particulares permanentes ocupados, exclusive os cuja condição no domicílio era pensionista, empregado(a) doméstico(a) ou parente do(a) empregado(a) doméstico(a)",Pessoas,0,Classes de rendimento nominal mensal domiciliar per capita,Mais de 10 a 15 salários mínimos
Distribuição por faixas de renda,2022,Município,2511202,Pedras de Fogo (PB),"Moradores em domicílios particulares permanentes ocupados, exclusive os cuja condição no domicílio era pensionista, empregado(a) doméstico(a) ou parente do(a) empregado(a) doméstico(a)",Pessoas,0,Classes de rendimento nominal mensal domiciliar per capita,Mais de 10 a 15 salários mínimos
Distribuição por faixas de renda,2022,Município,2511301,Piancó (PB),"Moradores em domicílios particulares permanentes ocupados, exclusive os cuja condição no domicílio era pensionista, empregado(a) doméstico(a) ou parente do(a) empregado(a) doméstico(a)",Pessoas,8,Classes de rendimento nominal mensal domiciliar per capita,Mais de 10 a 15 salários mínimos
Distribuição por faixas de renda,2022,Município,2511400,Picuí (PB),"Moradores em domicílios particulares permanentes ocupados, exclusive os cuja condição no domicílio era pensionista, empregado(a) doméstico(a) ou parente do(a) empregado(a) doméstico(a)",Pessoas,31,Classes de rendimento nominal mensal domiciliar per capita,Mais de 10 a 15 salários mínimos
Distribuição por faixas de renda,2022,Município,2511509,Pilar (PB),"Moradores em domicílios particulares permanentes ocupados, exclusive os cuja condição no domicílio era pensionista, empregado(a) doméstico(a) ou parente do(a) empregado(a) doméstico(a)",Pessoas,0,Classes de rendimento nominal mensal domiciliar per capita,Mais de 10 a 15 salários mínimos
Distribuição por faixas de renda,2022,Município,2511608,Pilões (PB),"Moradores em domicílios particulares permanentes ocupados, exclusive os cuja condição no domicílio era pensionista, empregado(a) doméstico(a) ou parente do(a) empregado(a) doméstico(a)",Pessoas,0,Classes de rendimento nominal mensal domiciliar per capita,Mais de 10 a 15 salários mínimos
Distribuição por faixas de renda,2022,Município,2511707,Pilõezinhos (PB),"Moradores em domicílios particulares permanentes ocupados, exclusive os cuja condição no domicílio era pensionista, empregado(a) doméstico(a) ou parente do(a) empregado(a) doméstico(a)",Pessoas,7,Classes de rendimento nominal mensal domiciliar per capita,Mais de 10 a 15 salários mínimos
Distribuição por faixas de renda,2022,Município,2511806,Pirpirituba (PB),"Moradores em domicílios particulares permanentes ocupados, exclusive os cuja condição no domicílio era pensionista, empregado(a) doméstico(a) ou parente do(a) empregado(a) doméstico(a)",Pessoas,0,Classes de rendimento nominal mensal domiciliar per capita,Mais de 10 a 15 salários mínimos
Distribuição por faixas de renda,2022,Município,2511905,Pitimbu (PB),"Moradores em domicílios particulares permanentes ocupados, exclusive os cuja condição no domicílio era pensionista, empregado(a) doméstico(a) ou parente do(a) empregado(a) doméstico(a)",Pessoas,0,Classes de rendimento nominal mensal domiciliar per capita,Mais de 10 a 15 salários mínimos
Distribuição por faixas de renda,2022,Município,2512002,Pocinhos (PB),"Moradores em domicílios particulares permanentes ocupados, exclusive os cuja condição no domicílio era pensionista, empregado(a) doméstico(a) ou parente do(a) empregado(a) doméstico(a)",Pessoas,0,Classes de rendimento nominal mensal domiciliar per capita,Mais de 10 a 15 salários mínimos
Distribuição por faixas de renda,2022,Município,2512036,Poço Dantas (PB),"Moradores em domicílios particulares permanentes ocupados, exclusive os cuja condição no domicílio era pensionista, empregado(a) doméstico(a) ou parente do(a) empregado(a) doméstico(a)",Pessoas,0,Classes de rendimento nominal mensal domiciliar per capita,Mais de 10 a 15 salários mínimos
Distribuição por faixas de renda,2022,Município,2512077,Poço de José de Moura (PB),"Moradores em domicílios particulares permanentes ocupados, exclusive os cuja condição no domicílio era pensionista, empregado(a) doméstico(a) ou parente do(a) empregado(a) doméstico(a)",Pessoas,0,Classes de rendimento nominal mensal domiciliar per capita,Mais de 10 a 15 salários mínimos
Distribuição por faixas de renda,2022,Município,2512101,Pombal (PB),"Moradores em domicílios particulares permanentes ocupados, exclusive os cuja condição no domicílio era pensionista, empregado(a) doméstico(a) ou parente do(a) empregado(a) doméstico(a)",Pessoas,20,Classes de rendimento nominal mensal domiciliar per capita,Mais de 10 a 15 salários mínimos
Distribuição por faixas de renda,2022,Município,2512200,Prata (PB),"Moradores em domicílios particulares permanentes ocupados, exclusive os cuja condição no domicílio era pensionista, empregado(a) doméstico(a) ou parente do(a) empregado(a) doméstico(a)",Pessoas,0,Classes de rendimento nominal mensal domiciliar per capita,Mais de 10 a 15 salários mínimos
Distribuição por faixas de renda,2022,Município,2512309,Princesa Isabel (PB),"Moradores em domicílios particulares permanentes ocupados, exclusive os cuja condição no domicílio era pensionista, empregado(a) doméstico(a) ou parente do(a) empregado(a) doméstico(a)",Pessoas,27,Classes de rendimento nominal mensal domiciliar per capita,Mais de 10 a 15 salários mínimos
Distribuição por faixas de renda,2022,Município,2512408,Puxinanã (PB),"Moradores em domicílios particulares permanentes ocupados, exclusive os cuja condição no domicílio era pensionista, empregado(a) doméstico(a) ou parente do(a) empregado(a) doméstico(a)",Pessoas,0,Classes de rendimento nominal mensal domiciliar per capita,Mais de 10 a 15 salários mínimos
Distribuição por faixas de renda,2022,Município,2512507,Queimadas (PB),"Moradores em domicílios particulares permanentes ocupados, exclusive os cuja condição no domicílio era pensionista, empregado(a) doméstico(a) ou parente do(a) empregado(a) doméstico(a)",Pessoas,0,Classes de rendimento nominal mensal domiciliar per capita,Mais de 10 a 15 salários mínimos
Distribuição por faixas de renda,2022,Município,2512606,Quixaba (PB),"Moradores em domicílios particulares permanentes ocupados, exclusive os cuja condição no domicílio era pensionista, empregado(a) doméstico(a) ou parente do(a) empregado(a) doméstico(a)",Pessoas,0,Classes de rendimento nominal mensal domiciliar per capita,Mais de 10 a 15 salários mínimos
Distribuição por faixas de renda,2022,Município,2512705,Remígio (PB),"Moradores em domicílios particulares permanentes ocupados, exclusive os cuja condição no domicílio era pensionista, empregado(a) doméstico(a) ou parente do(a) empregado(a) doméstico(a)",Pessoas,0,Classes de rendimento nominal mensal domiciliar per capita,Mais de 10 a 15 salários mínimos
Distribuição por faixas de renda,2022,Município,2512721,Pedro Régis (PB),"Moradores em domicílios particulares permanentes ocupados, exclusive os cuja condição no domicílio era pensionista, empregado(a) doméstico(a) ou parente do(a) empregado(a) doméstico(a)",Pessoas,0,Classes de rendimento nominal mensal domiciliar per capita,Mais de 10 a 15 salários mínimos
Distribuição por faixas de renda,2022,Município,2512747,Riachão (PB),"Moradores em domicílios particulares permanentes ocupados, exclusive os cuja condição no domicílio era pensionista, empregado(a) doméstico(a) ou parente do(a) empregado(a) doméstico(a)",Pessoas,0,Classes de rendimento nominal mensal domiciliar per capita,Mais de 10 a 15 salários mínimos
Distribuição por faixas de renda,2022,Município,2512754,Riachão do Bacamarte (PB),"Moradores em domicílios particulares permanentes ocupados, exclusive os cuja condição no domicílio era pensionista, empregado(a) doméstico(a) ou parente do(a) empregado(a) doméstico(a)",Pessoas,0,Classes de rendimento nominal mensal domiciliar per capita,Mais de 10 a 15 salários mínimos
Distribuição por faixas de renda,2022,Município,2512762,Riachão do Poço (PB),"Moradores em domicílios particulares permanentes ocupados, exclusive os cuja condição no domicílio era pensionista, empregado(a) doméstico(a) ou parente do(a) empregado(a) doméstico(a)",Pessoas,0,Classes de rendimento nominal mensal domiciliar per capita,Mais de 10 a 15 salários mínimos
Distribuição por faixas de renda,2022,Município,2512788,Riacho de Santo Antônio (PB),"Moradores em domicílios particulares permanentes ocupados, exclusive os cuja condição no domicílio era pensionista, empregado(a) doméstico(a) ou parente do(a) empregado(a) doméstico(a)",Pessoas,0,Classes de rendimento nominal mensal domiciliar per capita,Mais de 10 a 15 salários mínimos
Distribuição por faixas de renda,2022,Município,2512804,Riacho dos Cavalos (PB),"Moradores em domicílios particulares permanentes ocupados, exclusive os cuja condição no domicílio era pensionista, empregado(a) doméstico(a) ou parente do(a) empregado(a) doméstico(a)",Pessoas,0,Classes de rendimento nominal mensal domiciliar per capita,Mais de 10 a 15 salários mínimos
Distribuição por faixas de renda,2022,Município,2512903,Rio Tinto (PB),"Moradores em domicílios particulares permanentes ocupados, exclusive os cuja condição no domicílio era pensionista, empregado(a) doméstico(a) ou parente do(a) empregado(a) doméstico(a)",Pessoas,0,Classes de rendimento nominal mensal domiciliar per capita,Mais de 10 a 15 salários mínimos
Distribuição por faixas de renda,2022,Município,2513000,Salgadinho (PB),"Moradores em domicílios particulares permanentes ocupados, exclusive os cuja condição no domicílio era pensionista, empregado(a) doméstico(a) ou parente do(a) empregado(a) doméstico(a)",Pessoas,4,Classes de rendimento nominal mensal domiciliar per capita,Mais de 10 a 15 salários mínimos
Distribuição por faixas de renda,2022,Município,2513109,Salgado de São Félix (PB),"Moradores em domicílios particulares permanentes ocupados, exclusive os cuja condição no domicílio era pensionista, empregado(a) doméstico(a) ou parente do(a) empregado(a) doméstico(a)",Pessoas,0,Classes de rendimento nominal mensal domiciliar per capita,Mais de 10 a 15 salários mínimos
Distribuição por faixas de renda,2022,Município,2513158,Santa Cecília (PB),"Moradores em domicílios particulares permanentes ocupados, exclusive os cuja condição no domicílio era pensionista, empregado(a) doméstico(a) ou parente do(a) empregado(a) doméstico(a)",Pessoas,0,Classes de rendimento nominal mensal domiciliar per capita,Mais de 10 a 15 salários mínimos
Distribuição por faixas de renda,2022,Município,2513208,Santa Cruz (PB),"Moradores em domicílios particulares permanentes ocupados, exclusive os cuja condição no domicílio era pensionista, empregado(a) doméstico(a) ou parente do(a) empregado(a) doméstico(a)",Pessoas,0,Classes de rendimento nominal mensal domiciliar per capita,Mais de 10 a 15 salários mínimos
Distribuição por faixas de renda,2022,Município,2513307,Santa Helena (PB),"Moradores em domicílios particulares permanentes ocupados, exclusive os cuja condição no domicílio era pensionista, empregado(a) doméstico(a) ou parente do(a) empregado(a) doméstico(a)",Pessoas,0,Classes de rendimento nominal mensal domiciliar per capita,Mais de 10 a 15 salários mínimos
Distribuição por faixas de renda,2022,Município,2513356,Santa Inês (PB),"Moradores em domicílios particulares permanentes ocupados, exclusive os cuja condição no domicílio era pensionista, empregado(a) doméstico(a) ou parente do(a) empregado(a) doméstico(a)",Pessoas,0,Classes de rendimento nominal mensal domiciliar per capita,Mais de 10 a 15 salários mínimos
Distribuição por faixas de renda,2022,Município,2513406,Santa Luzia (PB),"Moradores em domicílios particulares permanentes ocupados, exclusive os cuja condição no domicílio era pensionista, empregado(a) doméstico(a) ou parente do(a) empregado(a) doméstico(a)",Pessoas,16,Classes de rendimento nominal mensal domiciliar per capita,Mais de 10 a 15 salários mínimos
Distribuição por faixas de renda,2022,Município,2513505,Santana de Mangueira (PB),"Moradores em domicílios particulares permanentes ocupados, exclusive os cuja condição no domicílio era pensionista, empregado(a) doméstico(a) ou parente do(a) empregado(a) doméstico(a)",Pessoas,7,Classes de rendimento nominal mensal domiciliar per capita,Mais de 10 a 15 salários mínimos
Distribuição por faixas de renda,2022,Município,2513604,Santana dos Garrotes (PB),"Moradores em domicílios particulares permanentes ocupados, exclusive os cuja condição no domicílio era pensionista, empregado(a) doméstico(a) ou parente do(a) empregado(a) doméstico(a)",Pessoas,6,Classes de rendimento nominal mensal domiciliar per capita,Mais de 10 a 15 salários mínimos
Distribuição por faixas de renda,2022,Município,2513653,Joca Claudino (PB),"Moradores em domicílios particulares permanentes ocupados, exclusive os cuja condição no domicílio era pensionista, empregado(a) doméstico(a) ou parente do(a) empregado(a) doméstico(a)",Pessoas,0,Classes de rendimento nominal mensal domiciliar per capita,Mais de 10 a 15 salários mínimos
Distribuição por faixas de renda,2022,Município,2513703,Santa Rita (PB),"Moradores em domicílios particulares permanentes ocupados, exclusive os cuja condição no domicílio era pensionista, empregado(a) doméstico(a) ou parente do(a) empregado(a) doméstico(a)",Pessoas,39,Classes de rendimento nominal mensal domiciliar per capita,Mais de 10 a 15 salários mínimos
Distribuição por faixas de renda,2022,Município,2513802,Santa Teresinha (PB),"Moradores em domicílios particulares permanentes ocupados, exclusive os cuja condição no domicílio era pensionista, empregado(a) doméstico(a) ou parente do(a) empregado(a) doméstico(a)",Pessoas,0,Classes de rendimento nominal mensal domiciliar per capita,Mais de 10 a 15 salários mínimos
Distribuição por faixas de renda,2022,Município,2513851,Santo André (PB),"Moradores em domicílios particulares permanentes ocupados, exclusive os cuja condição no domicílio era pensionista, empregado(a) doméstico(a) ou parente do(a) empregado(a) doméstico(a)",Pessoas,7,Classes de rendimento nominal mensal domiciliar per capita,Mais de 10 a 15 salários mínimos
Distribuição por faixas de renda,2022,Município,2513901,São Bento (PB),"Moradores em domicílios particulares permanentes ocupados, exclusive os cuja condição no domicílio era pensionista, empregado(a) doméstico(a) ou parente do(a) empregado(a) doméstico(a)",Pessoas,0,Classes de rendimento nominal mensal domiciliar per capita,Mais de 10 a 15 salários mínimos
Distribuição por faixas de renda,2022,Município,2513927,São Bentinho (PB),"Moradores em domicílios particulares permanentes ocupados, exclusive os cuja condição no domicílio era pensionista, empregado(a) doméstico(a) ou parente do(a) empregado(a) doméstico(a)",Pessoas,0,Classes de rendimento nominal mensal domiciliar per capita,Mais de 10 a 15 salários mínimos
Distribuição por faixas de renda,2022,Município,2513943,São Domingos do Cariri (PB),"Moradores em domicílios particulares permanentes ocupados, exclusive os cuja condição no domicílio era pensionista, empregado(a) doméstico(a) ou parente do(a) empregado(a) doméstico(a)",Pessoas,0,Classes de rendimento nominal mensal domiciliar per capita,Mais de 10 a 15 salários mínimos
Distribuição por faixas de renda,2022,Município,2513968,São Domingos (PB),"Moradores em domicílios particulares permanentes ocupados, exclusive os cuja condição no domicílio era pensionista, empregado(a) doméstico(a) ou parente do(a) empregado(a) doméstico(a)",Pessoas,0,Classes de rendimento nominal mensal domiciliar per capita,Mais de 10 a 15 salários mínimos
Distribuição por faixas de renda,2022,Município,2513984,São Francisco (PB),"Moradores em domicílios particulares permanentes ocupados, exclusive os cuja condição no domicílio era pensionista, empregado(a) doméstico(a) ou parente do(a) empregado(a) doméstico(a)",Pessoas,0,Classes de rendimento nominal mensal domiciliar per capita,Mais de 10 a 15 salários mínimos
Distribuição por faixas de renda,2022,Município,2514008,São João do Cariri (PB),"Moradores em domicílios particulares permanentes ocupados, exclusive os cuja condição no domicílio era pensionista, empregado(a) doméstico(a) ou parente do(a) empregado(a) doméstico(a)",Pessoas,8,Classes de rendimento nominal mensal domiciliar per capita,Mais de 10 a 15 salários mínimos
Distribuição por faixas de renda,2022,Município,2514107,São João do Tigre (PB),"Moradores em domicílios particulares permanentes ocupados, exclusive os cuja condição no domicílio era pensionista, empregado(a) doméstico(a) ou parente do(a) empregado(a) doméstico(a)",Pessoas,2,Classes de rendimento nominal mensal domiciliar per capita,Mais de 10 a 15 salários mínimos
Distribuição por faixas de renda,2022,Município,2514206,São José da Lagoa Tapada (PB),"Moradores em domicílios particulares permanentes ocupados, exclusive os cuja condição no domicílio era pensionista, empregado(a) doméstico(a) ou parente do(a) empregado(a) doméstico(a)",Pessoas,0,Classes de rendimento nominal mensal domiciliar per capita,Mais de 10 a 15 salários mínimos
Distribuição por faixas de renda,2022,Município,2514305,São José de Caiana (PB),"Moradores em domicílios particulares permanentes ocupados, exclusive os cuja condição no domicílio era pensionista, empregado(a) doméstico(a) ou parente do(a) empregado(a) doméstico(a)",Pessoas,0,Classes de rendimento nominal mensal domiciliar per capita,Mais de 10 a 15 salários mínimos
Distribuição por faixas de renda,2022,Município,2514404,São José de Espinharas (PB),"Moradores em domicílios particulares permanentes ocupados, exclusive os cuja condição no domicílio era pensionista, empregado(a) doméstico(a) ou parente do(a) empregado(a) doméstico(a)",Pessoas,0,Classes de rendimento nominal mensal domiciliar per capita,Mais de 10 a 15 salários mínimos
Distribuição por faixas de renda,2022,Município,2514453,São José dos Ramos (PB),"Moradores em domicílios particulares permanentes ocupados, exclusive os cuja condição no domicílio era pensionista, empregado(a) doméstico(a) ou parente do(a) empregado(a) doméstico(a)",Pessoas,0,Classes de rendimento nominal mensal domiciliar per capita,Mais de 10 a 15 salários mínimos
Distribuição por faixas de renda,2022,Município,2514503,São José de Piranhas (PB),"Moradores em domicílios particulares permanentes ocupados, exclusive os cuja condição no domicílio era pensionista, empregado(a) doméstico(a) ou parente do(a) empregado(a) doméstico(a)",Pessoas,0,Classes de rendimento nominal mensal domiciliar per capita,Mais de 10 a 15 salários mínimos
Distribuição por faixas de renda,2022,Município,2514552,São José de Princesa (PB),"Moradores em domicílios particulares permanentes ocupados, exclusive os cuja condição no domicílio era pensionista, empregado(a) doméstico(a) ou parente do(a) empregado(a) doméstico(a)",Pessoas,3,Classes de rendimento nominal mensal domiciliar per capita,Mais de 10 a 15 salários mínimos
Distribuição por faixas de renda,2022,Município,2514602,São José do Bonfim (PB),"Moradores em domicílios particulares permanentes ocupados, exclusive os cuja condição no domicílio era pensionista, empregado(a) doméstico(a) ou parente do(a) empregado(a) doméstico(a)",Pessoas,0,Classes de rendimento nominal mensal domiciliar per capita,Mais de 10 a 15 salários mínimos
Distribuição por faixas de renda,2022,Município,2514651,São José do Brejo do Cruz (PB),"Moradores em domicílios particulares permanentes ocupados, exclusive os cuja condição no domicílio era pensionista, empregado(a) doméstico(a) ou parente do(a) empregado(a) doméstico(a)",Pessoas,0,Classes de rendimento nominal mensal domiciliar per capita,Mais de 10 a 15 salários mínimos
Distribuição por faixas de renda,2022,Município,2514701,São José do Sabugi (PB),"Moradores em domicílios particulares permanentes ocupados, exclusive os cuja condição no domicílio era pensionista, empregado(a) doméstico(a) ou parente do(a) empregado(a) doméstico(a)",Pessoas,0,Classes de rendimento nominal mensal domiciliar per capita,Mais de 10 a 15 salários mínimos
Distribuição por faixas de renda,2022,Município,2514800,São José dos Cordeiros (PB),"Moradores em domicílios particulares permanentes ocupados, exclusive os cuja condição no domicílio era pensionista, empregado(a) doméstico(a) ou parente do(a) empregado(a) doméstico(a)",Pessoas,0,Classes de rendimento nominal mensal domiciliar per capita,Mais de 10 a 15 salários mínimos
Distribuição por faixas de renda,2022,Município,2514909,São Mamede (PB),"Moradores em domicílios particulares permanentes ocupados, exclusive os cuja condição no domicílio era pensionista, empregado(a) doméstico(a) ou parente do(a) empregado(a) doméstico(a)",Pessoas,0,Classes de rendimento nominal mensal domiciliar per capita,Mais de 10 a 15 salários mínimos
Distribuição por faixas de renda,2022,Município,2515005,São Miguel de Taipu (PB),"Moradores em domicílios particulares permanentes ocupados, exclusive os cuja condição no domicílio era pensionista, empregado(a) doméstico(a) ou parente do(a) empregado(a) doméstico(a)",Pessoas,11,Classes de rendimento nominal mensal domiciliar per capita,Mais de 10 a 15 salários mínimos
Distribuição por faixas de renda,2022,Município,2515104,São Sebastião de Lagoa de Roça (PB),"Moradores em domicílios particulares permanentes ocupados, exclusive os cuja condição no domicílio era pensionista, empregado(a) doméstico(a) ou parente do(a) empregado(a) doméstico(a)",Pessoas,0,Classes de rendimento nominal mensal domiciliar per capita,Mais de 10 a 15 salários mínimos
Distribuição por faixas de renda,2022,Município,2515203,São Sebastião do Umbuzeiro (PB),"Moradores em domicílios particulares permanentes ocupados, exclusive os cuja condição no domicílio era pensionista, empregado(a) doméstico(a) ou parente do(a) empregado(a) doméstico(a)",Pessoas,0,Classes de rendimento nominal mensal domiciliar per capita,Mais de 10 a 15 salários mínimos
Distribuição por faixas de renda,2022,Município,2515302,Sapé (PB),"Moradores em domicílios particulares permanentes ocupados, exclusive os cuja condição no domicílio era pensionista, empregado(a) doméstico(a) ou parente do(a) empregado(a) doméstico(a)",Pessoas,0,Classes de rendimento nominal mensal domiciliar per capita,Mais de 10 a 15 salários mínimos
Distribuição por faixas de renda,2022,Município,2515401,São Vicente do Seridó (PB),"Moradores em domicílios particulares permanentes ocupados, exclusive os cuja condição no domicílio era pensionista, empregado(a) doméstico(a) ou parente do(a) empregado(a) doméstico(a)",Pessoas,0,Classes de rendimento nominal mensal domiciliar per capita,Mais de 10 a 15 salários mínimos
Distribuição por faixas de renda,2022,Município,2515500,Serra Branca (PB),"Moradores em domicílios particulares permanentes ocupados, exclusive os cuja condição no domicílio era pensionista, empregado(a) doméstico(a) ou parente do(a) empregado(a) doméstico(a)",Pessoas,0,Classes de rendimento nominal mensal domiciliar per capita,Mais de 10 a 15 salários mínimos
Distribuição por faixas de renda,2022,Município,2515609,Serra da Raiz (PB),"Moradores em domicílios particulares permanentes ocupados, exclusive os cuja condição no domicílio era pensionista, empregado(a) doméstico(a) ou parente do(a) empregado(a) doméstico(a)",Pessoas,0,Classes de rendimento nominal mensal domiciliar per capita,Mais de 10 a 15 salários mínimos
Distribuição por faixas de renda,2022,Município,2515708,Serra Grande (PB),"Moradores em domicílios particulares permanentes ocupados, exclusive os cuja condição no domicílio era pensionista, empregado(a) doméstico(a) ou parente do(a) empregado(a) doméstico(a)",Pessoas,0,Classes de rendimento nominal mensal domiciliar per capita,Mais de 10 a 15 salários mínimos
Distribuição por faixas de renda,2022,Município,2515807,Serra Redonda (PB),"Moradores em domicílios particulares permanentes ocupados, exclusive os cuja condição no domicílio era pensionista, empregado(a) doméstico(a) ou parente do(a) empregado(a) doméstico(a)",Pessoas,0,Classes de rendimento nominal mensal domiciliar per capita,Mais de 10 a 15 salários mínimos
Distribuição por faixas de renda,2022,Município,2515906,Serraria (PB),"Moradores em domicílios particulares permanentes ocupados, exclusive os cuja condição no domicílio era pensionista, empregado(a) doméstico(a) ou parente do(a) empregado(a) doméstico(a)",Pessoas,0,Classes de rendimento nominal mensal domiciliar per capita,Mais de 10 a 15 salários mínimos
Distribuição por faixas de renda,2022,Município,2515930,Sertãozinho (PB),"Moradores em domicílios particulares permanentes ocupados, exclusive os cuja condição no domicílio era pensionista, empregado(a) doméstico(a) ou parente do(a) empregado(a) doméstico(a)",Pessoas,0,Classes de rendimento nominal mensal domiciliar per capita,Mais de 10 a 15 salários mínimos
Distribuição por faixas de renda,2022,Município,2515971,Sobrado (PB),"Moradores em domicílios particulares permanentes ocupados, exclusive os cuja condição no domicílio era pensionista, empregado(a) doméstico(a) ou parente do(a) empregado(a) doméstico(a)",Pessoas,0,Classes de rendimento nominal mensal domiciliar per capita,Mais de 10 a 15 salários mínimos
Distribuição por faixas de renda,2022,Município,2516003,Solânea (PB),"Moradores em domicílios particulares permanentes ocupados, exclusive os cuja condição no domicílio era pensionista, empregado(a) doméstico(a) ou parente do(a) empregado(a) doméstico(a)",Pessoas,9,Classes de rendimento nominal mensal domiciliar per capita,Mais de 10 a 15 salários mínimos
Distribuição por faixas de renda,2022,Município,2516102,Soledade (PB),"Moradores em domicílios particulares permanentes ocupados, exclusive os cuja condição no domicílio era pensionista, empregado(a) doméstico(a) ou parente do(a) empregado(a) doméstico(a)",Pessoas,4,Classes de rendimento nominal mensal domiciliar per capita,Mais de 10 a 15 salários mínimos
Distribuição por faixas de renda,2022,Município,2516151,Sossêgo (PB),"Moradores em domicílios particulares permanentes ocupados, exclusive os cuja condição no domicílio era pensionista, empregado(a) doméstico(a) ou parente do(a) empregado(a) doméstico(a)",Pessoas,0,Classes de rendimento nominal mensal domiciliar per capita,Mais de 10 a 15 salários mínimos
Distribuição por faixas de renda,2022,Município,2516201,Sousa (PB),"Moradores em domicílios particulares permanentes ocupados, exclusive os cuja condição no domicílio era pensionista, empregado(a) doméstico(a) ou parente do(a) empregado(a) doméstico(a)",Pessoas,63,Classes de rendimento nominal mensal domiciliar per capita,Mais de 10 a 15 salários mínimos
Distribuição por faixas de renda,2022,Município,2516300,Sumé (PB),"Moradores em domicílios particulares permanentes ocupados, exclusive os cuja condição no domicílio era pensionista, empregado(a) doméstico(a) ou parente do(a) empregado(a) doméstico(a)",Pessoas,22,Classes de rendimento nominal mensal domiciliar per capita,Mais de 10 a 15 salários mínimos
Distribuição por faixas de renda,2022,Município,2516409,Tacima (PB),"Moradores em domicílios particulares permanentes ocupados, exclusive os cuja condição no domicílio era pensionista, empregado(a) doméstico(a) ou parente do(a) empregado(a) doméstico(a)",Pessoas,19,Classes de rendimento nominal mensal domiciliar per capita,Mais de 10 a 15 salários mínimos
Distribuição por faixas de renda,2022,Município,2516508,Taperoá (PB),"Moradores em domicílios particulares permanentes ocupados, exclusive os cuja condição no domicílio era pensionista, empregado(a) doméstico(a) ou parente do(a) empregado(a) doméstico(a)",Pessoas,0,Classes de rendimento nominal mensal domiciliar per capita,Mais de 10 a 15 salários mínimos
Distribuição por faixas de renda,2022,Município,2516607,Tavares (PB),"Moradores em domicílios particulares permanentes ocupados, exclusive os cuja condição no domicílio era pensionista, empregado(a) doméstico(a) ou parente do(a) empregado(a) doméstico(a)",Pessoas,0,Classes de rendimento nominal mensal domiciliar per capita,Mais de 10 a 15 salários mínimos
Distribuição por faixas de renda,2022,Município,2516706,Teixeira (PB),"Moradores em domicílios particulares permanentes ocupados, exclusive os cuja condição no domicílio era pensionista, empregado(a) doméstico(a) ou parente do(a) empregado(a) doméstico(a)",Pessoas,0,Classes de rendimento nominal mensal domiciliar per capita,Mais de 10 a 15 salários mínimos
Distribuição por faixas de renda,2022,Município,2516755,Tenório (PB),"Moradores em domicílios particulares permanentes ocupados, exclusive os cuja condição no domicílio era pensionista, empregado(a) doméstico(a) ou parente do(a) empregado(a) doméstico(a)",Pessoas,0,Classes de rendimento nominal mensal domiciliar per capita,Mais de 10 a 15 salários mínimos
Distribuição por faixas de renda,2022,Município,2516805,Triunfo (PB),"Moradores em domicílios particulares permanentes ocupados, exclusive os cuja condição no domicílio era pensionista, empregado(a) doméstico(a) ou parente do(a) empregado(a) doméstico(a)",Pessoas,0,Classes de rendimento nominal mensal domiciliar per capita,Mais de 10 a 15 salários mínimos
Distribuição por faixas de renda,2022,Município,2516904,Uiraúna (PB),"Moradores em domicílios particulares permanentes ocupados, exclusive os cuja condição no domicílio era pensionista, empregado(a) doméstico(a) ou parente do(a) empregado(a) doméstico(a)",Pessoas,12,Classes de rendimento nominal mensal domiciliar per capita,Mais de 10 a 15 salários mínimos
Distribuição por faixas de renda,2022,Município,2517001,Umbuzeiro (PB),"Moradores em domicílios particulares permanentes ocupados, exclusive os cuja condição no domicílio era pensionista, empregado(a) doméstico(a) ou parente do(a) empregado(a) doméstico(a)",Pessoas,0,Classes de rendimento nominal mensal domiciliar per capita,Mais de 10 a 15 salários mínimos
Distribuição por faixas de renda,2022,Município,2517100,Várzea (PB),"Moradores em domicílios particulares permanentes ocupados, exclusive os cuja condição no domicílio era pensionista, empregado(a) doméstico(a) ou parente do(a) empregado(a) doméstico(a)",Pessoas,3,Classes de rendimento nominal mensal domiciliar per capita,Mais de 10 a 15 salários mínimos
Distribuição por faixas de renda,2022,Município,2517209,Vieirópolis (PB),"Moradores em domicílios particulares permanentes ocupados, exclusive os cuja condição no domicílio era pensionista, empregado(a) doméstico(a) ou parente do(a) empregado(a) doméstico(a)",Pessoas,0,Classes de rendimento nominal mensal domiciliar per capita,Mais de 10 a 15 salários mínimos
Distribuição por faixas de renda,2022,Município,2517407,Zabelê (PB),"Moradores em domicílios particulares permanentes ocupados, exclusive os cuja condição no domicílio era pensionista, empregado(a) doméstico(a) ou parente do(a) empregado(a) doméstico(a)",Pessoas,0,Classes de rendimento nominal mensal domiciliar per capita,Mais de 10 a 15 salários mínimos
Distribuição por faixas de renda,2022,Unidade da Federação,25,Paraíba,"Moradores em domicílios particulares permanentes ocupados, exclusive os cuja condição no domicílio era pensionista, empregado(a) doméstico(a) ou parente do(a) empregado(a) doméstico(a)",Pessoas,2792,Classes de rendimento nominal mensal domiciliar per capita,Mais de 15 a 20 salários mínimos
Distribuição por faixas de renda,2022,Município,2500106,Água Branca (PB),"Moradores em domicílios particulares permanentes ocupados, exclusive os cuja condição no domicílio era pensionista, empregado(a) doméstico(a) ou parente do(a) empregado(a) doméstico(a)",Pessoas,0,Classes de rendimento nominal mensal domiciliar per capita,Mais de 15 a 20 salários mínimos
Distribuição por faixas de renda,2022,Município,2500205,Aguiar (PB),"Moradores em domicílios particulares permanentes ocupados, exclusive os cuja condição no domicílio era pensionista, empregado(a) doméstico(a) ou parente do(a) empregado(a) doméstico(a)",Pessoas,0,Classes de rendimento nominal mensal domiciliar per capita,Mais de 15 a 20 salários mínimos
Distribuição por faixas de renda,2022,Município,2500304,Alagoa Grande (PB),"Moradores em domicílios particulares permanentes ocupados, exclusive os cuja condição no domicílio era pensionista, empregado(a) doméstico(a) ou parente do(a) empregado(a) doméstico(a)",Pessoas,0,Classes de rendimento nominal mensal domiciliar per capita,Mais de 15 a 20 salários mínimos
Distribuição por faixas de renda,2022,Município,2500403,Alagoa Nova (PB),"Moradores em domicílios particulares permanentes ocupados, exclusive os cuja condição no domicílio era pensionista, empregado(a) doméstico(a) ou parente do(a) empregado(a) doméstico(a)",Pessoas,0,Classes de rendimento nominal mensal domiciliar per capita,Mais de 15 a 20 salários mínimos
Distribuição por faixas de renda,2022,Município,2500502,Alagoinha (PB),"Moradores em domicílios particulares permanentes ocupados, exclusive os cuja condição no domicílio era pensionista, empregado(a) doméstico(a) ou parente do(a) empregado(a) doméstico(a)",Pessoas,0,Classes de rendimento nominal mensal domiciliar per capita,Mais de 15 a 20 salários mínimos
Distribuição por faixas de renda,2022,Município,2500536,Alcantil (PB),"Moradores em domicílios particulares permanentes ocupados, exclusive os cuja condição no domicílio era pensionista, empregado(a) doméstico(a) ou parente do(a) empregado(a) doméstico(a)",Pessoas,0,Classes de rendimento nominal mensal domiciliar per capita,Mais de 15 a 20 salários mínimos
Distribuição por faixas de renda,2022,Município,2500577,Algodão de Jandaíra (PB),"Moradores em domicílios particulares permanentes ocupados, exclusive os cuja condição no domicílio era pensionista, empregado(a) doméstico(a) ou parente do(a) empregado(a) doméstico(a)",Pessoas,0,Classes de rendimento nominal mensal domiciliar per capita,Mais de 15 a 20 salários mínimos
Distribuição por faixas de renda,2022,Município,2500601,Alhandra (PB),"Moradores em domicílios particulares permanentes ocupados, exclusive os cuja condição no domicílio era pensionista, empregado(a) doméstico(a) ou parente do(a) empregado(a) doméstico(a)",Pessoas,0,Classes de rendimento nominal mensal domiciliar per capita,Mais de 15 a 20 salários mínimos
Distribuição por faixas de renda,2022,Município,2500700,São João do Rio do Peixe (PB),"Moradores em domicílios particulares permanentes ocupados, exclusive os cuja condição no domicílio era pensionista, empregado(a) doméstico(a) ou parente do(a) empregado(a) doméstico(a)",Pessoas,0,Classes de rendimento nominal mensal domiciliar per capita,Mais de 15 a 20 salários mínimos
Distribuição por faixas de renda,2022,Município,2500734,Amparo (PB),"Moradores em domicílios particulares permanentes ocupados, exclusive os cuja condição no domicílio era pensionista, empregado(a) doméstico(a) ou parente do(a) empregado(a) doméstico(a)",Pessoas,0,Classes de rendimento nominal mensal domiciliar per capita,Mais de 15 a 20 salários mínimos
Distribuição por faixas de renda,2022,Município,2500775,Aparecida (PB),"Moradores em domicílios particulares permanentes ocupados, exclusive os cuja condição no domicílio era pensionista, empregado(a) doméstico(a) ou parente do(a) empregado(a) doméstico(a)",Pessoas,0,Classes de rendimento nominal mensal domiciliar per capita,Mais de 15 a 20 salários mínimos
Distribuição por faixas de renda,2022,Município,2500809,Araçagi (PB),"Moradores em domicílios particulares permanentes ocupados, exclusive os cuja condição no domicílio era pensionista, empregado(a) doméstico(a) ou parente do(a) empregado(a) doméstico(a)",Pessoas,0,Classes de rendimento nominal mensal domiciliar per capita,Mais de 15 a 20 salários mínimos
Distribuição por faixas de renda,2022,Município,2500908,Arara (PB),"Moradores em domicílios particulares permanentes ocupados, exclusive os cuja condição no domicílio era pensionista, empregado(a) doméstico(a) ou parente do(a) empregado(a) doméstico(a)",Pessoas,0,Classes de rendimento nominal mensal domiciliar per capita,Mais de 15 a 20 salários mínimos
Distribuição por faixas de renda,2022,Município,2501005,Araruna (PB),"Moradores em domicílios particulares permanentes ocupados, exclusive os cuja condição no domicílio era pensionista, empregado(a) doméstico(a) ou parente do(a) empregado(a) doméstico(a)",Pessoas,0,Classes de rendimento nominal mensal domiciliar per capita,Mais de 15 a 20 salários mínimos
Distribuição por faixas de renda,2022,Município,2501104,Areia (PB),"Moradores em domicílios particulares permanentes ocupados, exclusive os cuja condição no domicílio era pensionista, empregado(a) doméstico(a) ou parente do(a) empregado(a) doméstico(a)",Pessoas,13,Classes de rendimento nominal mensal domiciliar per capita,Mais de 15 a 20 salários mínimos
Distribuição por faixas de renda,2022,Município,2501153,Areia de Baraúnas (PB),"Moradores em domicílios particulares permanentes ocupados, exclusive os cuja condição no domicílio era pensionista, empregado(a) doméstico(a) ou parente do(a) empregado(a) doméstico(a)",Pessoas,0,Classes de rendimento nominal mensal domiciliar per capita,Mais de 15 a 20 salários mínimos
Distribuição por faixas de renda,2022,Município,2501203,Areial (PB),"Moradores em domicílios particulares permanentes ocupados, exclusive os cuja condição no domicílio era pensionista, empregado(a) doméstico(a) ou parente do(a) empregado(a) doméstico(a)",Pessoas,6,Classes de rendimento nominal mensal domiciliar per capita,Mais de 15 a 20 salários mínimos
Distribuição por faixas de renda,2022,Município,2501302,Aroeiras (PB),"Moradores em domicílios particulares permanentes ocupados, exclusive os cuja condição no domicílio era pensionista, empregado(a) doméstico(a) ou parente do(a) empregado(a) doméstico(a)",Pessoas,0,Classes de rendimento nominal mensal domiciliar per capita,Mais de 15 a 20 salários mínimos
Distribuição por faixas de renda,2022,Município,2501351,Assunção (PB),"Moradores em domicílios particulares permanentes ocupados, exclusive os cuja condição no domicílio era pensionista, empregado(a) doméstico(a) ou parente do(a) empregado(a) doméstico(a)",Pessoas,0,Classes de rendimento nominal mensal domiciliar per capita,Mais de 15 a 20 salários mínimos
Distribuição por faixas de renda,2022,Município,2501401,Baía da Traição (PB),"Moradores em domicílios particulares permanentes ocupados, exclusive os cuja condição no domicílio era pensionista, empregado(a) doméstico(a) ou parente do(a) empregado(a) doméstico(a)",Pessoas,4,Classes de rendimento nominal mensal domiciliar per capita,Mais de 15 a 20 salários mínimos
Distribuição por faixas de renda,2022,Município,2501500,Bananeiras (PB),"Moradores em domicílios particulares permanentes ocupados, exclusive os cuja condição no domicílio era pensionista, empregado(a) doméstico(a) ou parente do(a) empregado(a) doméstico(a)",Pessoas,0,Classes de rendimento nominal mensal domiciliar per capita,Mais de 15 a 20 salários mínimos
Distribuição por faixas de renda,2022,Município,2501534,Baraúna (PB),"Moradores em domicílios particulares permanentes ocupados, exclusive os cuja condição no domicílio era pensionista, empregado(a) doméstico(a) ou parente do(a) empregado(a) doméstico(a)",Pessoas,0,Classes de rendimento nominal mensal domiciliar per capita,Mais de 15 a 20 salários mínimos
Distribuição por faixas de renda,2022,Município,2501575,Barra de Santana (PB),"Moradores em domicílios particulares permanentes ocupados, exclusive os cuja condição no domicílio era pensionista, empregado(a) doméstico(a) ou parente do(a) empregado(a) doméstico(a)",Pessoas,0,Classes de rendimento nominal mensal domiciliar per capita,Mais de 15 a 20 salários mínimos
Distribuição por faixas de renda,2022,Município,2501609,Barra de Santa Rosa (PB),"Moradores em domicílios particulares permanentes ocupados, exclusive os cuja condição no domicílio era pensionista, empregado(a) doméstico(a) ou parente do(a) empregado(a) doméstico(a)",Pessoas,0,Classes de rendimento nominal mensal domiciliar per capita,Mais de 15 a 20 salários mínimos
Distribuição por faixas de renda,2022,Município,2501708,Barra de São Miguel (PB),"Moradores em domicílios particulares permanentes ocupados, exclusive os cuja condição no domicílio era pensionista, empregado(a) doméstico(a) ou parente do(a) empregado(a) doméstico(a)",Pessoas,0,Classes de rendimento nominal mensal domiciliar per capita,Mais de 15 a 20 salários mínimos
Distribuição por faixas de renda,2022,Município,2501807,Bayeux (PB),"Moradores em domicílios particulares permanentes ocupados, exclusive os cuja condição no domicílio era pensionista, empregado(a) doméstico(a) ou parente do(a) empregado(a) doméstico(a)",Pessoas,0,Classes de rendimento nominal mensal domiciliar per capita,Mais de 15 a 20 salários mínimos
Distribuição por faixas de renda,2022,Município,2501906,Belém (PB),"Moradores em domicílios particulares permanentes ocupados, exclusive os cuja condição no domicílio era pensionista, empregado(a) doméstico(a) ou parente do(a) empregado(a) doméstico(a)",Pessoas,11,Classes de rendimento nominal mensal domiciliar per capita,Mais de 15 a 20 salários mínimos
Distribuição por faixas de renda,2022,Município,2502003,Belém do Brejo do Cruz (PB),"Moradores em domicílios particulares permanentes ocupados, exclusive os cuja condição no domicílio era pensionista, empregado(a) doméstico(a) ou parente do(a) empregado(a) doméstico(a)",Pessoas,3,Classes de rendimento nominal mensal domiciliar per capita,Mais de 15 a 20 salários mínimos
Distribuição por faixas de renda,2022,Município,2502052,Bernardino Batista (PB),"Moradores em domicílios particulares permanentes ocupados, exclusive os cuja condição no domicílio era pensionista, empregado(a) doméstico(a) ou parente do(a) empregado(a) doméstico(a)",Pessoas,0,Classes de rendimento nominal mensal domiciliar per capita,Mais de 15 a 20 salários mínimos
Distribuição por faixas de renda,2022,Município,2502102,Boa Ventura (PB),"Moradores em domicílios particulares permanentes ocupados, exclusive os cuja condição no domicílio era pensionista, empregado(a) doméstico(a) ou parente do(a) empregado(a) doméstico(a)",Pessoas,0,Classes de rendimento nominal mensal domiciliar per capita,Mais de 15 a 20 salários mínimos
Distribuição por faixas de renda,2022,Município,2502151,Boa Vista (PB),"Moradores em domicílios particulares permanentes ocupados, exclusive os cuja condição no domicílio era pensionista, empregado(a) doméstico(a) ou parente do(a) empregado(a) doméstico(a)",Pessoas,0,Classes de rendimento nominal mensal domiciliar per capita,Mais de 15 a 20 salários mínimos
Distribuição por faixas de renda,2022,Município,2502201,Bom Jesus (PB),"Moradores em domicílios particulares permanentes ocupados, exclusive os cuja condição no domicílio era pensionista, empregado(a) doméstico(a) ou parente do(a) empregado(a) doméstico(a)",Pessoas,0,Classes de rendimento nominal mensal domiciliar per capita,Mais de 15 a 20 salários mínimos
Distribuição por faixas de renda,2022,Município,2502300,Bom Sucesso (PB),"Moradores em domicílios particulares permanentes ocupados, exclusive os cuja condição no domicílio era pensionista, empregado(a) doméstico(a) ou parente do(a) empregado(a) doméstico(a)",Pessoas,0,Classes de rendimento nominal mensal domiciliar per capita,Mais de 15 a 20 salários mínimos
Distribuição por faixas de renda,2022,Município,2502409,Bonito de Santa Fé (PB),"Moradores em domicílios particulares permanentes ocupados, exclusive os cuja condição no domicílio era pensionista, empregado(a) doméstico(a) ou parente do(a) empregado(a) doméstico(a)",Pessoas,0,Classes de rendimento nominal mensal domiciliar per capita,Mais de 15 a 20 salários mínimos
Distribuição por faixas de renda,2022,Município,2502508,Boqueirão (PB),"Moradores em domicílios particulares permanentes ocupados, exclusive os cuja condição no domicílio era pensionista, empregado(a) doméstico(a) ou parente do(a) empregado(a) doméstico(a)",Pessoas,6,Classes de rendimento nominal mensal domiciliar per capita,Mais de 15 a 20 salários mínimos
Distribuição por faixas de renda,2022,Município,2502607,Igaracy (PB),"Moradores em domicílios particulares permanentes ocupados, exclusive os cuja condição no domicílio era pensionista, empregado(a) doméstico(a) ou parente do(a) empregado(a) doméstico(a)",Pessoas,0,Classes de rendimento nominal mensal domiciliar per capita,Mais de 15 a 20 salários mínimos
Distribuição por faixas de renda,2022,Município,2502706,Borborema (PB),"Moradores em domicílios particulares permanentes ocupados, exclusive os cuja condição no domicílio era pensionista, empregado(a) doméstico(a) ou parente do(a) empregado(a) doméstico(a)",Pessoas,0,Classes de rendimento nominal mensal domiciliar per capita,Mais de 15 a 20 salários mínimos
Distribuição por faixas de renda,2022,Município,2502805,Brejo do Cruz (PB),"Moradores em domicílios particulares permanentes ocupados, exclusive os cuja condição no domicílio era pensionista, empregado(a) doméstico(a) ou parente do(a) empregado(a) doméstico(a)",Pessoas,0,Classes de rendimento nominal mensal domiciliar per capita,Mais de 15 a 20 salários mínimos
Distribuição por faixas de renda,2022,Município,2502904,Brejo dos Santos (PB),"Moradores em domicílios particulares permanentes ocupados, exclusive os cuja condição no domicílio era pensionista, empregado(a) doméstico(a) ou parente do(a) empregado(a) doméstico(a)",Pessoas,0,Classes de rendimento nominal mensal domiciliar per capita,Mais de 15 a 20 salários mínimos
Distribuição por faixas de renda,2022,Município,2503001,Caaporã (PB),"Moradores em domicílios particulares permanentes ocupados, exclusive os cuja condição no domicílio era pensionista, empregado(a) doméstico(a) ou parente do(a) empregado(a) doméstico(a)",Pessoas,0,Classes de rendimento nominal mensal domiciliar per capita,Mais de 15 a 20 salários mínimos
Distribuição por faixas de renda,2022,Município,2503100,Cabaceiras (PB),"Moradores em domicílios particulares permanentes ocupados, exclusive os cuja condição no domicílio era pensionista, empregado(a) doméstico(a) ou parente do(a) empregado(a) doméstico(a)",Pessoas,12,Classes de rendimento nominal mensal domiciliar per capita,Mais de 15 a 20 salários mínimos
Distribuição por faixas de renda,2022,Município,2503209,Cabedelo (PB),"Moradores em domicílios particulares permanentes ocupados, exclusive os cuja condição no domicílio era pensionista, empregado(a) doméstico(a) ou parente do(a) empregado(a) doméstico(a)",Pessoas,250,Classes de rendimento nominal mensal domiciliar per capita,Mais de 15 a 20 salários mínimos
Distribuição por faixas de renda,2022,Município,2503308,Cachoeira dos Índios (PB),"Moradores em domicílios particulares permanentes ocupados, exclusive os cuja condição no domicílio era pensionista, empregado(a) doméstico(a) ou parente do(a) empregado(a) doméstico(a)",Pessoas,0,Classes de rendimento nominal mensal domiciliar per capita,Mais de 15 a 20 salários mínimos
Distribuição por faixas de renda,2022,Município,2503407,Cacimba de Areia (PB),"Moradores em domicílios particulares permanentes ocupados, exclusive os cuja condição no domicílio era pensionista, empregado(a) doméstico(a) ou parente do(a) empregado(a) doméstico(a)",Pessoas,0,Classes de rendimento nominal mensal domiciliar per capita,Mais de 15 a 20 salários mínimos
Distribuição por faixas de renda,2022,Município,2503506,Cacimba de Dentro (PB),"Moradores em domicílios particulares permanentes ocupados, exclusive os cuja condição no domicílio era pensionista, empregado(a) doméstico(a) ou parente do(a) empregado(a) doméstico(a)",Pessoas,0,Classes de rendimento nominal mensal domiciliar per capita,Mais de 15 a 20 salários mínimos
Distribuição por faixas de renda,2022,Município,2503555,Cacimbas (PB),"Moradores em domicílios particulares permanentes ocupados, exclusive os cuja condição no domicílio era pensionista, empregado(a) doméstico(a) ou parente do(a) empregado(a) doméstico(a)",Pessoas,0,Classes de rendimento nominal mensal domiciliar per capita,Mais de 15 a 20 salários mínimos
Distribuição por faixas de renda,2022,Município,2503605,Caiçara (PB),"Moradores em domicílios particulares permanentes ocupados, exclusive os cuja condição no domicílio era pensionista, empregado(a) doméstico(a) ou parente do(a) empregado(a) doméstico(a)",Pessoas,0,Classes de rendimento nominal mensal domiciliar per capita,Mais de 15 a 20 salários mínimos
Distribuição por faixas de renda,2022,Município,2503704,Cajazeiras (PB),"Moradores em domicílios particulares permanentes ocupados, exclusive os cuja condição no domicílio era pensionista, empregado(a) doméstico(a) ou parente do(a) empregado(a) doméstico(a)",Pessoas,14,Classes de rendimento nominal mensal domiciliar per capita,Mais de 15 a 20 salários mínimos
Distribuição por faixas de renda,2022,Município,2503753,Cajazeirinhas (PB),"Moradores em domicílios particulares permanentes ocupados, exclusive os cuja condição no domicílio era pensionista, empregado(a) doméstico(a) ou parente do(a) empregado(a) doméstico(a)",Pessoas,0,Classes de rendimento nominal mensal domiciliar per capita,Mais de 15 a 20 salários mínimos
Distribuição por faixas de renda,2022,Município,2503803,Caldas Brandão (PB),"Moradores em domicílios particulares permanentes ocupados, exclusive os cuja condição no domicílio era pensionista, empregado(a) doméstico(a) ou parente do(a) empregado(a) doméstico(a)",Pessoas,0,Classes de rendimento nominal mensal domiciliar per capita,Mais de 15 a 20 salários mínimos
Distribuição por faixas de renda,2022,Município,2503902,Camalaú (PB),"Moradores em domicílios particulares permanentes ocupados, exclusive os cuja condição no domicílio era pensionista, empregado(a) doméstico(a) ou parente do(a) empregado(a) doméstico(a)",Pessoas,0,Classes de rendimento nominal mensal domiciliar per capita,Mais de 15 a 20 salários mínimos
Distribuição por faixas de renda,2022,Município,2504009,Campina Grande (PB),"Moradores em domicílios particulares permanentes ocupados, exclusive os cuja condição no domicílio era pensionista, empregado(a) doméstico(a) ou parente do(a) empregado(a) doméstico(a)",Pessoas,392,Classes de rendimento nominal mensal domiciliar per capita,Mais de 15 a 20 salários mínimos
Distribuição por faixas de renda,2022,Município,2504033,Capim (PB),"Moradores em domicílios particulares permanentes ocupados, exclusive os cuja condição no domicílio era pensionista, empregado(a) doméstico(a) ou parente do(a) empregado(a) doméstico(a)",Pessoas,0,Classes de rendimento nominal mensal domiciliar per capita,Mais de 15 a 20 salários mínimos
Distribuição por faixas de renda,2022,Município,2504074,Caraúbas (PB),"Moradores em domicílios particulares permanentes ocupados, exclusive os cuja condição no domicílio era pensionista, empregado(a) doméstico(a) ou parente do(a) empregado(a) doméstico(a)",Pessoas,0,Classes de rendimento nominal mensal domiciliar per capita,Mais de 15 a 20 salários mínimos
Distribuição por faixas de renda,2022,Município,2504108,Carrapateira (PB),"Moradores em domicílios particulares permanentes ocupados, exclusive os cuja condição no domicílio era pensionista, empregado(a) doméstico(a) ou parente do(a) empregado(a) doméstico(a)",Pessoas,0,Classes de rendimento nominal mensal domiciliar per capita,Mais de 15 a 20 salários mínimos
Distribuição por faixas de renda,2022,Município,2504157,Casserengue (PB),"Moradores em domicílios particulares permanentes ocupados, exclusive os cuja condição no domicílio era pensionista, empregado(a) doméstico(a) ou parente do(a) empregado(a) doméstico(a)",Pessoas,0,Classes de rendimento nominal mensal domiciliar per capita,Mais de 15 a 20 salários mínimos
Distribuição por faixas de renda,2022,Município,2504207,Catingueira (PB),"Moradores em domicílios particulares permanentes ocupados, exclusive os cuja condição no domicílio era pensionista, empregado(a) doméstico(a) ou parente do(a) empregado(a) doméstico(a)",Pessoas,0,Classes de rendimento nominal mensal domiciliar per capita,Mais de 15 a 20 salários mínimos
Distribuição por faixas de renda,2022,Município,2504306,Catolé do Rocha (PB),"Moradores em domicílios particulares permanentes ocupados, exclusive os cuja condição no domicílio era pensionista, empregado(a) doméstico(a) ou parente do(a) empregado(a) doméstico(a)",Pessoas,9,Classes de rendimento nominal mensal domiciliar per capita,Mais de 15 a 20 salários mínimos
Distribuição por faixas de renda,2022,Município,2504355,Caturité (PB),"Moradores em domicílios particulares permanentes ocupados, exclusive os cuja condição no domicílio era pensionista, empregado(a) doméstico(a) ou parente do(a) empregado(a) doméstico(a)",Pessoas,0,Classes de rendimento nominal mensal domiciliar per capita,Mais de 15 a 20 salários mínimos
Distribuição por faixas de renda,2022,Município,2504405,Conceição (PB),"Moradores em domicílios particulares permanentes ocupados, exclusive os cuja condição no domicílio era pensionista, empregado(a) doméstico(a) ou parente do(a) empregado(a) doméstico(a)",Pessoas,0,Classes de rendimento nominal mensal domiciliar per capita,Mais de 15 a 20 salários mínimos
Distribuição por faixas de renda,2022,Município,2504504,Condado (PB),"Moradores em domicílios particulares permanentes ocupados, exclusive os cuja condição no domicílio era pensionista, empregado(a) doméstico(a) ou parente do(a) empregado(a) doméstico(a)",Pessoas,0,Classes de rendimento nominal mensal domiciliar per capita,Mais de 15 a 20 salários mínimos
Distribuição por faixas de renda,2022,Município,2504603,Conde (PB),"Moradores em domicílios particulares permanentes ocupados, exclusive os cuja condição no domicílio era pensionista, empregado(a) doméstico(a) ou parente do(a) empregado(a) doméstico(a)",Pessoas,0,Classes de rendimento nominal mensal domiciliar per capita,Mais de 15 a 20 salários mínimos
Distribuição por faixas de renda,2022,Município,2504702,Congo (PB),"Moradores em domicílios particulares permanentes ocupados, exclusive os cuja condição no domicílio era pensionista, empregado(a) doméstico(a) ou parente do(a) empregado(a) doméstico(a)",Pessoas,0,Classes de rendimento nominal mensal domiciliar per capita,Mais de 15 a 20 salários mínimos
Distribuição por faixas de renda,2022,Município,2504801,Coremas (PB),"Moradores em domicílios particulares permanentes ocupados, exclusive os cuja condição no domicílio era pensionista, empregado(a) doméstico(a) ou parente do(a) empregado(a) doméstico(a)",Pessoas,10,Classes de rendimento nominal mensal domiciliar per capita,Mais de 15 a 20 salários mínimos
Distribuição por faixas de renda,2022,Município,2504850,Coxixola (PB),"Moradores em domicílios particulares permanentes ocupados, exclusive os cuja condição no domicílio era pensionista, empregado(a) doméstico(a) ou parente do(a) empregado(a) doméstico(a)",Pessoas,0,Classes de rendimento nominal mensal domiciliar per capita,Mais de 15 a 20 salários mínimos
Distribuição por faixas de renda,2022,Município,2504900,Cruz do Espírito Santo (PB),"Moradores em domicílios particulares permanentes ocupados, exclusive os cuja condição no domicílio era pensionista, empregado(a) doméstico(a) ou parente do(a) empregado(a) doméstico(a)",Pessoas,0,Classes de rendimento nominal mensal domiciliar per capita,Mais de 15 a 20 salários mínimos
Distribuição por faixas de renda,2022,Município,2505006,Cubati (PB),"Moradores em domicílios particulares permanentes ocupados, exclusive os cuja condição no domicílio era pensionista, empregado(a) doméstico(a) ou parente do(a) empregado(a) doméstico(a)",Pessoas,0,Classes de rendimento nominal mensal domiciliar per capita,Mais de 15 a 20 salários mínimos
Distribuição por faixas de renda,2022,Município,2505105,Cuité (PB),"Moradores em domicílios particulares permanentes ocupados, exclusive os cuja condição no domicílio era pensionista, empregado(a) doméstico(a) ou parente do(a) empregado(a) doméstico(a)",Pessoas,0,Classes de rendimento nominal mensal domiciliar per capita,Mais de 15 a 20 salários mínimos
Distribuição por faixas de renda,2022,Município,2505204,Cuitegi (PB),"Moradores em domicílios particulares permanentes ocupados, exclusive os cuja condição no domicílio era pensionista, empregado(a) doméstico(a) ou parente do(a) empregado(a) doméstico(a)",Pessoas,0,Classes de rendimento nominal mensal domiciliar per capita,Mais de 15 a 20 salários mínimos
Distribuição por faixas de renda,2022,Município,2505238,Cuité de Mamanguape (PB),"Moradores em domicílios particulares permanentes ocupados, exclusive os cuja condição no domicílio era pensionista, empregado(a) doméstico(a) ou parente do(a) empregado(a) doméstico(a)",Pessoas,0,Classes de rendimento nominal mensal domiciliar per capita,Mais de 15 a 20 salários mínimos
Distribuição por faixas de renda,2022,Município,2505279,Curral de Cima (PB),"Moradores em domicílios particulares permanentes ocupados, exclusive os cuja condição no domicílio era pensionista, empregado(a) doméstico(a) ou parente do(a) empregado(a) doméstico(a)",Pessoas,0,Classes de rendimento nominal mensal domiciliar per capita,Mais de 15 a 20 salários mínimos
Distribuição por faixas de renda,2022,Município,2505303,Curral Velho (PB),"Moradores em domicílios particulares permanentes ocupados, exclusive os cuja condição no domicílio era pensionista, empregado(a) doméstico(a) ou parente do(a) empregado(a) doméstico(a)",Pessoas,0,Classes de rendimento nominal mensal domiciliar per capita,Mais de 15 a 20 salários mínimos
Distribuição por faixas de renda,2022,Município,2505352,Damião (PB),"Moradores em domicílios particulares permanentes ocupados, exclusive os cuja condição no domicílio era pensionista, empregado(a) doméstico(a) ou parente do(a) empregado(a) doméstico(a)",Pessoas,0,Classes de rendimento nominal mensal domiciliar per capita,Mais de 15 a 20 salários mínimos
Distribuição por faixas de renda,2022,Município,2505402,Desterro (PB),"Moradores em domicílios particulares permanentes ocupados, exclusive os cuja condição no domicílio era pensionista, empregado(a) doméstico(a) ou parente do(a) empregado(a) doméstico(a)",Pessoas,0,Classes de rendimento nominal mensal domiciliar per capita,Mais de 15 a 20 salários mínimos
Distribuição por faixas de renda,2022,Município,2505501,Vista Serrana (PB),"Moradores em domicílios particulares permanentes ocupados, exclusive os cuja condição no domicílio era pensionista, empregado(a) doméstico(a) ou parente do(a) empregado(a) doméstico(a)",Pessoas,0,Classes de rendimento nominal mensal domiciliar per capita,Mais de 15 a 20 salários mínimos
Distribuição por faixas de renda,2022,Município,2505600,Diamante (PB),"Moradores em domicílios particulares permanentes ocupados, exclusive os cuja condição no domicílio era pensionista, empregado(a) doméstico(a) ou parente do(a) empregado(a) doméstico(a)",Pessoas,0,Classes de rendimento nominal mensal domiciliar per capita,Mais de 15 a 20 salários mínimos
Distribuição por faixas de renda,2022,Município,2505709,Dona Inês (PB),"Moradores em domicílios particulares permanentes ocupados, exclusive os cuja condição no domicílio era pensionista, empregado(a) doméstico(a) ou parente do(a) empregado(a) doméstico(a)",Pessoas,0,Classes de rendimento nominal mensal domiciliar per capita,Mais de 15 a 20 salários mínimos
Distribuição por faixas de renda,2022,Município,2505808,Duas Estradas (PB),"Moradores em domicílios particulares permanentes ocupados, exclusive os cuja condição no domicílio era pensionista, empregado(a) doméstico(a) ou parente do(a) empregado(a) doméstico(a)",Pessoas,0,Classes de rendimento nominal mensal domiciliar per capita,Mais de 15 a 20 salários mínimos
Distribuição por faixas de renda,2022,Município,2505907,Emas (PB),"Moradores em domicílios particulares permanentes ocupados, exclusive os cuja condição no domicílio era pensionista, empregado(a) doméstico(a) ou parente do(a) empregado(a) doméstico(a)",Pessoas,0,Classes de rendimento nominal mensal domiciliar per capita,Mais de 15 a 20 salários mínimos
Distribuição por faixas de renda,2022,Município,2506004,Esperança (PB),"Moradores em domicílios particulares permanentes ocupados, exclusive os cuja condição no domicílio era pensionista, empregado(a) doméstico(a) ou parente do(a) empregado(a) doméstico(a)",Pessoas,0,Classes de rendimento nominal mensal domiciliar per capita,Mais de 15 a 20 salários mínimos
Distribuição por faixas de renda,2022,Município,2506103,Fagundes (PB),"Moradores em domicílios particulares permanentes ocupados, exclusive os cuja condição no domicílio era pensionista, empregado(a) doméstico(a) ou parente do(a) empregado(a) doméstico(a)",Pessoas,0,Classes de rendimento nominal mensal domiciliar per capita,Mais de 15 a 20 salários mínimos
Distribuição por faixas de renda,2022,Município,2506202,Frei Martinho (PB),"Moradores em domicílios particulares permanentes ocupados, exclusive os cuja condição no domicílio era pensionista, empregado(a) doméstico(a) ou parente do(a) empregado(a) doméstico(a)",Pessoas,0,Classes de rendimento nominal mensal domiciliar per capita,Mais de 15 a 20 salários mínimos
Distribuição por faixas de renda,2022,Município,2506251,Gado Bravo (PB),"Moradores em domicílios particulares permanentes ocupados, exclusive os cuja condição no domicílio era pensionista, empregado(a) doméstico(a) ou parente do(a) empregado(a) doméstico(a)",Pessoas,0,Classes de rendimento nominal mensal domiciliar per capita,Mais de 15 a 20 salários mínimos
Distribuição por faixas de renda,2022,Município,2506301,Guarabira (PB),"Moradores em domicílios particulares permanentes ocupados, exclusive os cuja condição no domicílio era pensionista, empregado(a) doméstico(a) ou parente do(a) empregado(a) doméstico(a)",Pessoas,40,Classes de rendimento nominal mensal domiciliar per capita,Mais de 15 a 20 salários mínimos
Distribuição por faixas de renda,2022,Município,2506400,Gurinhém (PB),"Moradores em domicílios particulares permanentes ocupados, exclusive os cuja condição no domicílio era pensionista, empregado(a) doméstico(a) ou parente do(a) empregado(a) doméstico(a)",Pessoas,0,Classes de rendimento nominal mensal domiciliar per capita,Mais de 15 a 20 salários mínimos
Distribuição por faixas de renda,2022,Município,2506509,Gurjão (PB),"Moradores em domicílios particulares permanentes ocupados, exclusive os cuja condição no domicílio era pensionista, empregado(a) doméstico(a) ou parente do(a) empregado(a) doméstico(a)",Pessoas,0,Classes de rendimento nominal mensal domiciliar per capita,Mais de 15 a 20 salários mínimos
Distribuição por faixas de renda,2022,Município,2506608,Ibiara (PB),"Moradores em domicílios particulares permanentes ocupados, exclusive os cuja condição no domicílio era pensionista, empregado(a) doméstico(a) ou parente do(a) empregado(a) doméstico(a)",Pessoas,0,Classes de rendimento nominal mensal domiciliar per capita,Mais de 15 a 20 salários mínimos
Distribuição por faixas de renda,2022,Município,2506707,Imaculada (PB),"Moradores em domicílios particulares permanentes ocupados, exclusive os cuja condição no domicílio era pensionista, empregado(a) doméstico(a) ou parente do(a) empregado(a) doméstico(a)",Pessoas,0,Classes de rendimento nominal mensal domiciliar per capita,Mais de 15 a 20 salários mínimos
Distribuição por faixas de renda,2022,Município,2506806,Ingá (PB),"Moradores em domicílios particulares permanentes ocupados, exclusive os cuja condição no domicílio era pensionista, empregado(a) doméstico(a) ou parente do(a) empregado(a) doméstico(a)",Pessoas,0,Classes de rendimento nominal mensal domiciliar per capita,Mais de 15 a 20 salários mínimos
Distribuição por faixas de renda,2022,Município,2506905,Itabaiana (PB),"Moradores em domicílios particulares permanentes ocupados, exclusive os cuja condição no domicílio era pensionista, empregado(a) doméstico(a) ou parente do(a) empregado(a) doméstico(a)",Pessoas,0,Classes de rendimento nominal mensal domiciliar per capita,Mais de 15 a 20 salários mínimos
Distribuição por faixas de renda,2022,Município,2507002,Itaporanga (PB),"Moradores em domicílios particulares permanentes ocupados, exclusive os cuja condição no domicílio era pensionista, empregado(a) doméstico(a) ou parente do(a) empregado(a) doméstico(a)",Pessoas,0,Classes de rendimento nominal mensal domiciliar per capita,Mais de 15 a 20 salários mínimos
Distribuição por faixas de renda,2022,Município,2507101,Itapororoca (PB),"Moradores em domicílios particulares permanentes ocupados, exclusive os cuja condição no domicílio era pensionista, empregado(a) doméstico(a) ou parente do(a) empregado(a) doméstico(a)",Pessoas,0,Classes de rendimento nominal mensal domiciliar per capita,Mais de 15 a 20 salários mínimos
Distribuição por faixas de renda,2022,Município,2507200,Itatuba (PB),"Moradores em domicílios particulares permanentes ocupados, exclusive os cuja condição no domicílio era pensionista, empregado(a) doméstico(a) ou parente do(a) empregado(a) doméstico(a)",Pessoas,0,Classes de rendimento nominal mensal domiciliar per capita,Mais de 15 a 20 salários mínimos
Distribuição por faixas de renda,2022,Município,2507309,Jacaraú (PB),"Moradores em domicílios particulares permanentes ocupados, exclusive os cuja condição no domicílio era pensionista, empregado(a) doméstico(a) ou parente do(a) empregado(a) doméstico(a)",Pessoas,0,Classes de rendimento nominal mensal domiciliar per capita,Mais de 15 a 20 salários mínimos
Distribuição por faixas de renda,2022,Município,2507408,Jericó (PB),"Moradores em domicílios particulares permanentes ocupados, exclusive os cuja condição no domicílio era pensionista, empregado(a) doméstico(a) ou parente do(a) empregado(a) doméstico(a)",Pessoas,0,Classes de rendimento nominal mensal domiciliar per capita,Mais de 15 a 20 salários mínimos
Distribuição por faixas de renda,2022,Município,2507507,João Pessoa (PB),"Moradores em domicílios particulares permanentes ocupados, exclusive os cuja condição no domicílio era pensionista, empregado(a) doméstico(a) ou parente do(a) empregado(a) doméstico(a)",Pessoas,1841,Classes de rendimento nominal mensal domiciliar per capita,Mais de 15 a 20 salários mínimos
Distribuição por faixas de renda,2022,Município,2507606,Juarez Távora (PB),"Moradores em domicílios particulares permanentes ocupados, exclusive os cuja condição no domicílio era pensionista, empregado(a) doméstico(a) ou parente do(a) empregado(a) doméstico(a)",Pessoas,0,Classes de rendimento nominal mensal domiciliar per capita,Mais de 15 a 20 salários mínimos
Distribuição por faixas de renda,2022,Município,2507705,Juazeirinho (PB),"Moradores em domicílios particulares permanentes ocupados, exclusive os cuja condição no domicílio era pensionista, empregado(a) doméstico(a) ou parente do(a) empregado(a) doméstico(a)",Pessoas,0,Classes de rendimento nominal mensal domiciliar per capita,Mais de 15 a 20 salários mínimos
Distribuição por faixas de renda,2022,Município,2507804,Junco do Seridó (PB),"Moradores em domicílios particulares permanentes ocupados, exclusive os cuja condição no domicílio era pensionista, empregado(a) doméstico(a) ou parente do(a) empregado(a) doméstico(a)",Pessoas,0,Classes de rendimento nominal mensal domiciliar per capita,Mais de 15 a 20 salários mínimos
Distribuição por faixas de renda,2022,Município,2507903,Juripiranga (PB),"Moradores em domicílios particulares permanentes ocupados, exclusive os cuja condição no domicílio era pensionista, empregado(a) doméstico(a) ou parente do(a) empregado(a) doméstico(a)",Pessoas,0,Classes de rendimento nominal mensal domiciliar per capita,Mais de 15 a 20 salários mínimos
Distribuição por faixas de renda,2022,Município,2508000,Juru (PB),"Moradores em domicílios particulares permanentes ocupados, exclusive os cuja condição no domicílio era pensionista, empregado(a) doméstico(a) ou parente do(a) empregado(a) doméstico(a)",Pessoas,0,Classes de rendimento nominal mensal domiciliar per capita,Mais de 15 a 20 salários mínimos
Distribuição por faixas de renda,2022,Município,2508109,Lagoa (PB),"Moradores em domicílios particulares permanentes ocupados, exclusive os cuja condição no domicílio era pensionista, empregado(a) doméstico(a) ou parente do(a) empregado(a) doméstico(a)",Pessoas,0,Classes de rendimento nominal mensal domiciliar per capita,Mais de 15 a 20 salários mínimos
Distribuição por faixas de renda,2022,Município,2508208,Lagoa de Dentro (PB),"Moradores em domicílios particulares permanentes ocupados, exclusive os cuja condição no domicílio era pensionista, empregado(a) doméstico(a) ou parente do(a) empregado(a) doméstico(a)",Pessoas,0,Classes de rendimento nominal mensal domiciliar per capita,Mais de 15 a 20 salários mínimos
Distribuição por faixas de renda,2022,Município,2508307,Lagoa Seca (PB),"Moradores em domicílios particulares permanentes ocupados, exclusive os cuja condição no domicílio era pensionista, empregado(a) doméstico(a) ou parente do(a) empregado(a) doméstico(a)",Pessoas,0,Classes de rendimento nominal mensal domiciliar per capita,Mais de 15 a 20 salários mínimos
Distribuição por faixas de renda,2022,Município,2508406,Lastro (PB),"Moradores em domicílios particulares permanentes ocupados, exclusive os cuja condição no domicílio era pensionista, empregado(a) doméstico(a) ou parente do(a) empregado(a) doméstico(a)",Pessoas,0,Classes de rendimento nominal mensal domiciliar per capita,Mais de 15 a 20 salários mínimos
Distribuição por faixas de renda,2022,Município,2508505,Livramento (PB),"Moradores em domicílios particulares permanentes ocupados, exclusive os cuja condição no domicílio era pensionista, empregado(a) doméstico(a) ou parente do(a) empregado(a) doméstico(a)",Pessoas,0,Classes de rendimento nominal mensal domiciliar per capita,Mais de 15 a 20 salários mínimos
Distribuição por faixas de renda,2022,Município,2508554,Logradouro (PB),"Moradores em domicílios particulares permanentes ocupados, exclusive os cuja condição no domicílio era pensionista, empregado(a) doméstico(a) ou parente do(a) empregado(a) doméstico(a)",Pessoas,0,Classes de rendimento nominal mensal domiciliar per capita,Mais de 15 a 20 salários mínimos
Distribuição por faixas de renda,2022,Município,2508604,Lucena (PB),"Moradores em domicílios particulares permanentes ocupados, exclusive os cuja condição no domicílio era pensionista, empregado(a) doméstico(a) ou parente do(a) empregado(a) doméstico(a)",Pessoas,0,Classes de rendimento nominal mensal domiciliar per capita,Mais de 15 a 20 salários mínimos
Distribuição por faixas de renda,2022,Município,2508703,Mãe d'Água (PB),"Moradores em domicílios particulares permanentes ocupados, exclusive os cuja condição no domicílio era pensionista, empregado(a) doméstico(a) ou parente do(a) empregado(a) doméstico(a)",Pessoas,0,Classes de rendimento nominal mensal domiciliar per capita,Mais de 15 a 20 salários mínimos
Distribuição por faixas de renda,2022,Município,2508802,Malta (PB),"Moradores em domicílios particulares permanentes ocupados, exclusive os cuja condição no domicílio era pensionista, empregado(a) doméstico(a) ou parente do(a) empregado(a) doméstico(a)",Pessoas,0,Classes de rendimento nominal mensal domiciliar per capita,Mais de 15 a 20 salários mínimos
Distribuição por faixas de renda,2022,Município,2508901,Mamanguape (PB),"Moradores em domicílios particulares permanentes ocupados, exclusive os cuja condição no domicílio era pensionista, empregado(a) doméstico(a) ou parente do(a) empregado(a) doméstico(a)",Pessoas,0,Classes de rendimento nominal mensal domiciliar per capita,Mais de 15 a 20 salários mínimos
Distribuição por faixas de renda,2022,Município,2509008,Manaíra (PB),"Moradores em domicílios particulares permanentes ocupados, exclusive os cuja condição no domicílio era pensionista, empregado(a) doméstico(a) ou parente do(a) empregado(a) doméstico(a)",Pessoas,4,Classes de rendimento nominal mensal domiciliar per capita,Mais de 15 a 20 salários mínimos
Distribuição por faixas de renda,2022,Município,2509057,Marcação (PB),"Moradores em domicílios particulares permanentes ocupados, exclusive os cuja condição no domicílio era pensionista, empregado(a) doméstico(a) ou parente do(a) empregado(a) doméstico(a)",Pessoas,0,Classes de rendimento nominal mensal domiciliar per capita,Mais de 15 a 20 salários mínimos
Distribuição por faixas de renda,2022,Município,2509107,Mari (PB),"Moradores em domicílios particulares permanentes ocupados, exclusive os cuja condição no domicílio era pensionista, empregado(a) doméstico(a) ou parente do(a) empregado(a) doméstico(a)",Pessoas,0,Classes de rendimento nominal mensal domiciliar per capita,Mais de 15 a 20 salários mínimos
Distribuição por faixas de renda,2022,Município,2509156,Marizópolis (PB),"Moradores em domicílios particulares permanentes ocupados, exclusive os cuja condição no domicílio era pensionista, empregado(a) doméstico(a) ou parente do(a) empregado(a) doméstico(a)",Pessoas,0,Classes de rendimento nominal mensal domiciliar per capita,Mais de 15 a 20 salários mínimos
Distribuição por faixas de renda,2022,Município,2509206,Massaranduba (PB),"Moradores em domicílios particulares permanentes ocupados, exclusive os cuja condição no domicílio era pensionista, empregado(a) doméstico(a) ou parente do(a) empregado(a) doméstico(a)",Pessoas,0,Classes de rendimento nominal mensal domiciliar per capita,Mais de 15 a 20 salários mínimos
Distribuição por faixas de renda,2022,Município,2509305,Mataraca (PB),"Moradores em domicílios particulares permanentes ocupados, exclusive os cuja condição no domicílio era pensionista, empregado(a) doméstico(a) ou parente do(a) empregado(a) doméstico(a)",Pessoas,0,Classes de rendimento nominal mensal domiciliar per capita,Mais de 15 a 20 salários mínimos
Distribuição por faixas de renda,2022,Município,2509339,Matinhas (PB),"Moradores em domicílios particulares permanentes ocupados, exclusive os cuja condição no domicílio era pensionista, empregado(a) doméstico(a) ou parente do(a) empregado(a) doméstico(a)",Pessoas,0,Classes de rendimento nominal mensal domiciliar per capita,Mais de 15 a 20 salários mínimos
Distribuição por faixas de renda,2022,Município,2509370,Mato Grosso (PB),"Moradores em domicílios particulares permanentes ocupados, exclusive os cuja condição no domicílio era pensionista, empregado(a) doméstico(a) ou parente do(a) empregado(a) doméstico(a)",Pessoas,0,Classes de rendimento nominal mensal domiciliar per capita,Mais de 15 a 20 salários mínimos
Distribuição por faixas de renda,2022,Município,2509396,Maturéia (PB),"Moradores em domicílios particulares permanentes ocupados, exclusive os cuja condição no domicílio era pensionista, empregado(a) doméstico(a) ou parente do(a) empregado(a) doméstico(a)",Pessoas,0,Classes de rendimento nominal mensal domiciliar per capita,Mais de 15 a 20 salários mínimos
Distribuição por faixas de renda,2022,Município,2509404,Mogeiro (PB),"Moradores em domicílios particulares permanentes ocupados, exclusive os cuja condição no domicílio era pensionista, empregado(a) doméstico(a) ou parente do(a) empregado(a) doméstico(a)",Pessoas,0,Classes de rendimento nominal mensal domiciliar per capita,Mais de 15 a 20 salários mínimos
Distribuição por faixas de renda,2022,Município,2509503,Montadas (PB),"Moradores em domicílios particulares permanentes ocupados, exclusive os cuja condição no domicílio era pensionista, empregado(a) doméstico(a) ou parente do(a) empregado(a) doméstico(a)",Pessoas,0,Classes de rendimento nominal mensal domiciliar per capita,Mais de 15 a 20 salários mínimos
Distribuição por faixas de renda,2022,Município,2509602,Monte Horebe (PB),"Moradores em domicílios particulares permanentes ocupados, exclusive os cuja condição no domicílio era pensionista, empregado(a) doméstico(a) ou parente do(a) empregado(a) doméstico(a)",Pessoas,0,Classes de rendimento nominal mensal domiciliar per capita,Mais de 15 a 20 salários mínimos
Distribuição por faixas de renda,2022,Município,2509701,Monteiro (PB),"Moradores em domicílios particulares permanentes ocupados, exclusive os cuja condição no domicílio era pensionista, empregado(a) doméstico(a) ou parente do(a) empregado(a) doméstico(a)",Pessoas,0,Classes de rendimento nominal mensal domiciliar per capita,Mais de 15 a 20 salários mínimos
Distribuição por faixas de renda,2022,Município,2509800,Mulungu (PB),"Moradores em domicílios particulares permanentes ocupados, exclusive os cuja condição no domicílio era pensionista, empregado(a) doméstico(a) ou parente do(a) empregado(a) doméstico(a)",Pessoas,0,Classes de rendimento nominal mensal domiciliar per capita,Mais de 15 a 20 salários mínimos
Distribuição por faixas de renda,2022,Município,2509909,Natuba (PB),"Moradores em domicílios particulares permanentes ocupados, exclusive os cuja condição no domicílio era pensionista, empregado(a) doméstico(a) ou parente do(a) empregado(a) doméstico(a)",Pessoas,7,Classes de rendimento nominal mensal domiciliar per capita,Mais de 15 a 20 salários mínimos
Distribuição por faixas de renda,2022,Município,2510006,Nazarezinho (PB),"Moradores em domicílios particulares permanentes ocupados, exclusive os cuja condição no domicílio era pensionista, empregado(a) doméstico(a) ou parente do(a) empregado(a) doméstico(a)",Pessoas,0,Classes de rendimento nominal mensal domiciliar per capita,Mais de 15 a 20 salários mínimos
Distribuição por faixas de renda,2022,Município,2510105,Nova Floresta (PB),"Moradores em domicílios particulares permanentes ocupados, exclusive os cuja condição no domicílio era pensionista, empregado(a) doméstico(a) ou parente do(a) empregado(a) doméstico(a)",Pessoas,0,Classes de rendimento nominal mensal domiciliar per capita,Mais de 15 a 20 salários mínimos
Distribuição por faixas de renda,2022,Município,2510204,Nova Olinda (PB),"Moradores em domicílios particulares permanentes ocupados, exclusive os cuja condição no domicílio era pensionista, empregado(a) doméstico(a) ou parente do(a) empregado(a) doméstico(a)",Pessoas,0,Classes de rendimento nominal mensal domiciliar per capita,Mais de 15 a 20 salários mínimos
Distribuição por faixas de renda,2022,Município,2510303,Nova Palmeira (PB),"Moradores em domicílios particulares permanentes ocupados, exclusive os cuja condição no domicílio era pensionista, empregado(a) doméstico(a) ou parente do(a) empregado(a) doméstico(a)",Pessoas,0,Classes de rendimento nominal mensal domiciliar per capita,Mais de 15 a 20 salários mínimos
Distribuição por faixas de renda,2022,Município,2510402,Olho d'Água (PB),"Moradores em domicílios particulares permanentes ocupados, exclusive os cuja condição no domicílio era pensionista, empregado(a) doméstico(a) ou parente do(a) empregado(a) doméstico(a)",Pessoas,0,Classes de rendimento nominal mensal domiciliar per capita,Mais de 15 a 20 salários mínimos
Distribuição por faixas de renda,2022,Município,2510501,Olivedos (PB),"Moradores em domicílios particulares permanentes ocupados, exclusive os cuja condição no domicílio era pensionista, empregado(a) doméstico(a) ou parente do(a) empregado(a) doméstico(a)",Pessoas,0,Classes de rendimento nominal mensal domiciliar per capita,Mais de 15 a 20 salários mínimos
Distribuição por faixas de renda,2022,Município,2510600,Ouro Velho (PB),"Moradores em domicílios particulares permanentes ocupados, exclusive os cuja condição no domicílio era pensionista, empregado(a) doméstico(a) ou parente do(a) empregado(a) doméstico(a)",Pessoas,0,Classes de rendimento nominal mensal domiciliar per capita,Mais de 15 a 20 salários mínimos
Distribuição por faixas de renda,2022,Município,2510659,Parari (PB),"Moradores em domicílios particulares permanentes ocupados, exclusive os cuja condição no domicílio era pensionista, empregado(a) doméstico(a) ou parente do(a) empregado(a) doméstico(a)",Pessoas,0,Classes de rendimento nominal mensal domiciliar per capita,Mais de 15 a 20 salários mínimos
Distribuição por faixas de renda,2022,Município,2510709,Passagem (PB),"Moradores em domicílios particulares permanentes ocupados, exclusive os cuja condição no domicílio era pensionista, empregado(a) doméstico(a) ou parente do(a) empregado(a) doméstico(a)",Pessoas,0,Classes de rendimento nominal mensal domiciliar per capita,Mais de 15 a 20 salários mínimos
Distribuição por faixas de renda,2022,Município,2510808,Patos (PB),"Moradores em domicílios particulares permanentes ocupados, exclusive os cuja condição no domicílio era pensionista, empregado(a) doméstico(a) ou parente do(a) empregado(a) doméstico(a)",Pessoas,48,Classes de rendimento nominal mensal domiciliar per capita,Mais de 15 a 20 salários mínimos
Distribuição por faixas de renda,2022,Município,2510907,Paulista (PB),"Moradores em domicílios particulares permanentes ocupados, exclusive os cuja condição no domicílio era pensionista, empregado(a) doméstico(a) ou parente do(a) empregado(a) doméstico(a)",Pessoas,0,Classes de rendimento nominal mensal domiciliar per capita,Mais de 15 a 20 salários mínimos
Distribuição por faixas de renda,2022,Município,2511004,Pedra Branca (PB),"Moradores em domicílios particulares permanentes ocupados, exclusive os cuja condição no domicílio era pensionista, empregado(a) doméstico(a) ou parente do(a) empregado(a) doméstico(a)",Pessoas,0,Classes de rendimento nominal mensal domiciliar per capita,Mais de 15 a 20 salários mínimos
Distribuição por faixas de renda,2022,Município,2511103,Pedra Lavrada (PB),"Moradores em domicílios particulares permanentes ocupados, exclusive os cuja condição no domicílio era pensionista, empregado(a) doméstico(a) ou parente do(a) empregado(a) doméstico(a)",Pessoas,0,Classes de rendimento nominal mensal domiciliar per capita,Mais de 15 a 20 salários mínimos
Distribuição por faixas de renda,2022,Município,2511202,Pedras de Fogo (PB),"Moradores em domicílios particulares permanentes ocupados, exclusive os cuja condição no domicílio era pensionista, empregado(a) doméstico(a) ou parente do(a) empregado(a) doméstico(a)",Pessoas,12,Classes de rendimento nominal mensal domiciliar per capita,Mais de 15 a 20 salários mínimos
Distribuição por faixas de renda,2022,Município,2511301,Piancó (PB),"Moradores em domicílios particulares permanentes ocupados, exclusive os cuja condição no domicílio era pensionista, empregado(a) doméstico(a) ou parente do(a) empregado(a) doméstico(a)",Pessoas,7,Classes de rendimento nominal mensal domiciliar per capita,Mais de 15 a 20 salários mínimos
Distribuição por faixas de renda,2022,Município,2511400,Picuí (PB),"Moradores em domicílios particulares permanentes ocupados, exclusive os cuja condição no domicílio era pensionista, empregado(a) doméstico(a) ou parente do(a) empregado(a) doméstico(a)",Pessoas,0,Classes de rendimento nominal mensal domiciliar per capita,Mais de 15 a 20 salários mínimos
Distribuição por faixas de renda,2022,Município,2511509,Pilar (PB),"Moradores em domicílios particulares permanentes ocupados, exclusive os cuja condição no domicílio era pensionista, empregado(a) doméstico(a) ou parente do(a) empregado(a) doméstico(a)",Pessoas,0,Classes de rendimento nominal mensal domiciliar per capita,Mais de 15 a 20 salários mínimos
Distribuição por faixas de renda,2022,Município,2511608,Pilões (PB),"Moradores em domicílios particulares permanentes ocupados, exclusive os cuja condição no domicílio era pensionista, empregado(a) doméstico(a) ou parente do(a) empregado(a) doméstico(a)",Pessoas,0,Classes de rendimento nominal mensal domiciliar per capita,Mais de 15 a 20 salários mínimos
Distribuição por faixas de renda,2022,Município,2511707,Pilõezinhos (PB),"Moradores em domicílios particulares permanentes ocupados, exclusive os cuja condição no domicílio era pensionista, empregado(a) doméstico(a) ou parente do(a) empregado(a) doméstico(a)",Pessoas,0,Classes de rendimento nominal mensal domiciliar per capita,Mais de 15 a 20 salários mínimos
Distribuição por faixas de renda,2022,Município,2511806,Pirpirituba (PB),"Moradores em domicílios particulares permanentes ocupados, exclusive os cuja condição no domicílio era pensionista, empregado(a) doméstico(a) ou parente do(a) empregado(a) doméstico(a)",Pessoas,0,Classes de rendimento nominal mensal domiciliar per capita,Mais de 15 a 20 salários mínimos
Distribuição por faixas de renda,2022,Município,2511905,Pitimbu (PB),"Moradores em domicílios particulares permanentes ocupados, exclusive os cuja condição no domicílio era pensionista, empregado(a) doméstico(a) ou parente do(a) empregado(a) doméstico(a)",Pessoas,0,Classes de rendimento nominal mensal domiciliar per capita,Mais de 15 a 20 salários mínimos
Distribuição por faixas de renda,2022,Município,2512002,Pocinhos (PB),"Moradores em domicílios particulares permanentes ocupados, exclusive os cuja condição no domicílio era pensionista, empregado(a) doméstico(a) ou parente do(a) empregado(a) doméstico(a)",Pessoas,0,Classes de rendimento nominal mensal domiciliar per capita,Mais de 15 a 20 salários mínimos
Distribuição por faixas de renda,2022,Município,2512036,Poço Dantas (PB),"Moradores em domicílios particulares permanentes ocupados, exclusive os cuja condição no domicílio era pensionista, empregado(a) doméstico(a) ou parente do(a) empregado(a) doméstico(a)",Pessoas,0,Classes de rendimento nominal mensal domiciliar per capita,Mais de 15 a 20 salários mínimos
Distribuição por faixas de renda,2022,Município,2512077,Poço de José de Moura (PB),"Moradores em domicílios particulares permanentes ocupados, exclusive os cuja condição no domicílio era pensionista, empregado(a) doméstico(a) ou parente do(a) empregado(a) doméstico(a)",Pessoas,0,Classes de rendimento nominal mensal domiciliar per capita,Mais de 15 a 20 salários mínimos
Distribuição por faixas de renda,2022,Município,2512101,Pombal (PB),"Moradores em domicílios particulares permanentes ocupados, exclusive os cuja condição no domicílio era pensionista, empregado(a) doméstico(a) ou parente do(a) empregado(a) doméstico(a)",Pessoas,36,Classes de rendimento nominal mensal domiciliar per capita,Mais de 15 a 20 salários mínimos
Distribuição por faixas de renda,2022,Município,2512200,Prata (PB),"Moradores em domicílios particulares permanentes ocupados, exclusive os cuja condição no domicílio era pensionista, empregado(a) doméstico(a) ou parente do(a) empregado(a) doméstico(a)",Pessoas,0,Classes de rendimento nominal mensal domiciliar per capita,Mais de 15 a 20 salários mínimos
Distribuição por faixas de renda,2022,Município,2512309,Princesa Isabel (PB),"Moradores em domicílios particulares permanentes ocupados, exclusive os cuja condição no domicílio era pensionista, empregado(a) doméstico(a) ou parente do(a) empregado(a) doméstico(a)",Pessoas,58,Classes de rendimento nominal mensal domiciliar per capita,Mais de 15 a 20 salários mínimos
Distribuição por faixas de renda,2022,Município,2512408,Puxinanã (PB),"Moradores em domicílios particulares permanentes ocupados, exclusive os cuja condição no domicílio era pensionista, empregado(a) doméstico(a) ou parente do(a) empregado(a) doméstico(a)",Pessoas,0,Classes de rendimento nominal mensal domiciliar per capita,Mais de 15 a 20 salários mínimos
Distribuição por faixas de renda,2022,Município,2512507,Queimadas (PB),"Moradores em domicílios particulares permanentes ocupados, exclusive os cuja condição no domicílio era pensionista, empregado(a) doméstico(a) ou parente do(a) empregado(a) doméstico(a)",Pessoas,0,Classes de rendimento nominal mensal domiciliar per capita,Mais de 15 a 20 salários mínimos
Distribuição por faixas de renda,2022,Município,2512606,Quixaba (PB),"Moradores em domicílios particulares permanentes ocupados, exclusive os cuja condição no domicílio era pensionista, empregado(a) doméstico(a) ou parente do(a) empregado(a) doméstico(a)",Pessoas,0,Classes de rendimento nominal mensal domiciliar per capita,Mais de 15 a 20 salários mínimos
Distribuição por faixas de renda,2022,Município,2512705,Remígio (PB),"Moradores em domicílios particulares permanentes ocupados, exclusive os cuja condição no domicílio era pensionista, empregado(a) doméstico(a) ou parente do(a) empregado(a) doméstico(a)",Pessoas,0,Classes de rendimento nominal mensal domiciliar per capita,Mais de 15 a 20 salários mínimos
Distribuição por faixas de renda,2022,Município,2512721,Pedro Régis (PB),"Moradores em domicílios particulares permanentes ocupados, exclusive os cuja condição no domicílio era pensionista, empregado(a) doméstico(a) ou parente do(a) empregado(a) doméstico(a)",Pessoas,0,Classes de rendimento nominal mensal domiciliar per capita,Mais de 15 a 20 salários mínimos
Distribuição por faixas de renda,2022,Município,2512747,Riachão (PB),"Moradores em domicílios particulares permanentes ocupados, exclusive os cuja condição no domicílio era pensionista, empregado(a) doméstico(a) ou parente do(a) empregado(a) doméstico(a)",Pessoas,0,Classes de rendimento nominal mensal domiciliar per capita,Mais de 15 a 20 salários mínimos
Distribuição por faixas de renda,2022,Município,2512754,Riachão do Bacamarte (PB),"Moradores em domicílios particulares permanentes ocupados, exclusive os cuja condição no domicílio era pensionista, empregado(a) doméstico(a) ou parente do(a) empregado(a) doméstico(a)",Pessoas,0,Classes de rendimento nominal mensal domiciliar per capita,Mais de 15 a 20 salários mínimos
Distribuição por faixas de renda,2022,Município,2512762,Riachão do Poço (PB),"Moradores em domicílios particulares permanentes ocupados, exclusive os cuja condição no domicílio era pensionista, empregado(a) doméstico(a) ou parente do(a) empregado(a) doméstico(a)",Pessoas,0,Classes de rendimento nominal mensal domiciliar per capita,Mais de 15 a 20 salários mínimos
Distribuição por faixas de renda,2022,Município,2512788,Riacho de Santo Antônio (PB),"Moradores em domicílios particulares permanentes ocupados, exclusive os cuja condição no domicílio era pensionista, empregado(a) doméstico(a) ou parente do(a) empregado(a) doméstico(a)",Pessoas,0,Classes de rendimento nominal mensal domiciliar per capita,Mais de 15 a 20 salários mínimos
Distribuição por faixas de renda,2022,Município,2512804,Riacho dos Cavalos (PB),"Moradores em domicílios particulares permanentes ocupados, exclusive os cuja condição no domicílio era pensionista, empregado(a) doméstico(a) ou parente do(a) empregado(a) doméstico(a)",Pessoas,0,Classes de rendimento nominal mensal domiciliar per capita,Mais de 15 a 20 salários mínimos
Distribuição por faixas de renda,2022,Município,2512903,Rio Tinto (PB),"Moradores em domicílios particulares permanentes ocupados, exclusive os cuja condição no domicílio era pensionista, empregado(a) doméstico(a) ou parente do(a) empregado(a) doméstico(a)",Pessoas,0,Classes de rendimento nominal mensal domiciliar per capita,Mais de 15 a 20 salários mínimos
Distribuição por faixas de renda,2022,Município,2513000,Salgadinho (PB),"Moradores em domicílios particulares permanentes ocupados, exclusive os cuja condição no domicílio era pensionista, empregado(a) doméstico(a) ou parente do(a) empregado(a) doméstico(a)",Pessoas,0,Classes de rendimento nominal mensal domiciliar per capita,Mais de 15 a 20 salários mínimos
Distribuição por faixas de renda,2022,Município,2513109,Salgado de São Félix (PB),"Moradores em domicílios particulares permanentes ocupados, exclusive os cuja condição no domicílio era pensionista, empregado(a) doméstico(a) ou parente do(a) empregado(a) doméstico(a)",Pessoas,0,Classes de rendimento nominal mensal domiciliar per capita,Mais de 15 a 20 salários mínimos
Distribuição por faixas de renda,2022,Município,2513158,Santa Cecília (PB),"Moradores em domicílios particulares permanentes ocupados, exclusive os cuja condição no domicílio era pensionista, empregado(a) doméstico(a) ou parente do(a) empregado(a) doméstico(a)",Pessoas,0,Classes de rendimento nominal mensal domiciliar per capita,Mais de 15 a 20 salários mínimos
Distribuição por faixas de renda,2022,Município,2513208,Santa Cruz (PB),"Moradores em domicílios particulares permanentes ocupados, exclusive os cuja condição no domicílio era pensionista, empregado(a) doméstico(a) ou parente do(a) empregado(a) doméstico(a)",Pessoas,0,Classes de rendimento nominal mensal domiciliar per capita,Mais de 15 a 20 salários mínimos
Distribuição por faixas de renda,2022,Município,2513307,Santa Helena (PB),"Moradores em domicílios particulares permanentes ocupados, exclusive os cuja condição no domicílio era pensionista, empregado(a) doméstico(a) ou parente do(a) empregado(a) doméstico(a)",Pessoas,0,Classes de rendimento nominal mensal domiciliar per capita,Mais de 15 a 20 salários mínimos
Distribuição por faixas de renda,2022,Município,2513356,Santa Inês (PB),"Moradores em domicílios particulares permanentes ocupados, exclusive os cuja condição no domicílio era pensionista, empregado(a) doméstico(a) ou parente do(a) empregado(a) doméstico(a)",Pessoas,0,Classes de rendimento nominal mensal domiciliar per capita,Mais de 15 a 20 salários mínimos
Distribuição por faixas de renda,2022,Município,2513406,Santa Luzia (PB),"Moradores em domicílios particulares permanentes ocupados, exclusive os cuja condição no domicílio era pensionista, empregado(a) doméstico(a) ou parente do(a) empregado(a) doméstico(a)",Pessoas,0,Classes de rendimento nominal mensal domiciliar per capita,Mais de 15 a 20 salários mínimos
Distribuição por faixas de renda,2022,Município,2513505,Santana de Mangueira (PB),"Moradores em domicílios particulares permanentes ocupados, exclusive os cuja condição no domicílio era pensionista, empregado(a) doméstico(a) ou parente do(a) empregado(a) doméstico(a)",Pessoas,0,Classes de rendimento nominal mensal domiciliar per capita,Mais de 15 a 20 salários mínimos
Distribuição por faixas de renda,2022,Município,2513604,Santana dos Garrotes (PB),"Moradores em domicílios particulares permanentes ocupados, exclusive os cuja condição no domicílio era pensionista, empregado(a) doméstico(a) ou parente do(a) empregado(a) doméstico(a)",Pessoas,0,Classes de rendimento nominal mensal domiciliar per capita,Mais de 15 a 20 salários mínimos
Distribuição por faixas de renda,2022,Município,2513653,Joca Claudino (PB),"Moradores em domicílios particulares permanentes ocupados, exclusive os cuja condição no domicílio era pensionista, empregado(a) doméstico(a) ou parente do(a) empregado(a) doméstico(a)",Pessoas,0,Classes de rendimento nominal mensal domiciliar per capita,Mais de 15 a 20 salários mínimos
Distribuição por faixas de renda,2022,Município,2513703,Santa Rita (PB),"Moradores em domicílios particulares permanentes ocupados, exclusive os cuja condição no domicílio era pensionista, empregado(a) doméstico(a) ou parente do(a) empregado(a) doméstico(a)",Pessoas,0,Classes de rendimento nominal mensal domiciliar per capita,Mais de 15 a 20 salários mínimos
Distribuição por faixas de renda,2022,Município,2513802,Santa Teresinha (PB),"Moradores em domicílios particulares permanentes ocupados, exclusive os cuja condição no domicílio era pensionista, empregado(a) doméstico(a) ou parente do(a) empregado(a) doméstico(a)",Pessoas,0,Classes de rendimento nominal mensal domiciliar per capita,Mais de 15 a 20 salários mínimos
Distribuição por faixas de renda,2022,Município,2513851,Santo André (PB),"Moradores em domicílios particulares permanentes ocupados, exclusive os cuja condição no domicílio era pensionista, empregado(a) doméstico(a) ou parente do(a) empregado(a) doméstico(a)",Pessoas,0,Classes de rendimento nominal mensal domiciliar per capita,Mais de 15 a 20 salários mínimos
Distribuição por faixas de renda,2022,Município,2513901,São Bento (PB),"Moradores em domicílios particulares permanentes ocupados, exclusive os cuja condição no domicílio era pensionista, empregado(a) doméstico(a) ou parente do(a) empregado(a) doméstico(a)",Pessoas,0,Classes de rendimento nominal mensal domiciliar per capita,Mais de 15 a 20 salários mínimos
Distribuição por faixas de renda,2022,Município,2513927,São Bentinho (PB),"Moradores em domicílios particulares permanentes ocupados, exclusive os cuja condição no domicílio era pensionista, empregado(a) doméstico(a) ou parente do(a) empregado(a) doméstico(a)",Pessoas,0,Classes de rendimento nominal mensal domiciliar per capita,Mais de 15 a 20 salários mínimos
Distribuição por faixas de renda,2022,Município,2513943,São Domingos do Cariri (PB),"Moradores em domicílios particulares permanentes ocupados, exclusive os cuja condição no domicílio era pensionista, empregado(a) doméstico(a) ou parente do(a) empregado(a) doméstico(a)",Pessoas,0,Classes de rendimento nominal mensal domiciliar per capita,Mais de 15 a 20 salários mínimos
Distribuição por faixas de renda,2022,Município,2513968,São Domingos (PB),"Moradores em domicílios particulares permanentes ocupados, exclusive os cuja condição no domicílio era pensionista, empregado(a) doméstico(a) ou parente do(a) empregado(a) doméstico(a)",Pessoas,0,Classes de rendimento nominal mensal domiciliar per capita,Mais de 15 a 20 salários mínimos
Distribuição por faixas de renda,2022,Município,2513984,São Francisco (PB),"Moradores em domicílios particulares permanentes ocupados, exclusive os cuja condição no domicílio era pensionista, empregado(a) doméstico(a) ou parente do(a) empregado(a) doméstico(a)",Pessoas,0,Classes de rendimento nominal mensal domiciliar per capita,Mais de 15 a 20 salários mínimos
Distribuição por faixas de renda,2022,Município,2514008,São João do Cariri (PB),"Moradores em domicílios particulares permanentes ocupados, exclusive os cuja condição no domicílio era pensionista, empregado(a) doméstico(a) ou parente do(a) empregado(a) doméstico(a)",Pessoas,0,Classes de rendimento nominal mensal domiciliar per capita,Mais de 15 a 20 salários mínimos
Distribuição por faixas de renda,2022,Município,2514107,São João do Tigre (PB),"Moradores em domicílios particulares permanentes ocupados, exclusive os cuja condição no domicílio era pensionista, empregado(a) doméstico(a) ou parente do(a) empregado(a) doméstico(a)",Pessoas,0,Classes de rendimento nominal mensal domiciliar per capita,Mais de 15 a 20 salários mínimos
Distribuição por faixas de renda,2022,Município,2514206,São José da Lagoa Tapada (PB),"Moradores em domicílios particulares permanentes ocupados, exclusive os cuja condição no domicílio era pensionista, empregado(a) doméstico(a) ou parente do(a) empregado(a) doméstico(a)",Pessoas,0,Classes de rendimento nominal mensal domiciliar per capita,Mais de 15 a 20 salários mínimos
Distribuição por faixas de renda,2022,Município,2514305,São José de Caiana (PB),"Moradores em domicílios particulares permanentes ocupados, exclusive os cuja condição no domicílio era pensionista, empregado(a) doméstico(a) ou parente do(a) empregado(a) doméstico(a)",Pessoas,0,Classes de rendimento nominal mensal domiciliar per capita,Mais de 15 a 20 salários mínimos
Distribuição por faixas de renda,2022,Município,2514404,São José de Espinharas (PB),"Moradores em domicílios particulares permanentes ocupados, exclusive os cuja condição no domicílio era pensionista, empregado(a) doméstico(a) ou parente do(a) empregado(a) doméstico(a)",Pessoas,0,Classes de rendimento nominal mensal domiciliar per capita,Mais de 15 a 20 salários mínimos
Distribuição por faixas de renda,2022,Município,2514453,São José dos Ramos (PB),"Moradores em domicílios particulares permanentes ocupados, exclusive os cuja condição no domicílio era pensionista, empregado(a) doméstico(a) ou parente do(a) empregado(a) doméstico(a)",Pessoas,0,Classes de rendimento nominal mensal domiciliar per capita,Mais de 15 a 20 salários mínimos
Distribuição por faixas de renda,2022,Município,2514503,São José de Piranhas (PB),"Moradores em domicílios particulares permanentes ocupados, exclusive os cuja condição no domicílio era pensionista, empregado(a) doméstico(a) ou parente do(a) empregado(a) doméstico(a)",Pessoas,0,Classes de rendimento nominal mensal domiciliar per capita,Mais de 15 a 20 salários mínimos
Distribuição por faixas de renda,2022,Município,2514552,São José de Princesa (PB),"Moradores em domicílios particulares permanentes ocupados, exclusive os cuja condição no domicílio era pensionista, empregado(a) doméstico(a) ou parente do(a) empregado(a) doméstico(a)",Pessoas,0,Classes de rendimento nominal mensal domiciliar per capita,Mais de 15 a 20 salários mínimos
Distribuição por faixas de renda,2022,Município,2514602,São José do Bonfim (PB),"Moradores em domicílios particulares permanentes ocupados, exclusive os cuja condição no domicílio era pensionista, empregado(a) doméstico(a) ou parente do(a) empregado(a) doméstico(a)",Pessoas,0,Classes de rendimento nominal mensal domiciliar per capita,Mais de 15 a 20 salários mínimos
Distribuição por faixas de renda,2022,Município,2514651,São José do Brejo do Cruz (PB),"Moradores em domicílios particulares permanentes ocupados, exclusive os cuja condição no domicílio era pensionista, empregado(a) doméstico(a) ou parente do(a) empregado(a) doméstico(a)",Pessoas,0,Classes de rendimento nominal mensal domiciliar per capita,Mais de 15 a 20 salários mínimos
Distribuição por faixas de renda,2022,Município,2514701,São José do Sabugi (PB),"Moradores em domicílios particulares permanentes ocupados, exclusive os cuja condição no domicílio era pensionista, empregado(a) doméstico(a) ou parente do(a) empregado(a) doméstico(a)",Pessoas,0,Classes de rendimento nominal mensal domiciliar per capita,Mais de 15 a 20 salários mínimos
Distribuição por faixas de renda,2022,Município,2514800,São José dos Cordeiros (PB),"Moradores em domicílios particulares permanentes ocupados, exclusive os cuja condição no domicílio era pensionista, empregado(a) doméstico(a) ou parente do(a) empregado(a) doméstico(a)",Pessoas,0,Classes de rendimento nominal mensal domiciliar per capita,Mais de 15 a 20 salários mínimos
Distribuição por faixas de renda,2022,Município,2514909,São Mamede (PB),"Moradores em domicílios particulares permanentes ocupados, exclusive os cuja condição no domicílio era pensionista, empregado(a) doméstico(a) ou parente do(a) empregado(a) doméstico(a)",Pessoas,5,Classes de rendimento nominal mensal domiciliar per capita,Mais de 15 a 20 salários mínimos
Distribuição por faixas de renda,2022,Município,2515005,São Miguel de Taipu (PB),"Moradores em domicílios particulares permanentes ocupados, exclusive os cuja condição no domicílio era pensionista, empregado(a) doméstico(a) ou parente do(a) empregado(a) doméstico(a)",Pessoas,0,Classes de rendimento nominal mensal domiciliar per capita,Mais de 15 a 20 salários mínimos
Distribuição por faixas de renda,2022,Município,2515104,São Sebastião de Lagoa de Roça (PB),"Moradores em domicílios particulares permanentes ocupados, exclusive os cuja condição no domicílio era pensionista, empregado(a) doméstico(a) ou parente do(a) empregado(a) doméstico(a)",Pessoas,4,Classes de rendimento nominal mensal domiciliar per capita,Mais de 15 a 20 salários mínimos
Distribuição por faixas de renda,2022,Município,2515203,São Sebastião do Umbuzeiro (PB),"Moradores em domicílios particulares permanentes ocupados, exclusive os cuja condição no domicílio era pensionista, empregado(a) doméstico(a) ou parente do(a) empregado(a) doméstico(a)",Pessoas,0,Classes de rendimento nominal mensal domiciliar per capita,Mais de 15 a 20 salários mínimos
Distribuição por faixas de renda,2022,Município,2515302,Sapé (PB),"Moradores em domicílios particulares permanentes ocupados, exclusive os cuja condição no domicílio era pensionista, empregado(a) doméstico(a) ou parente do(a) empregado(a) doméstico(a)",Pessoas,0,Classes de rendimento nominal mensal domiciliar per capita,Mais de 15 a 20 salários mínimos
Distribuição por faixas de renda,2022,Município,2515401,São Vicente do Seridó (PB),"Moradores em domicílios particulares permanentes ocupados, exclusive os cuja condição no domicílio era pensionista, empregado(a) doméstico(a) ou parente do(a) empregado(a) doméstico(a)",Pessoas,0,Classes de rendimento nominal mensal domiciliar per capita,Mais de 15 a 20 salários mínimos
Distribuição por faixas de renda,2022,Município,2515500,Serra Branca (PB),"Moradores em domicílios particulares permanentes ocupados, exclusive os cuja condição no domicílio era pensionista, empregado(a) doméstico(a) ou parente do(a) empregado(a) doméstico(a)",Pessoas,0,Classes de rendimento nominal mensal domiciliar per capita,Mais de 15 a 20 salários mínimos
Distribuição por faixas de renda,2022,Município,2515609,Serra da Raiz (PB),"Moradores em domicílios particulares permanentes ocupados, exclusive os cuja condição no domicílio era pensionista, empregado(a) doméstico(a) ou parente do(a) empregado(a) doméstico(a)",Pessoas,0,Classes de rendimento nominal mensal domiciliar per capita,Mais de 15 a 20 salários mínimos
Distribuição por faixas de renda,2022,Município,2515708,Serra Grande (PB),"Moradores em domicílios particulares permanentes ocupados, exclusive os cuja condição no domicílio era pensionista, empregado(a) doméstico(a) ou parente do(a) empregado(a) doméstico(a)",Pessoas,0,Classes de rendimento nominal mensal domiciliar per capita,Mais de 15 a 20 salários mínimos
Distribuição por faixas de renda,2022,Município,2515807,Serra Redonda (PB),"Moradores em domicílios particulares permanentes ocupados, exclusive os cuja condição no domicílio era pensionista, empregado(a) doméstico(a) ou parente do(a) empregado(a) doméstico(a)",Pessoas,0,Classes de rendimento nominal mensal domiciliar per capita,Mais de 15 a 20 salários mínimos
Distribuição por faixas de renda,2022,Município,2515906,Serraria (PB),"Moradores em domicílios particulares permanentes ocupados, exclusive os cuja condição no domicílio era pensionista, empregado(a) doméstico(a) ou parente do(a) empregado(a) doméstico(a)",Pessoas,0,Classes de rendimento nominal mensal domiciliar per capita,Mais de 15 a 20 salários mínimos
Distribuição por faixas de renda,2022,Município,2515930,Sertãozinho (PB),"Moradores em domicílios particulares permanentes ocupados, exclusive os cuja condição no domicílio era pensionista, empregado(a) doméstico(a) ou parente do(a) empregado(a) doméstico(a)",Pessoas,0,Classes de rendimento nominal mensal domiciliar per capita,Mais de 15 a 20 salários mínimos
Distribuição por faixas de renda,2022,Município,2515971,Sobrado (PB),"Moradores em domicílios particulares permanentes ocupados, exclusive os cuja condição no domicílio era pensionista, empregado(a) doméstico(a) ou parente do(a) empregado(a) doméstico(a)",Pessoas,0,Classes de rendimento nominal mensal domiciliar per capita,Mais de 15 a 20 salários mínimos
Distribuição por faixas de renda,2022,Município,2516003,Solânea (PB),"Moradores em domicílios particulares permanentes ocupados, exclusive os cuja condição no domicílio era pensionista, empregado(a) doméstico(a) ou parente do(a) empregado(a) doméstico(a)",Pessoas,0,Classes de rendimento nominal mensal domiciliar per capita,Mais de 15 a 20 salários mínimos
Distribuição por faixas de renda,2022,Município,2516102,Soledade (PB),"Moradores em domicílios particulares permanentes ocupados, exclusive os cuja condição no domicílio era pensionista, empregado(a) doméstico(a) ou parente do(a) empregado(a) doméstico(a)",Pessoas,0,Classes de rendimento nominal mensal domiciliar per capita,Mais de 15 a 20 salários mínimos
Distribuição por faixas de renda,2022,Município,2516151,Sossêgo (PB),"Moradores em domicílios particulares permanentes ocupados, exclusive os cuja condição no domicílio era pensionista, empregado(a) doméstico(a) ou parente do(a) empregado(a) doméstico(a)",Pessoas,0,Classes de rendimento nominal mensal domiciliar per capita,Mais de 15 a 20 salários mínimos
Distribuição por faixas de renda,2022,Município,2516201,Sousa (PB),"Moradores em domicílios particulares permanentes ocupados, exclusive os cuja condição no domicílio era pensionista, empregado(a) doméstico(a) ou parente do(a) empregado(a) doméstico(a)",Pessoas,0,Classes de rendimento nominal mensal domiciliar per capita,Mais de 15 a 20 salários mínimos
Distribuição por faixas de renda,2022,Município,2516300,Sumé (PB),"Moradores em domicílios particulares permanentes ocupados, exclusive os cuja condição no domicílio era pensionista, empregado(a) doméstico(a) ou parente do(a) empregado(a) doméstico(a)",Pessoas,0,Classes de rendimento nominal mensal domiciliar per capita,Mais de 15 a 20 salários mínimos
Distribuição por faixas de renda,2022,Município,2516409,Tacima (PB),"Moradores em domicílios particulares permanentes ocupados, exclusive os cuja condição no domicílio era pensionista, empregado(a) doméstico(a) ou parente do(a) empregado(a) doméstico(a)",Pessoas,0,Classes de rendimento nominal mensal domiciliar per capita,Mais de 15 a 20 salários mínimos
Distribuição por faixas de renda,2022,Município,2516508,Taperoá (PB),"Moradores em domicílios particulares permanentes ocupados, exclusive os cuja condição no domicílio era pensionista, empregado(a) doméstico(a) ou parente do(a) empregado(a) doméstico(a)",Pessoas,0,Classes de rendimento nominal mensal domiciliar per capita,Mais de 15 a 20 salários mínimos
Distribuição por faixas de renda,2022,Município,2516607,Tavares (PB),"Moradores em domicílios particulares permanentes ocupados, exclusive os cuja condição no domicílio era pensionista, empregado(a) doméstico(a) ou parente do(a) empregado(a) doméstico(a)",Pessoas,0,Classes de rendimento nominal mensal domiciliar per capita,Mais de 15 a 20 salários mínimos
Distribuição por faixas de renda,2022,Município,2516706,Teixeira (PB),"Moradores em domicílios particulares permanentes ocupados, exclusive os cuja condição no domicílio era pensionista, empregado(a) doméstico(a) ou parente do(a) empregado(a) doméstico(a)",Pessoas,0,Classes de rendimento nominal mensal domiciliar per capita,Mais de 15 a 20 salários mínimos
Distribuição por faixas de renda,2022,Município,2516755,Tenório (PB),"Moradores em domicílios particulares permanentes ocupados, exclusive os cuja condição no domicílio era pensionista, empregado(a) doméstico(a) ou parente do(a) empregado(a) doméstico(a)",Pessoas,0,Classes de rendimento nominal mensal domiciliar per capita,Mais de 15 a 20 salários mínimos
Distribuição por faixas de renda,2022,Município,2516805,Triunfo (PB),"Moradores em domicílios particulares permanentes ocupados, exclusive os cuja condição no domicílio era pensionista, empregado(a) doméstico(a) ou parente do(a) empregado(a) doméstico(a)",Pessoas,0,Classes de rendimento nominal mensal domiciliar per capita,Mais de 15 a 20 salários mínimos
Distribuição por faixas de renda,2022,Município,2516904,Uiraúna (PB),"Moradores em domicílios particulares permanentes ocupados, exclusive os cuja condição no domicílio era pensionista, empregado(a) doméstico(a) ou parente do(a) empregado(a) doméstico(a)",Pessoas,0,Classes de rendimento nominal mensal domiciliar per capita,Mais de 15 a 20 salários mínimos
Distribuição por faixas de renda,2022,Município,2517001,Umbuzeiro (PB),"Moradores em domicílios particulares permanentes ocupados, exclusive os cuja condição no domicílio era pensionista, empregado(a) doméstico(a) ou parente do(a) empregado(a) doméstico(a)",Pessoas,0,Classes de rendimento nominal mensal domiciliar per capita,Mais de 15 a 20 salários mínimos
Distribuição por faixas de renda,2022,Município,2517100,Várzea (PB),"Moradores em domicílios particulares permanentes ocupados, exclusive os cuja condição no domicílio era pensionista, empregado(a) doméstico(a) ou parente do(a) empregado(a) doméstico(a)",Pessoas,0,Classes de rendimento nominal mensal domiciliar per capita,Mais de 15 a 20 salários mínimos
Distribuição por faixas de renda,2022,Município,2517209,Vieirópolis (PB),"Moradores em domicílios particulares permanentes ocupados, exclusive os cuja condição no domicílio era pensionista, empregado(a) doméstico(a) ou parente do(a) empregado(a) doméstico(a)",Pessoas,0,Classes de rendimento nominal mensal domiciliar per capita,Mais de 15 a 20 salários mínimos
Distribuição por faixas de renda,2022,Município,2517407,Zabelê (PB),"Moradores em domicílios particulares permanentes ocupados, exclusive os cuja condição no domicílio era pensionista, empregado(a) doméstico(a) ou parente do(a) empregado(a) doméstico(a)",Pessoas,0,Classes de rendimento nominal mensal domiciliar per capita,Mais de 15 a 20 salários mínimos
Distribuição por faixas de renda,2022,Unidade da Federação,25,Paraíba,"Moradores em domicílios particulares permanentes ocupados, exclusive os cuja condição no domicílio era pensionista, empregado(a) doméstico(a) ou parente do(a) empregado(a) doméstico(a)",Pessoas,2326,Classes de rendimento nominal mensal domiciliar per capita,Mais de 20 salários mínimos
Distribuição por faixas de renda,2022,Município,2500106,Água Branca (PB),"Moradores em domicílios particulares permanentes ocupados, exclusive os cuja condição no domicílio era pensionista, empregado(a) doméstico(a) ou parente do(a) empregado(a) doméstico(a)",Pessoas,5,Classes de rendimento nominal mensal domiciliar per capita,Mais de 20 salários mínimos
Distribuição por faixas de renda,2022,Município,2500205,Aguiar (PB),"Moradores em domicílios particulares permanentes ocupados, exclusive os cuja condição no domicílio era pensionista, empregado(a) doméstico(a) ou parente do(a) empregado(a) doméstico(a)",Pessoas,0,Classes de rendimento nominal mensal domiciliar per capita,Mais de 20 salários mínimos
Distribuição por faixas de renda,2022,Município,2500304,Alagoa Grande (PB),"Moradores em domicílios particulares permanentes ocupados, exclusive os cuja condição no domicílio era pensionista, empregado(a) doméstico(a) ou parente do(a) empregado(a) doméstico(a)",Pessoas,0,Classes de rendimento nominal mensal domiciliar per capita,Mais de 20 salários mínimos
Distribuição por faixas de renda,2022,Município,2500403,Alagoa Nova (PB),"Moradores em domicílios particulares permanentes ocupados, exclusive os cuja condição no domicílio era pensionista, empregado(a) doméstico(a) ou parente do(a) empregado(a) doméstico(a)",Pessoas,0,Classes de rendimento nominal mensal domiciliar per capita,Mais de 20 salários mínimos
Distribuição por faixas de renda,2022,Município,2500502,Alagoinha (PB),"Moradores em domicílios particulares permanentes ocupados, exclusive os cuja condição no domicílio era pensionista, empregado(a) doméstico(a) ou parente do(a) empregado(a) doméstico(a)",Pessoas,0,Classes de rendimento nominal mensal domiciliar per capita,Mais de 20 salários mínimos
Distribuição por faixas de renda,2022,Município,2500536,Alcantil (PB),"Moradores em domicílios particulares permanentes ocupados, exclusive os cuja condição no domicílio era pensionista, empregado(a) doméstico(a) ou parente do(a) empregado(a) doméstico(a)",Pessoas,0,Classes de rendimento nominal mensal domiciliar per capita,Mais de 20 salários mínimos
Distribuição por faixas de renda,2022,Município,2500577,Algodão de Jandaíra (PB),"Moradores em domicílios particulares permanentes ocupados, exclusive os cuja condição no domicílio era pensionista, empregado(a) doméstico(a) ou parente do(a) empregado(a) doméstico(a)",Pessoas,0,Classes de rendimento nominal mensal domiciliar per capita,Mais de 20 salários mínimos
Distribuição por faixas de renda,2022,Município,2500601,Alhandra (PB),"Moradores em domicílios particulares permanentes ocupados, exclusive os cuja condição no domicílio era pensionista, empregado(a) doméstico(a) ou parente do(a) empregado(a) doméstico(a)",Pessoas,0,Classes de rendimento nominal mensal domiciliar per capita,Mais de 20 salários mínimos
Distribuição por faixas de renda,2022,Município,2500700,São João do Rio do Peixe (PB),"Moradores em domicílios particulares permanentes ocupados, exclusive os cuja condição no domicílio era pensionista, empregado(a) doméstico(a) ou parente do(a) empregado(a) doméstico(a)",Pessoas,5,Classes de rendimento nominal mensal domiciliar per capita,Mais de 20 salários mínimos
Distribuição por faixas de renda,2022,Município,2500734,Amparo (PB),"Moradores em domicílios particulares permanentes ocupados, exclusive os cuja condição no domicílio era pensionista, empregado(a) doméstico(a) ou parente do(a) empregado(a) doméstico(a)",Pessoas,0,Classes de rendimento nominal mensal domiciliar per capita,Mais de 20 salários mínimos
Distribuição por faixas de renda,2022,Município,2500775,Aparecida (PB),"Moradores em domicílios particulares permanentes ocupados, exclusive os cuja condição no domicílio era pensionista, empregado(a) doméstico(a) ou parente do(a) empregado(a) doméstico(a)",Pessoas,0,Classes de rendimento nominal mensal domiciliar per capita,Mais de 20 salários mínimos
Distribuição por faixas de renda,2022,Município,2500809,Araçagi (PB),"Moradores em domicílios particulares permanentes ocupados, exclusive os cuja condição no domicílio era pensionista, empregado(a) doméstico(a) ou parente do(a) empregado(a) doméstico(a)",Pessoas,0,Classes de rendimento nominal mensal domiciliar per capita,Mais de 20 salários mínimos
Distribuição por faixas de renda,2022,Município,2500908,Arara (PB),"Moradores em domicílios particulares permanentes ocupados, exclusive os cuja condição no domicílio era pensionista, empregado(a) doméstico(a) ou parente do(a) empregado(a) doméstico(a)",Pessoas,0,Classes de rendimento nominal mensal domiciliar per capita,Mais de 20 salários mínimos
Distribuição por faixas de renda,2022,Município,2501005,Araruna (PB),"Moradores em domicílios particulares permanentes ocupados, exclusive os cuja condição no domicílio era pensionista, empregado(a) doméstico(a) ou parente do(a) empregado(a) doméstico(a)",Pessoas,0,Classes de rendimento nominal mensal domiciliar per capita,Mais de 20 salários mínimos
Distribuição por faixas de renda,2022,Município,2501104,Areia (PB),"Moradores em domicílios particulares permanentes ocupados, exclusive os cuja condição no domicílio era pensionista, empregado(a) doméstico(a) ou parente do(a) empregado(a) doméstico(a)",Pessoas,15,Classes de rendimento nominal mensal domiciliar per capita,Mais de 20 salários mínimos
Distribuição por faixas de renda,2022,Município,2501153,Areia de Baraúnas (PB),"Moradores em domicílios particulares permanentes ocupados, exclusive os cuja condição no domicílio era pensionista, empregado(a) doméstico(a) ou parente do(a) empregado(a) doméstico(a)",Pessoas,0,Classes de rendimento nominal mensal domiciliar per capita,Mais de 20 salários mínimos
Distribuição por faixas de renda,2022,Município,2501203,Areial (PB),"Moradores em domicílios particulares permanentes ocupados, exclusive os cuja condição no domicílio era pensionista, empregado(a) doméstico(a) ou parente do(a) empregado(a) doméstico(a)",Pessoas,0,Classes de rendimento nominal mensal domiciliar per capita,Mais de 20 salários mínimos
Distribuição por faixas de renda,2022,Município,2501302,Aroeiras (PB),"Moradores em domicílios particulares permanentes ocupados, exclusive os cuja condição no domicílio era pensionista, empregado(a) doméstico(a) ou parente do(a) empregado(a) doméstico(a)",Pessoas,0,Classes de rendimento nominal mensal domiciliar per capita,Mais de 20 salários mínimos
Distribuição por faixas de renda,2022,Município,2501351,Assunção (PB),"Moradores em domicílios particulares permanentes ocupados, exclusive os cuja condição no domicílio era pensionista, empregado(a) doméstico(a) ou parente do(a) empregado(a) doméstico(a)",Pessoas,2,Classes de rendimento nominal mensal domiciliar per capita,Mais de 20 salários mínimos
Distribuição por faixas de renda,2022,Município,2501401,Baía da Traição (PB),"Moradores em domicílios particulares permanentes ocupados, exclusive os cuja condição no domicílio era pensionista, empregado(a) doméstico(a) ou parente do(a) empregado(a) doméstico(a)",Pessoas,0,Classes de rendimento nominal mensal domiciliar per capita,Mais de 20 salários mínimos
Distribuição por faixas de renda,2022,Município,2501500,Bananeiras (PB),"Moradores em domicílios particulares permanentes ocupados, exclusive os cuja condição no domicílio era pensionista, empregado(a) doméstico(a) ou parente do(a) empregado(a) doméstico(a)",Pessoas,0,Classes de rendimento nominal mensal domiciliar per capita,Mais de 20 salários mínimos
Distribuição por faixas de renda,2022,Município,2501534,Baraúna (PB),"Moradores em domicílios particulares permanentes ocupados, exclusive os cuja condição no domicílio era pensionista, empregado(a) doméstico(a) ou parente do(a) empregado(a) doméstico(a)",Pessoas,0,Classes de rendimento nominal mensal domiciliar per capita,Mais de 20 salários mínimos
Distribuição por faixas de renda,2022,Município,2501575,Barra de Santana (PB),"Moradores em domicílios particulares permanentes ocupados, exclusive os cuja condição no domicílio era pensionista, empregado(a) doméstico(a) ou parente do(a) empregado(a) doméstico(a)",Pessoas,0,Classes de rendimento nominal mensal domiciliar per capita,Mais de 20 salários mínimos
Distribuição por faixas de renda,2022,Município,2501609,Barra de Santa Rosa (PB),"Moradores em domicílios particulares permanentes ocupados, exclusive os cuja condição no domicílio era pensionista, empregado(a) doméstico(a) ou parente do(a) empregado(a) doméstico(a)",Pessoas,0,Classes de rendimento nominal mensal domiciliar per capita,Mais de 20 salários mínimos
Distribuição por faixas de renda,2022,Município,2501708,Barra de São Miguel (PB),"Moradores em domicílios particulares permanentes ocupados, exclusive os cuja condição no domicílio era pensionista, empregado(a) doméstico(a) ou parente do(a) empregado(a) doméstico(a)",Pessoas,0,Classes de rendimento nominal mensal domiciliar per capita,Mais de 20 salários mínimos
Distribuição por faixas de renda,2022,Município,2501807,Bayeux (PB),"Moradores em domicílios particulares permanentes ocupados, exclusive os cuja condição no domicílio era pensionista, empregado(a) doméstico(a) ou parente do(a) empregado(a) doméstico(a)",Pessoas,0,Classes de rendimento nominal mensal domiciliar per capita,Mais de 20 salários mínimos
Distribuição por faixas de renda,2022,Município,2501906,Belém (PB),"Moradores em domicílios particulares permanentes ocupados, exclusive os cuja condição no domicílio era pensionista, empregado(a) doméstico(a) ou parente do(a) empregado(a) doméstico(a)",Pessoas,0,Classes de rendimento nominal mensal domiciliar per capita,Mais de 20 salários mínimos
Distribuição por faixas de renda,2022,Município,2502003,Belém do Brejo do Cruz (PB),"Moradores em domicílios particulares permanentes ocupados, exclusive os cuja condição no domicílio era pensionista, empregado(a) doméstico(a) ou parente do(a) empregado(a) doméstico(a)",Pessoas,0,Classes de rendimento nominal mensal domiciliar per capita,Mais de 20 salários mínimos
Distribuição por faixas de renda,2022,Município,2502052,Bernardino Batista (PB),"Moradores em domicílios particulares permanentes ocupados, exclusive os cuja condição no domicílio era pensionista, empregado(a) doméstico(a) ou parente do(a) empregado(a) doméstico(a)",Pessoas,0,Classes de rendimento nominal mensal domiciliar per capita,Mais de 20 salários mínimos
Distribuição por faixas de renda,2022,Município,2502102,Boa Ventura (PB),"Moradores em domicílios particulares permanentes ocupados, exclusive os cuja condição no domicílio era pensionista, empregado(a) doméstico(a) ou parente do(a) empregado(a) doméstico(a)",Pessoas,0,Classes de rendimento nominal mensal domiciliar per capita,Mais de 20 salários mínimos
Distribuição por faixas de renda,2022,Município,2502151,Boa Vista (PB),"Moradores em domicílios particulares permanentes ocupados, exclusive os cuja condição no domicílio era pensionista, empregado(a) doméstico(a) ou parente do(a) empregado(a) doméstico(a)",Pessoas,0,Classes de rendimento nominal mensal domiciliar per capita,Mais de 20 salários mínimos
Distribuição por faixas de renda,2022,Município,2502201,Bom Jesus (PB),"Moradores em domicílios particulares permanentes ocupados, exclusive os cuja condição no domicílio era pensionista, empregado(a) doméstico(a) ou parente do(a) empregado(a) doméstico(a)",Pessoas,0,Classes de rendimento nominal mensal domiciliar per capita,Mais de 20 salários mínimos
Distribuição por faixas de renda,2022,Município,2502300,Bom Sucesso (PB),"Moradores em domicílios particulares permanentes ocupados, exclusive os cuja condição no domicílio era pensionista, empregado(a) doméstico(a) ou parente do(a) empregado(a) doméstico(a)",Pessoas,0,Classes de rendimento nominal mensal domiciliar per capita,Mais de 20 salários mínimos
Distribuição por faixas de renda,2022,Município,2502409,Bonito de Santa Fé (PB),"Moradores em domicílios particulares permanentes ocupados, exclusive os cuja condição no domicílio era pensionista, empregado(a) doméstico(a) ou parente do(a) empregado(a) doméstico(a)",Pessoas,0,Classes de rendimento nominal mensal domiciliar per capita,Mais de 20 salários mínimos
Distribuição por faixas de renda,2022,Município,2502508,Boqueirão (PB),"Moradores em domicílios particulares permanentes ocupados, exclusive os cuja condição no domicílio era pensionista, empregado(a) doméstico(a) ou parente do(a) empregado(a) doméstico(a)",Pessoas,0,Classes de rendimento nominal mensal domiciliar per capita,Mais de 20 salários mínimos
Distribuição por faixas de renda,2022,Município,2502607,Igaracy (PB),"Moradores em domicílios particulares permanentes ocupados, exclusive os cuja condição no domicílio era pensionista, empregado(a) doméstico(a) ou parente do(a) empregado(a) doméstico(a)",Pessoas,0,Classes de rendimento nominal mensal domiciliar per capita,Mais de 20 salários mínimos
Distribuição por faixas de renda,2022,Município,2502706,Borborema (PB),"Moradores em domicílios particulares permanentes ocupados, exclusive os cuja condição no domicílio era pensionista, empregado(a) doméstico(a) ou parente do(a) empregado(a) doméstico(a)",Pessoas,0,Classes de rendimento nominal mensal domiciliar per capita,Mais de 20 salários mínimos
Distribuição por faixas de renda,2022,Município,2502805,Brejo do Cruz (PB),"Moradores em domicílios particulares permanentes ocupados, exclusive os cuja condição no domicílio era pensionista, empregado(a) doméstico(a) ou parente do(a) empregado(a) doméstico(a)",Pessoas,0,Classes de rendimento nominal mensal domiciliar per capita,Mais de 20 salários mínimos
Distribuição por faixas de renda,2022,Município,2502904,Brejo dos Santos (PB),"Moradores em domicílios particulares permanentes ocupados, exclusive os cuja condição no domicílio era pensionista, empregado(a) doméstico(a) ou parente do(a) empregado(a) doméstico(a)",Pessoas,0,Classes de rendimento nominal mensal domiciliar per capita,Mais de 20 salários mínimos
Distribuição por faixas de renda,2022,Município,2503001,Caaporã (PB),"Moradores em domicílios particulares permanentes ocupados, exclusive os cuja condição no domicílio era pensionista, empregado(a) doméstico(a) ou parente do(a) empregado(a) doméstico(a)",Pessoas,0,Classes de rendimento nominal mensal domiciliar per capita,Mais de 20 salários mínimos
Distribuição por faixas de renda,2022,Município,2503100,Cabaceiras (PB),"Moradores em domicílios particulares permanentes ocupados, exclusive os cuja condição no domicílio era pensionista, empregado(a) doméstico(a) ou parente do(a) empregado(a) doméstico(a)",Pessoas,0,Classes de rendimento nominal mensal domiciliar per capita,Mais de 20 salários mínimos
Distribuição por faixas de renda,2022,Município,2503209,Cabedelo (PB),"Moradores em domicílios particulares permanentes ocupados, exclusive os cuja condição no domicílio era pensionista, empregado(a) doméstico(a) ou parente do(a) empregado(a) doméstico(a)",Pessoas,239,Classes de rendimento nominal mensal domiciliar per capita,Mais de 20 salários mínimos
Distribuição por faixas de renda,2022,Município,2503308,Cachoeira dos Índios (PB),"Moradores em domicílios particulares permanentes ocupados, exclusive os cuja condição no domicílio era pensionista, empregado(a) doméstico(a) ou parente do(a) empregado(a) doméstico(a)",Pessoas,0,Classes de rendimento nominal mensal domiciliar per capita,Mais de 20 salários mínimos
Distribuição por faixas de renda,2022,Município,2503407,Cacimba de Areia (PB),"Moradores em domicílios particulares permanentes ocupados, exclusive os cuja condição no domicílio era pensionista, empregado(a) doméstico(a) ou parente do(a) empregado(a) doméstico(a)",Pessoas,0,Classes de rendimento nominal mensal domiciliar per capita,Mais de 20 salários mínimos
Distribuição por faixas de renda,2022,Município,2503506,Cacimba de Dentro (PB),"Moradores em domicílios particulares permanentes ocupados, exclusive os cuja condição no domicílio era pensionista, empregado(a) doméstico(a) ou parente do(a) empregado(a) doméstico(a)",Pessoas,0,Classes de rendimento nominal mensal domiciliar per capita,Mais de 20 salários mínimos
Distribuição por faixas de renda,2022,Município,2503555,Cacimbas (PB),"Moradores em domicílios particulares permanentes ocupados, exclusive os cuja condição no domicílio era pensionista, empregado(a) doméstico(a) ou parente do(a) empregado(a) doméstico(a)",Pessoas,0,Classes de rendimento nominal mensal domiciliar per capita,Mais de 20 salários mínimos
Distribuição por faixas de renda,2022,Município,2503605,Caiçara (PB),"Moradores em domicílios particulares permanentes ocupados, exclusive os cuja condição no domicílio era pensionista, empregado(a) doméstico(a) ou parente do(a) empregado(a) doméstico(a)",Pessoas,0,Classes de rendimento nominal mensal domiciliar per capita,Mais de 20 salários mínimos
Distribuição por faixas de renda,2022,Município,2503704,Cajazeiras (PB),"Moradores em domicílios particulares permanentes ocupados, exclusive os cuja condição no domicílio era pensionista, empregado(a) doméstico(a) ou parente do(a) empregado(a) doméstico(a)",Pessoas,51,Classes de rendimento nominal mensal domiciliar per capita,Mais de 20 salários mínimos
Distribuição por faixas de renda,2022,Município,2503753,Cajazeirinhas (PB),"Moradores em domicílios particulares permanentes ocupados, exclusive os cuja condição no domicílio era pensionista, empregado(a) doméstico(a) ou parente do(a) empregado(a) doméstico(a)",Pessoas,0,Classes de rendimento nominal mensal domiciliar per capita,Mais de 20 salários mínimos
Distribuição por faixas de renda,2022,Município,2503803,Caldas Brandão (PB),"Moradores em domicílios particulares permanentes ocupados, exclusive os cuja condição no domicílio era pensionista, empregado(a) doméstico(a) ou parente do(a) empregado(a) doméstico(a)",Pessoas,0,Classes de rendimento nominal mensal domiciliar per capita,Mais de 20 salários mínimos
Distribuição por faixas de renda,2022,Município,2503902,Camalaú (PB),"Moradores em domicílios particulares permanentes ocupados, exclusive os cuja condição no domicílio era pensionista, empregado(a) doméstico(a) ou parente do(a) empregado(a) doméstico(a)",Pessoas,0,Classes de rendimento nominal mensal domiciliar per capita,Mais de 20 salários mínimos
Distribuição por faixas de renda,2022,Município,2504009,Campina Grande (PB),"Moradores em domicílios particulares permanentes ocupados, exclusive os cuja condição no domicílio era pensionista, empregado(a) doméstico(a) ou parente do(a) empregado(a) doméstico(a)",Pessoas,498,Classes de rendimento nominal mensal domiciliar per capita,Mais de 20 salários mínimos
Distribuição por faixas de renda,2022,Município,2504033,Capim (PB),"Moradores em domicílios particulares permanentes ocupados, exclusive os cuja condição no domicílio era pensionista, empregado(a) doméstico(a) ou parente do(a) empregado(a) doméstico(a)",Pessoas,0,Classes de rendimento nominal mensal domiciliar per capita,Mais de 20 salários mínimos
Distribuição por faixas de renda,2022,Município,2504074,Caraúbas (PB),"Moradores em domicílios particulares permanentes ocupados, exclusive os cuja condição no domicílio era pensionista, empregado(a) doméstico(a) ou parente do(a) empregado(a) doméstico(a)",Pessoas,0,Classes de rendimento nominal mensal domiciliar per capita,Mais de 20 salários mínimos
Distribuição por faixas de renda,2022,Município,2504108,Carrapateira (PB),"Moradores em domicílios particulares permanentes ocupados, exclusive os cuja condição no domicílio era pensionista, empregado(a) doméstico(a) ou parente do(a) empregado(a) doméstico(a)",Pessoas,0,Classes de rendimento nominal mensal domiciliar per capita,Mais de 20 salários mínimos
Distribuição por faixas de renda,2022,Município,2504157,Casserengue (PB),"Moradores em domicílios particulares permanentes ocupados, exclusive os cuja condição no domicílio era pensionista, empregado(a) doméstico(a) ou parente do(a) empregado(a) doméstico(a)",Pessoas,0,Classes de rendimento nominal mensal domiciliar per capita,Mais de 20 salários mínimos
Distribuição por faixas de renda,2022,Município,2504207,Catingueira (PB),"Moradores em domicílios particulares permanentes ocupados, exclusive os cuja condição no domicílio era pensionista, empregado(a) doméstico(a) ou parente do(a) empregado(a) doméstico(a)",Pessoas,0,Classes de rendimento nominal mensal domiciliar per capita,Mais de 20 salários mínimos
Distribuição por faixas de renda,2022,Município,2504306,Catolé do Rocha (PB),"Moradores em domicílios particulares permanentes ocupados, exclusive os cuja condição no domicílio era pensionista, empregado(a) doméstico(a) ou parente do(a) empregado(a) doméstico(a)",Pessoas,9,Classes de rendimento nominal mensal domiciliar per capita,Mais de 20 salários mínimos
Distribuição por faixas de renda,2022,Município,2504355,Caturité (PB),"Moradores em domicílios particulares permanentes ocupados, exclusive os cuja condição no domicílio era pensionista, empregado(a) doméstico(a) ou parente do(a) empregado(a) doméstico(a)",Pessoas,0,Classes de rendimento nominal mensal domiciliar per capita,Mais de 20 salários mínimos
Distribuição por faixas de renda,2022,Município,2504405,Conceição (PB),"Moradores em domicílios particulares permanentes ocupados, exclusive os cuja condição no domicílio era pensionista, empregado(a) doméstico(a) ou parente do(a) empregado(a) doméstico(a)",Pessoas,0,Classes de rendimento nominal mensal domiciliar per capita,Mais de 20 salários mínimos
Distribuição por faixas de renda,2022,Município,2504504,Condado (PB),"Moradores em domicílios particulares permanentes ocupados, exclusive os cuja condição no domicílio era pensionista, empregado(a) doméstico(a) ou parente do(a) empregado(a) doméstico(a)",Pessoas,0,Classes de rendimento nominal mensal domiciliar per capita,Mais de 20 salários mínimos
Distribuição por faixas de renda,2022,Município,2504603,Conde (PB),"Moradores em domicílios particulares permanentes ocupados, exclusive os cuja condição no domicílio era pensionista, empregado(a) doméstico(a) ou parente do(a) empregado(a) doméstico(a)",Pessoas,0,Classes de rendimento nominal mensal domiciliar per capita,Mais de 20 salários mínimos
Distribuição por faixas de renda,2022,Município,2504702,Congo (PB),"Moradores em domicílios particulares permanentes ocupados, exclusive os cuja condição no domicílio era pensionista, empregado(a) doméstico(a) ou parente do(a) empregado(a) doméstico(a)",Pessoas,0,Classes de rendimento nominal mensal domiciliar per capita,Mais de 20 salários mínimos
Distribuição por faixas de renda,2022,Município,2504801,Coremas (PB),"Moradores em domicílios particulares permanentes ocupados, exclusive os cuja condição no domicílio era pensionista, empregado(a) doméstico(a) ou parente do(a) empregado(a) doméstico(a)",Pessoas,0,Classes de rendimento nominal mensal domiciliar per capita,Mais de 20 salários mínimos
Distribuição por faixas de renda,2022,Município,2504850,Coxixola (PB),"Moradores em domicílios particulares permanentes ocupados, exclusive os cuja condição no domicílio era pensionista, empregado(a) doméstico(a) ou parente do(a) empregado(a) doméstico(a)",Pessoas,0,Classes de rendimento nominal mensal domiciliar per capita,Mais de 20 salários mínimos
Distribuição por faixas de renda,2022,Município,2504900,Cruz do Espírito Santo (PB),"Moradores em domicílios particulares permanentes ocupados, exclusive os cuja condição no domicílio era pensionista, empregado(a) doméstico(a) ou parente do(a) empregado(a) doméstico(a)",Pessoas,0,Classes de rendimento nominal mensal domiciliar per capita,Mais de 20 salários mínimos
Distribuição por faixas de renda,2022,Município,2505006,Cubati (PB),"Moradores em domicílios particulares permanentes ocupados, exclusive os cuja condição no domicílio era pensionista, empregado(a) doméstico(a) ou parente do(a) empregado(a) doméstico(a)",Pessoas,0,Classes de rendimento nominal mensal domiciliar per capita,Mais de 20 salários mínimos
Distribuição por faixas de renda,2022,Município,2505105,Cuité (PB),"Moradores em domicílios particulares permanentes ocupados, exclusive os cuja condição no domicílio era pensionista, empregado(a) doméstico(a) ou parente do(a) empregado(a) doméstico(a)",Pessoas,0,Classes de rendimento nominal mensal domiciliar per capita,Mais de 20 salários mínimos
Distribuição por faixas de renda,2022,Município,2505204,Cuitegi (PB),"Moradores em domicílios particulares permanentes ocupados, exclusive os cuja condição no domicílio era pensionista, empregado(a) doméstico(a) ou parente do(a) empregado(a) doméstico(a)",Pessoas,0,Classes de rendimento nominal mensal domiciliar per capita,Mais de 20 salários mínimos
Distribuição por faixas de renda,2022,Município,2505238,Cuité de Mamanguape (PB),"Moradores em domicílios particulares permanentes ocupados, exclusive os cuja condição no domicílio era pensionista, empregado(a) doméstico(a) ou parente do(a) empregado(a) doméstico(a)",Pessoas,0,Classes de rendimento nominal mensal domiciliar per capita,Mais de 20 salários mínimos
Distribuição por faixas de renda,2022,Município,2505279,Curral de Cima (PB),"Moradores em domicílios particulares permanentes ocupados, exclusive os cuja condição no domicílio era pensionista, empregado(a) doméstico(a) ou parente do(a) empregado(a) doméstico(a)",Pessoas,0,Classes de rendimento nominal mensal domiciliar per capita,Mais de 20 salários mínimos
Distribuição por faixas de renda,2022,Município,2505303,Curral Velho (PB),"Moradores em domicílios particulares permanentes ocupados, exclusive os cuja condição no domicílio era pensionista, empregado(a) doméstico(a) ou parente do(a) empregado(a) doméstico(a)",Pessoas,0,Classes de rendimento nominal mensal domiciliar per capita,Mais de 20 salários mínimos
Distribuição por faixas de renda,2022,Município,2505352,Damião (PB),"Moradores em domicílios particulares permanentes ocupados, exclusive os cuja condição no domicílio era pensionista, empregado(a) doméstico(a) ou parente do(a) empregado(a) doméstico(a)",Pessoas,0,Classes de rendimento nominal mensal domiciliar per capita,Mais de 20 salários mínimos
Distribuição por faixas de renda,2022,Município,2505402,Desterro (PB),"Moradores em domicílios particulares permanentes ocupados, exclusive os cuja condição no domicílio era pensionista, empregado(a) doméstico(a) ou parente do(a) empregado(a) doméstico(a)",Pessoas,0,Classes de rendimento nominal mensal domiciliar per capita,Mais de 20 salários mínimos
Distribuição por faixas de renda,2022,Município,2505501,Vista Serrana (PB),"Moradores em domicílios particulares permanentes ocupados, exclusive os cuja condição no domicílio era pensionista, empregado(a) doméstico(a) ou parente do(a) empregado(a) doméstico(a)",Pessoas,0,Classes de rendimento nominal mensal domiciliar per capita,Mais de 20 salários mínimos
Distribuição por faixas de renda,2022,Município,2505600,Diamante (PB),"Moradores em domicílios particulares permanentes ocupados, exclusive os cuja condição no domicílio era pensionista, empregado(a) doméstico(a) ou parente do(a) empregado(a) doméstico(a)",Pessoas,0,Classes de rendimento nominal mensal domiciliar per capita,Mais de 20 salários mínimos
Distribuição por faixas de renda,2022,Município,2505709,Dona Inês (PB),"Moradores em domicílios particulares permanentes ocupados, exclusive os cuja condição no domicílio era pensionista, empregado(a) doméstico(a) ou parente do(a) empregado(a) doméstico(a)",Pessoas,0,Classes de rendimento nominal mensal domiciliar per capita,Mais de 20 salários mínimos
Distribuição por faixas de renda,2022,Município,2505808,Duas Estradas (PB),"Moradores em domicílios particulares permanentes ocupados, exclusive os cuja condição no domicílio era pensionista, empregado(a) doméstico(a) ou parente do(a) empregado(a) doméstico(a)",Pessoas,0,Classes de rendimento nominal mensal domiciliar per capita,Mais de 20 salários mínimos
Distribuição por faixas de renda,2022,Município,2505907,Emas (PB),"Moradores em domicílios particulares permanentes ocupados, exclusive os cuja condição no domicílio era pensionista, empregado(a) doméstico(a) ou parente do(a) empregado(a) doméstico(a)",Pessoas,0,Classes de rendimento nominal mensal domiciliar per capita,Mais de 20 salários mínimos
Distribuição por faixas de renda,2022,Município,2506004,Esperança (PB),"Moradores em domicílios particulares permanentes ocupados, exclusive os cuja condição no domicílio era pensionista, empregado(a) doméstico(a) ou parente do(a) empregado(a) doméstico(a)",Pessoas,0,Classes de rendimento nominal mensal domiciliar per capita,Mais de 20 salários mínimos
Distribuição por faixas de renda,2022,Município,2506103,Fagundes (PB),"Moradores em domicílios particulares permanentes ocupados, exclusive os cuja condição no domicílio era pensionista, empregado(a) doméstico(a) ou parente do(a) empregado(a) doméstico(a)",Pessoas,0,Classes de rendimento nominal mensal domiciliar per capita,Mais de 20 salários mínimos
Distribuição por faixas de renda,2022,Município,2506202,Frei Martinho (PB),"Moradores em domicílios particulares permanentes ocupados, exclusive os cuja condição no domicílio era pensionista, empregado(a) doméstico(a) ou parente do(a) empregado(a) doméstico(a)",Pessoas,0,Classes de rendimento nominal mensal domiciliar per capita,Mais de 20 salários mínimos
Distribuição por faixas de renda,2022,Município,2506251,Gado Bravo (PB),"Moradores em domicílios particulares permanentes ocupados, exclusive os cuja condição no domicílio era pensionista, empregado(a) doméstico(a) ou parente do(a) empregado(a) doméstico(a)",Pessoas,0,Classes de rendimento nominal mensal domiciliar per capita,Mais de 20 salários mínimos
Distribuição por faixas de renda,2022,Município,2506301,Guarabira (PB),"Moradores em domicílios particulares permanentes ocupados, exclusive os cuja condição no domicílio era pensionista, empregado(a) doméstico(a) ou parente do(a) empregado(a) doméstico(a)",Pessoas,23,Classes de rendimento nominal mensal domiciliar per capita,Mais de 20 salários mínimos
Distribuição por faixas de renda,2022,Município,2506400,Gurinhém (PB),"Moradores em domicílios particulares permanentes ocupados, exclusive os cuja condição no domicílio era pensionista, empregado(a) doméstico(a) ou parente do(a) empregado(a) doméstico(a)",Pessoas,0,Classes de rendimento nominal mensal domiciliar per capita,Mais de 20 salários mínimos
Distribuição por faixas de renda,2022,Município,2506509,Gurjão (PB),"Moradores em domicílios particulares permanentes ocupados, exclusive os cuja condição no domicílio era pensionista, empregado(a) doméstico(a) ou parente do(a) empregado(a) doméstico(a)",Pessoas,0,Classes de rendimento nominal mensal domiciliar per capita,Mais de 20 salários mínimos
Distribuição por faixas de renda,2022,Município,2506608,Ibiara (PB),"Moradores em domicílios particulares permanentes ocupados, exclusive os cuja condição no domicílio era pensionista, empregado(a) doméstico(a) ou parente do(a) empregado(a) doméstico(a)",Pessoas,0,Classes de rendimento nominal mensal domiciliar per capita,Mais de 20 salários mínimos
Distribuição por faixas de renda,2022,Município,2506707,Imaculada (PB),"Moradores em domicílios particulares permanentes ocupados, exclusive os cuja condição no domicílio era pensionista, empregado(a) doméstico(a) ou parente do(a) empregado(a) doméstico(a)",Pessoas,0,Classes de rendimento nominal mensal domiciliar per capita,Mais de 20 salários mínimos
Distribuição por faixas de renda,2022,Município,2506806,Ingá (PB),"Moradores em domicílios particulares permanentes ocupados, exclusive os cuja condição no domicílio era pensionista, empregado(a) doméstico(a) ou parente do(a) empregado(a) doméstico(a)",Pessoas,0,Classes de rendimento nominal mensal domiciliar per capita,Mais de 20 salários mínimos
Distribuição por faixas de renda,2022,Município,2506905,Itabaiana (PB),"Moradores em domicílios particulares permanentes ocupados, exclusive os cuja condição no domicílio era pensionista, empregado(a) doméstico(a) ou parente do(a) empregado(a) doméstico(a)",Pessoas,0,Classes de rendimento nominal mensal domiciliar per capita,Mais de 20 salários mínimos
Distribuição por faixas de renda,2022,Município,2507002,Itaporanga (PB),"Moradores em domicílios particulares permanentes ocupados, exclusive os cuja condição no domicílio era pensionista, empregado(a) doméstico(a) ou parente do(a) empregado(a) doméstico(a)",Pessoas,6,Classes de rendimento nominal mensal domiciliar per capita,Mais de 20 salários mínimos
Distribuição por faixas de renda,2022,Município,2507101,Itapororoca (PB),"Moradores em domicílios particulares permanentes ocupados, exclusive os cuja condição no domicílio era pensionista, empregado(a) doméstico(a) ou parente do(a) empregado(a) doméstico(a)",Pessoas,0,Classes de rendimento nominal mensal domiciliar per capita,Mais de 20 salários mínimos
Distribuição por faixas de renda,2022,Município,2507200,Itatuba (PB),"Moradores em domicílios particulares permanentes ocupados, exclusive os cuja condição no domicílio era pensionista, empregado(a) doméstico(a) ou parente do(a) empregado(a) doméstico(a)",Pessoas,12,Classes de rendimento nominal mensal domiciliar per capita,Mais de 20 salários mínimos
Distribuição por faixas de renda,2022,Município,2507309,Jacaraú (PB),"Moradores em domicílios particulares permanentes ocupados, exclusive os cuja condição no domicílio era pensionista, empregado(a) doméstico(a) ou parente do(a) empregado(a) doméstico(a)",Pessoas,0,Classes de rendimento nominal mensal domiciliar per capita,Mais de 20 salários mínimos
Distribuição por faixas de renda,2022,Município,2507408,Jericó (PB),"Moradores em domicílios particulares permanentes ocupados, exclusive os cuja condição no domicílio era pensionista, empregado(a) doméstico(a) ou parente do(a) empregado(a) doméstico(a)",Pessoas,0,Classes de rendimento nominal mensal domiciliar per capita,Mais de 20 salários mínimos
Distribuição por faixas de renda,2022,Município,2507507,João Pessoa (PB),"Moradores em domicílios particulares permanentes ocupados, exclusive os cuja condição no domicílio era pensionista, empregado(a) doméstico(a) ou parente do(a) empregado(a) doméstico(a)",Pessoas,1354,Classes de rendimento nominal mensal domiciliar per capita,Mais de 20 salários mínimos
Distribuição por faixas de renda,2022,Município,2507606,Juarez Távora (PB),"Moradores em domicílios particulares permanentes ocupados, exclusive os cuja condição no domicílio era pensionista, empregado(a) doméstico(a) ou parente do(a) empregado(a) doméstico(a)",Pessoas,0,Classes de rendimento nominal mensal domiciliar per capita,Mais de 20 salários mínimos
Distribuição por faixas de renda,2022,Município,2507705,Juazeirinho (PB),"Moradores em domicílios particulares permanentes ocupados, exclusive os cuja condição no domicílio era pensionista, empregado(a) doméstico(a) ou parente do(a) empregado(a) doméstico(a)",Pessoas,0,Classes de rendimento nominal mensal domiciliar per capita,Mais de 20 salários mínimos
Distribuição por faixas de renda,2022,Município,2507804,Junco do Seridó (PB),"Moradores em domicílios particulares permanentes ocupados, exclusive os cuja condição no domicílio era pensionista, empregado(a) doméstico(a) ou parente do(a) empregado(a) doméstico(a)",Pessoas,0,Classes de rendimento nominal mensal domiciliar per capita,Mais de 20 salários mínimos
Distribuição por faixas de renda,2022,Município,2507903,Juripiranga (PB),"Moradores em domicílios particulares permanentes ocupados, exclusive os cuja condição no domicílio era pensionista, empregado(a) doméstico(a) ou parente do(a) empregado(a) doméstico(a)",Pessoas,0,Classes de rendimento nominal mensal domiciliar per capita,Mais de 20 salários mínimos
Distribuição por faixas de renda,2022,Município,2508000,Juru (PB),"Moradores em domicílios particulares permanentes ocupados, exclusive os cuja condição no domicílio era pensionista, empregado(a) doméstico(a) ou parente do(a) empregado(a) doméstico(a)",Pessoas,0,Classes de rendimento nominal mensal domiciliar per capita,Mais de 20 salários mínimos
Distribuição por faixas de renda,2022,Município,2508109,Lagoa (PB),"Moradores em domicílios particulares permanentes ocupados, exclusive os cuja condição no domicílio era pensionista, empregado(a) doméstico(a) ou parente do(a) empregado(a) doméstico(a)",Pessoas,0,Classes de rendimento nominal mensal domiciliar per capita,Mais de 20 salários mínimos
Distribuição por faixas de renda,2022,Município,2508208,Lagoa de Dentro (PB),"Moradores em domicílios particulares permanentes ocupados, exclusive os cuja condição no domicílio era pensionista, empregado(a) doméstico(a) ou parente do(a) empregado(a) doméstico(a)",Pessoas,0,Classes de rendimento nominal mensal domiciliar per capita,Mais de 20 salários mínimos
Distribuição por faixas de renda,2022,Município,2508307,Lagoa Seca (PB),"Moradores em domicílios particulares permanentes ocupados, exclusive os cuja condição no domicílio era pensionista, empregado(a) doméstico(a) ou parente do(a) empregado(a) doméstico(a)",Pessoas,0,Classes de rendimento nominal mensal domiciliar per capita,Mais de 20 salários mínimos
Distribuição por faixas de renda,2022,Município,2508406,Lastro (PB),"Moradores em domicílios particulares permanentes ocupados, exclusive os cuja condição no domicílio era pensionista, empregado(a) doméstico(a) ou parente do(a) empregado(a) doméstico(a)",Pessoas,0,Classes de rendimento nominal mensal domiciliar per capita,Mais de 20 salários mínimos
Distribuição por faixas de renda,2022,Município,2508505,Livramento (PB),"Moradores em domicílios particulares permanentes ocupados, exclusive os cuja condição no domicílio era pensionista, empregado(a) doméstico(a) ou parente do(a) empregado(a) doméstico(a)",Pessoas,0,Classes de rendimento nominal mensal domiciliar per capita,Mais de 20 salários mínimos
Distribuição por faixas de renda,2022,Município,2508554,Logradouro (PB),"Moradores em domicílios particulares permanentes ocupados, exclusive os cuja condição no domicílio era pensionista, empregado(a) doméstico(a) ou parente do(a) empregado(a) doméstico(a)",Pessoas,0,Classes de rendimento nominal mensal domiciliar per capita,Mais de 20 salários mínimos
Distribuição por faixas de renda,2022,Município,2508604,Lucena (PB),"Moradores em domicílios particulares permanentes ocupados, exclusive os cuja condição no domicílio era pensionista, empregado(a) doméstico(a) ou parente do(a) empregado(a) doméstico(a)",Pessoas,5,Classes de rendimento nominal mensal domiciliar per capita,Mais de 20 salários mínimos
Distribuição por faixas de renda,2022,Município,2508703,Mãe d'Água (PB),"Moradores em domicílios particulares permanentes ocupados, exclusive os cuja condição no domicílio era pensionista, empregado(a) doméstico(a) ou parente do(a) empregado(a) doméstico(a)",Pessoas,0,Classes de rendimento nominal mensal domiciliar per capita,Mais de 20 salários mínimos
Distribuição por faixas de renda,2022,Município,2508802,Malta (PB),"Moradores em domicílios particulares permanentes ocupados, exclusive os cuja condição no domicílio era pensionista, empregado(a) doméstico(a) ou parente do(a) empregado(a) doméstico(a)",Pessoas,0,Classes de rendimento nominal mensal domiciliar per capita,Mais de 20 salários mínimos
Distribuição por faixas de renda,2022,Município,2508901,Mamanguape (PB),"Moradores em domicílios particulares permanentes ocupados, exclusive os cuja condição no domicílio era pensionista, empregado(a) doméstico(a) ou parente do(a) empregado(a) doméstico(a)",Pessoas,0,Classes de rendimento nominal mensal domiciliar per capita,Mais de 20 salários mínimos
Distribuição por faixas de renda,2022,Município,2509008,Manaíra (PB),"Moradores em domicílios particulares permanentes ocupados, exclusive os cuja condição no domicílio era pensionista, empregado(a) doméstico(a) ou parente do(a) empregado(a) doméstico(a)",Pessoas,0,Classes de rendimento nominal mensal domiciliar per capita,Mais de 20 salários mínimos
Distribuição por faixas de renda,2022,Município,2509057,Marcação (PB),"Moradores em domicílios particulares permanentes ocupados, exclusive os cuja condição no domicílio era pensionista, empregado(a) doméstico(a) ou parente do(a) empregado(a) doméstico(a)",Pessoas,0,Classes de rendimento nominal mensal domiciliar per capita,Mais de 20 salários mínimos
Distribuição por faixas de renda,2022,Município,2509107,Mari (PB),"Moradores em domicílios particulares permanentes ocupados, exclusive os cuja condição no domicílio era pensionista, empregado(a) doméstico(a) ou parente do(a) empregado(a) doméstico(a)",Pessoas,0,Classes de rendimento nominal mensal domiciliar per capita,Mais de 20 salários mínimos
Distribuição por faixas de renda,2022,Município,2509156,Marizópolis (PB),"Moradores em domicílios particulares permanentes ocupados, exclusive os cuja condição no domicílio era pensionista, empregado(a) doméstico(a) ou parente do(a) empregado(a) doméstico(a)",Pessoas,0,Classes de rendimento nominal mensal domiciliar per capita,Mais de 20 salários mínimos
Distribuição por faixas de renda,2022,Município,2509206,Massaranduba (PB),"Moradores em domicílios particulares permanentes ocupados, exclusive os cuja condição no domicílio era pensionista, empregado(a) doméstico(a) ou parente do(a) empregado(a) doméstico(a)",Pessoas,0,Classes de rendimento nominal mensal domiciliar per capita,Mais de 20 salários mínimos
Distribuição por faixas de renda,2022,Município,2509305,Mataraca (PB),"Moradores em domicílios particulares permanentes ocupados, exclusive os cuja condição no domicílio era pensionista, empregado(a) doméstico(a) ou parente do(a) empregado(a) doméstico(a)",Pessoas,11,Classes de rendimento nominal mensal domiciliar per capita,Mais de 20 salários mínimos
Distribuição por faixas de renda,2022,Município,2509339,Matinhas (PB),"Moradores em domicílios particulares permanentes ocupados, exclusive os cuja condição no domicílio era pensionista, empregado(a) doméstico(a) ou parente do(a) empregado(a) doméstico(a)",Pessoas,0,Classes de rendimento nominal mensal domiciliar per capita,Mais de 20 salários mínimos
Distribuição por faixas de renda,2022,Município,2509370,Mato Grosso (PB),"Moradores em domicílios particulares permanentes ocupados, exclusive os cuja condição no domicílio era pensionista, empregado(a) doméstico(a) ou parente do(a) empregado(a) doméstico(a)",Pessoas,0,Classes de rendimento nominal mensal domiciliar per capita,Mais de 20 salários mínimos
Distribuição por faixas de renda,2022,Município,2509396,Maturéia (PB),"Moradores em domicílios particulares permanentes ocupados, exclusive os cuja condição no domicílio era pensionista, empregado(a) doméstico(a) ou parente do(a) empregado(a) doméstico(a)",Pessoas,0,Classes de rendimento nominal mensal domiciliar per capita,Mais de 20 salários mínimos
Distribuição por faixas de renda,2022,Município,2509404,Mogeiro (PB),"Moradores em domicílios particulares permanentes ocupados, exclusive os cuja condição no domicílio era pensionista, empregado(a) doméstico(a) ou parente do(a) empregado(a) doméstico(a)",Pessoas,0,Classes de rendimento nominal mensal domiciliar per capita,Mais de 20 salários mínimos
Distribuição por faixas de renda,2022,Município,2509503,Montadas (PB),"Moradores em domicílios particulares permanentes ocupados, exclusive os cuja condição no domicílio era pensionista, empregado(a) doméstico(a) ou parente do(a) empregado(a) doméstico(a)",Pessoas,0,Classes de rendimento nominal mensal domiciliar per capita,Mais de 20 salários mínimos
Distribuição por faixas de renda,2022,Município,2509602,Monte Horebe (PB),"Moradores em domicílios particulares permanentes ocupados, exclusive os cuja condição no domicílio era pensionista, empregado(a) doméstico(a) ou parente do(a) empregado(a) doméstico(a)",Pessoas,0,Classes de rendimento nominal mensal domiciliar per capita,Mais de 20 salários mínimos
Distribuição por faixas de renda,2022,Município,2509701,Monteiro (PB),"Moradores em domicílios particulares permanentes ocupados, exclusive os cuja condição no domicílio era pensionista, empregado(a) doméstico(a) ou parente do(a) empregado(a) doméstico(a)",Pessoas,0,Classes de rendimento nominal mensal domiciliar per capita,Mais de 20 salários mínimos
Distribuição por faixas de renda,2022,Município,2509800,Mulungu (PB),"Moradores em domicílios particulares permanentes ocupados, exclusive os cuja condição no domicílio era pensionista, empregado(a) doméstico(a) ou parente do(a) empregado(a) doméstico(a)",Pessoas,0,Classes de rendimento nominal mensal domiciliar per capita,Mais de 20 salários mínimos
Distribuição por faixas de renda,2022,Município,2509909,Natuba (PB),"Moradores em domicílios particulares permanentes ocupados, exclusive os cuja condição no domicílio era pensionista, empregado(a) doméstico(a) ou parente do(a) empregado(a) doméstico(a)",Pessoas,0,Classes de rendimento nominal mensal domiciliar per capita,Mais de 20 salários mínimos
Distribuição por faixas de renda,2022,Município,2510006,Nazarezinho (PB),"Moradores em domicílios particulares permanentes ocupados, exclusive os cuja condição no domicílio era pensionista, empregado(a) doméstico(a) ou parente do(a) empregado(a) doméstico(a)",Pessoas,0,Classes de rendimento nominal mensal domiciliar per capita,Mais de 20 salários mínimos
Distribuição por faixas de renda,2022,Município,2510105,Nova Floresta (PB),"Moradores em domicílios particulares permanentes ocupados, exclusive os cuja condição no domicílio era pensionista, empregado(a) doméstico(a) ou parente do(a) empregado(a) doméstico(a)",Pessoas,0,Classes de rendimento nominal mensal domiciliar per capita,Mais de 20 salários mínimos
Distribuição por faixas de renda,2022,Município,2510204,Nova Olinda (PB),"Moradores em domicílios particulares permanentes ocupados, exclusive os cuja condição no domicílio era pensionista, empregado(a) doméstico(a) ou parente do(a) empregado(a) doméstico(a)",Pessoas,0,Classes de rendimento nominal mensal domiciliar per capita,Mais de 20 salários mínimos
Distribuição por faixas de renda,2022,Município,2510303,Nova Palmeira (PB),"Moradores em domicílios particulares permanentes ocupados, exclusive os cuja condição no domicílio era pensionista, empregado(a) doméstico(a) ou parente do(a) empregado(a) doméstico(a)",Pessoas,0,Classes de rendimento nominal mensal domiciliar per capita,Mais de 20 salários mínimos
Distribuição por faixas de renda,2022,Município,2510402,Olho d'Água (PB),"Moradores em domicílios particulares permanentes ocupados, exclusive os cuja condição no domicílio era pensionista, empregado(a) doméstico(a) ou parente do(a) empregado(a) doméstico(a)",Pessoas,0,Classes de rendimento nominal mensal domiciliar per capita,Mais de 20 salários mínimos
Distribuição por faixas de renda,2022,Município,2510501,Olivedos (PB),"Moradores em domicílios particulares permanentes ocupados, exclusive os cuja condição no domicílio era pensionista, empregado(a) doméstico(a) ou parente do(a) empregado(a) doméstico(a)",Pessoas,0,Classes de rendimento nominal mensal domiciliar per capita,Mais de 20 salários mínimos
Distribuição por faixas de renda,2022,Município,2510600,Ouro Velho (PB),"Moradores em domicílios particulares permanentes ocupados, exclusive os cuja condição no domicílio era pensionista, empregado(a) doméstico(a) ou parente do(a) empregado(a) doméstico(a)",Pessoas,0,Classes de rendimento nominal mensal domiciliar per capita,Mais de 20 salários mínimos
Distribuição por faixas de renda,2022,Município,2510659,Parari (PB),"Moradores em domicílios particulares permanentes ocupados, exclusive os cuja condição no domicílio era pensionista, empregado(a) doméstico(a) ou parente do(a) empregado(a) doméstico(a)",Pessoas,0,Classes de rendimento nominal mensal domiciliar per capita,Mais de 20 salários mínimos
Distribuição por faixas de renda,2022,Município,2510709,Passagem (PB),"Moradores em domicílios particulares permanentes ocupados, exclusive os cuja condição no domicílio era pensionista, empregado(a) doméstico(a) ou parente do(a) empregado(a) doméstico(a)",Pessoas,0,Classes de rendimento nominal mensal domiciliar per capita,Mais de 20 salários mínimos
Distribuição por faixas de renda,2022,Município,2510808,Patos (PB),"Moradores em domicílios particulares permanentes ocupados, exclusive os cuja condição no domicílio era pensionista, empregado(a) doméstico(a) ou parente do(a) empregado(a) doméstico(a)",Pessoas,22,Classes de rendimento nominal mensal domiciliar per capita,Mais de 20 salários mínimos
Distribuição por faixas de renda,2022,Município,2510907,Paulista (PB),"Moradores em domicílios particulares permanentes ocupados, exclusive os cuja condição no domicílio era pensionista, empregado(a) doméstico(a) ou parente do(a) empregado(a) doméstico(a)",Pessoas,0,Classes de rendimento nominal mensal domiciliar per capita,Mais de 20 salários mínimos
Distribuição por faixas de renda,2022,Município,2511004,Pedra Branca (PB),"Moradores em domicílios particulares permanentes ocupados, exclusive os cuja condição no domicílio era pensionista, empregado(a) doméstico(a) ou parente do(a) empregado(a) doméstico(a)",Pessoas,0,Classes de rendimento nominal mensal domiciliar per capita,Mais de 20 salários mínimos
Distribuição por faixas de renda,2022,Município,2511103,Pedra Lavrada (PB),"Moradores em domicílios particulares permanentes ocupados, exclusive os cuja condição no domicílio era pensionista, empregado(a) doméstico(a) ou parente do(a) empregado(a) doméstico(a)",Pessoas,0,Classes de rendimento nominal mensal domiciliar per capita,Mais de 20 salários mínimos
Distribuição por faixas de renda,2022,Município,2511202,Pedras de Fogo (PB),"Moradores em domicílios particulares permanentes ocupados, exclusive os cuja condição no domicílio era pensionista, empregado(a) doméstico(a) ou parente do(a) empregado(a) doméstico(a)",Pessoas,0,Classes de rendimento nominal mensal domiciliar per capita,Mais de 20 salários mínimos
Distribuição por faixas de renda,2022,Município,2511301,Piancó (PB),"Moradores em domicílios particulares permanentes ocupados, exclusive os cuja condição no domicílio era pensionista, empregado(a) doméstico(a) ou parente do(a) empregado(a) doméstico(a)",Pessoas,0,Classes de rendimento nominal mensal domiciliar per capita,Mais de 20 salários mínimos
Distribuição por faixas de renda,2022,Município,2511400,Picuí (PB),"Moradores em domicílios particulares permanentes ocupados, exclusive os cuja condição no domicílio era pensionista, empregado(a) doméstico(a) ou parente do(a) empregado(a) doméstico(a)",Pessoas,0,Classes de rendimento nominal mensal domiciliar per capita,Mais de 20 salários mínimos
Distribuição por faixas de renda,2022,Município,2511509,Pilar (PB),"Moradores em domicílios particulares permanentes ocupados, exclusive os cuja condição no domicílio era pensionista, empregado(a) doméstico(a) ou parente do(a) empregado(a) doméstico(a)",Pessoas,0,Classes de rendimento nominal mensal domiciliar per capita,Mais de 20 salários mínimos
Distribuição por faixas de renda,2022,Município,2511608,Pilões (PB),"Moradores em domicílios particulares permanentes ocupados, exclusive os cuja condição no domicílio era pensionista, empregado(a) doméstico(a) ou parente do(a) empregado(a) doméstico(a)",Pessoas,0,Classes de rendimento nominal mensal domiciliar per capita,Mais de 20 salários mínimos
Distribuição por faixas de renda,2022,Município,2511707,Pilõezinhos (PB),"Moradores em domicílios particulares permanentes ocupados, exclusive os cuja condição no domicílio era pensionista, empregado(a) doméstico(a) ou parente do(a) empregado(a) doméstico(a)",Pessoas,0,Classes de rendimento nominal mensal domiciliar per capita,Mais de 20 salários mínimos
Distribuição por faixas de renda,2022,Município,2511806,Pirpirituba (PB),"Moradores em domicílios particulares permanentes ocupados, exclusive os cuja condição no domicílio era pensionista, empregado(a) doméstico(a) ou parente do(a) empregado(a) doméstico(a)",Pessoas,0,Classes de rendimento nominal mensal domiciliar per capita,Mais de 20 salários mínimos
Distribuição por faixas de renda,2022,Município,2511905,Pitimbu (PB),"Moradores em domicílios particulares permanentes ocupados, exclusive os cuja condição no domicílio era pensionista, empregado(a) doméstico(a) ou parente do(a) empregado(a) doméstico(a)",Pessoas,0,Classes de rendimento nominal mensal domiciliar per capita,Mais de 20 salários mínimos
Distribuição por faixas de renda,2022,Município,2512002,Pocinhos (PB),"Moradores em domicílios particulares permanentes ocupados, exclusive os cuja condição no domicílio era pensionista, empregado(a) doméstico(a) ou parente do(a) empregado(a) doméstico(a)",Pessoas,0,Classes de rendimento nominal mensal domiciliar per capita,Mais de 20 salários mínimos
Distribuição por faixas de renda,2022,Município,2512036,Poço Dantas (PB),"Moradores em domicílios particulares permanentes ocupados, exclusive os cuja condição no domicílio era pensionista, empregado(a) doméstico(a) ou parente do(a) empregado(a) doméstico(a)",Pessoas,0,Classes de rendimento nominal mensal domiciliar per capita,Mais de 20 salários mínimos
Distribuição por faixas de renda,2022,Município,2512077,Poço de José de Moura (PB),"Moradores em domicílios particulares permanentes ocupados, exclusive os cuja condição no domicílio era pensionista, empregado(a) doméstico(a) ou parente do(a) empregado(a) doméstico(a)",Pessoas,0,Classes de rendimento nominal mensal domiciliar per capita,Mais de 20 salários mínimos
Distribuição por faixas de renda,2022,Município,2512101,Pombal (PB),"Moradores em domicílios particulares permanentes ocupados, exclusive os cuja condição no domicílio era pensionista, empregado(a) doméstico(a) ou parente do(a) empregado(a) doméstico(a)",Pessoas,0,Classes de rendimento nominal mensal domiciliar per capita,Mais de 20 salários mínimos
Distribuição por faixas de renda,2022,Município,2512200,Prata (PB),"Moradores em domicílios particulares permanentes ocupados, exclusive os cuja condição no domicílio era pensionista, empregado(a) doméstico(a) ou parente do(a) empregado(a) doméstico(a)",Pessoas,0,Classes de rendimento nominal mensal domiciliar per capita,Mais de 20 salários mínimos
Distribuição por faixas de renda,2022,Município,2512309,Princesa Isabel (PB),"Moradores em domicílios particulares permanentes ocupados, exclusive os cuja condição no domicílio era pensionista, empregado(a) doméstico(a) ou parente do(a) empregado(a) doméstico(a)",Pessoas,10,Classes de rendimento nominal mensal domiciliar per capita,Mais de 20 salários mínimos
Distribuição por faixas de renda,2022,Município,2512408,Puxinanã (PB),"Moradores em domicílios particulares permanentes ocupados, exclusive os cuja condição no domicílio era pensionista, empregado(a) doméstico(a) ou parente do(a) empregado(a) doméstico(a)",Pessoas,0,Classes de rendimento nominal mensal domiciliar per capita,Mais de 20 salários mínimos
Distribuição por faixas de renda,2022,Município,2512507,Queimadas (PB),"Moradores em domicílios particulares permanentes ocupados, exclusive os cuja condição no domicílio era pensionista, empregado(a) doméstico(a) ou parente do(a) empregado(a) doméstico(a)",Pessoas,0,Classes de rendimento nominal mensal domiciliar per capita,Mais de 20 salários mínimos
Distribuição por faixas de renda,2022,Município,2512606,Quixaba (PB),"Moradores em domicílios particulares permanentes ocupados, exclusive os cuja condição no domicílio era pensionista, empregado(a) doméstico(a) ou parente do(a) empregado(a) doméstico(a)",Pessoas,0,Classes de rendimento nominal mensal domiciliar per capita,Mais de 20 salários mínimos
Distribuição por faixas de renda,2022,Município,2512705,Remígio (PB),"Moradores em domicílios particulares permanentes ocupados, exclusive os cuja condição no domicílio era pensionista, empregado(a) doméstico(a) ou parente do(a) empregado(a) doméstico(a)",Pessoas,0,Classes de rendimento nominal mensal domiciliar per capita,Mais de 20 salários mínimos
Distribuição por faixas de renda,2022,Município,2512721,Pedro Régis (PB),"Moradores em domicílios particulares permanentes ocupados, exclusive os cuja condição no domicílio era pensionista, empregado(a) doméstico(a) ou parente do(a) empregado(a) doméstico(a)",Pessoas,0,Classes de rendimento nominal mensal domiciliar per capita,Mais de 20 salários mínimos
Distribuição por faixas de renda,2022,Município,2512747,Riachão (PB),"Moradores em domicílios particulares permanentes ocupados, exclusive os cuja condição no domicílio era pensionista, empregado(a) doméstico(a) ou parente do(a) empregado(a) doméstico(a)",Pessoas,0,Classes de rendimento nominal mensal domiciliar per capita,Mais de 20 salários mínimos
Distribuição por faixas de renda,2022,Município,2512754,Riachão do Bacamarte (PB),"Moradores em domicílios particulares permanentes ocupados, exclusive os cuja condição no domicílio era pensionista, empregado(a) doméstico(a) ou parente do(a) empregado(a) doméstico(a)",Pessoas,0,Classes de rendimento nominal mensal domiciliar per capita,Mais de 20 salários mínimos
Distribuição por faixas de renda,2022,Município,2512762,Riachão do Poço (PB),"Moradores em domicílios particulares permanentes ocupados, exclusive os cuja condição no domicílio era pensionista, empregado(a) doméstico(a) ou parente do(a) empregado(a) doméstico(a)",Pessoas,0,Classes de rendimento nominal mensal domiciliar per capita,Mais de 20 salários mínimos
Distribuição por faixas de renda,2022,Município,2512788,Riacho de Santo Antônio (PB),"Moradores em domicílios particulares permanentes ocupados, exclusive os cuja condição no domicílio era pensionista, empregado(a) doméstico(a) ou parente do(a) empregado(a) doméstico(a)",Pessoas,0,Classes de rendimento nominal mensal domiciliar per capita,Mais de 20 salários mínimos
Distribuição por faixas de renda,2022,Município,2512804,Riacho dos Cavalos (PB),"Moradores em domicílios particulares permanentes ocupados, exclusive os cuja condição no domicílio era pensionista, empregado(a) doméstico(a) ou parente do(a) empregado(a) doméstico(a)",Pessoas,0,Classes de rendimento nominal mensal domiciliar per capita,Mais de 20 salários mínimos
Distribuição por faixas de renda,2022,Município,2512903,Rio Tinto (PB),"Moradores em domicílios particulares permanentes ocupados, exclusive os cuja condição no domicílio era pensionista, empregado(a) doméstico(a) ou parente do(a) empregado(a) doméstico(a)",Pessoas,0,Classes de rendimento nominal mensal domiciliar per capita,Mais de 20 salários mínimos
Distribuição por faixas de renda,2022,Município,2513000,Salgadinho (PB),"Moradores em domicílios particulares permanentes ocupados, exclusive os cuja condição no domicílio era pensionista, empregado(a) doméstico(a) ou parente do(a) empregado(a) doméstico(a)",Pessoas,0,Classes de rendimento nominal mensal domiciliar per capita,Mais de 20 salários mínimos
Distribuição por faixas de renda,2022,Município,2513109,Salgado de São Félix (PB),"Moradores em domicílios particulares permanentes ocupados, exclusive os cuja condição no domicílio era pensionista, empregado(a) doméstico(a) ou parente do(a) empregado(a) doméstico(a)",Pessoas,0,Classes de rendimento nominal mensal domiciliar per capita,Mais de 20 salários mínimos
Distribuição por faixas de renda,2022,Município,2513158,Santa Cecília (PB),"Moradores em domicílios particulares permanentes ocupados, exclusive os cuja condição no domicílio era pensionista, empregado(a) doméstico(a) ou parente do(a) empregado(a) doméstico(a)",Pessoas,0,Classes de rendimento nominal mensal domiciliar per capita,Mais de 20 salários mínimos
Distribuição por faixas de renda,2022,Município,2513208,Santa Cruz (PB),"Moradores em domicílios particulares permanentes ocupados, exclusive os cuja condição no domicílio era pensionista, empregado(a) doméstico(a) ou parente do(a) empregado(a) doméstico(a)",Pessoas,0,Classes de rendimento nominal mensal domiciliar per capita,Mais de 20 salários mínimos
Distribuição por faixas de renda,2022,Município,2513307,Santa Helena (PB),"Moradores em domicílios particulares permanentes ocupados, exclusive os cuja condição no domicílio era pensionista, empregado(a) doméstico(a) ou parente do(a) empregado(a) doméstico(a)",Pessoas,0,Classes de rendimento nominal mensal domiciliar per capita,Mais de 20 salários mínimos
Distribuição por faixas de renda,2022,Município,2513356,Santa Inês (PB),"Moradores em domicílios particulares permanentes ocupados, exclusive os cuja condição no domicílio era pensionista, empregado(a) doméstico(a) ou parente do(a) empregado(a) doméstico(a)",Pessoas,0,Classes de rendimento nominal mensal domiciliar per capita,Mais de 20 salários mínimos
Distribuição por faixas de renda,2022,Município,2513406,Santa Luzia (PB),"Moradores em domicílios particulares permanentes ocupados, exclusive os cuja condição no domicílio era pensionista, empregado(a) doméstico(a) ou parente do(a) empregado(a) doméstico(a)",Pessoas,6,Classes de rendimento nominal mensal domiciliar per capita,Mais de 20 salários mínimos
Distribuição por faixas de renda,2022,Município,2513505,Santana de Mangueira (PB),"Moradores em domicílios particulares permanentes ocupados, exclusive os cuja condição no domicílio era pensionista, empregado(a) doméstico(a) ou parente do(a) empregado(a) doméstico(a)",Pessoas,6,Classes de rendimento nominal mensal domiciliar per capita,Mais de 20 salários mínimos
Distribuição por faixas de renda,2022,Município,2513604,Santana dos Garrotes (PB),"Moradores em domicílios particulares permanentes ocupados, exclusive os cuja condição no domicílio era pensionista, empregado(a) doméstico(a) ou parente do(a) empregado(a) doméstico(a)",Pessoas,0,Classes de rendimento nominal mensal domiciliar per capita,Mais de 20 salários mínimos
Distribuição por faixas de renda,2022,Município,2513653,Joca Claudino (PB),"Moradores em domicílios particulares permanentes ocupados, exclusive os cuja condição no domicílio era pensionista, empregado(a) doméstico(a) ou parente do(a) empregado(a) doméstico(a)",Pessoas,0,Classes de rendimento nominal mensal domiciliar per capita,Mais de 20 salários mínimos
Distribuição por faixas de renda,2022,Município,2513703,Santa Rita (PB),"Moradores em domicílios particulares permanentes ocupados, exclusive os cuja condição no domicílio era pensionista, empregado(a) doméstico(a) ou parente do(a) empregado(a) doméstico(a)",Pessoas,0,Classes de rendimento nominal mensal domiciliar per capita,Mais de 20 salários mínimos
Distribuição por faixas de renda,2022,Município,2513802,Santa Teresinha (PB),"Moradores em domicílios particulares permanentes ocupados, exclusive os cuja condição no domicílio era pensionista, empregado(a) doméstico(a) ou parente do(a) empregado(a) doméstico(a)",Pessoas,0,Classes de rendimento nominal mensal domiciliar per capita,Mais de 20 salários mínimos
Distribuição por faixas de renda,2022,Município,2513851,Santo André (PB),"Moradores em domicílios particulares permanentes ocupados, exclusive os cuja condição no domicílio era pensionista, empregado(a) doméstico(a) ou parente do(a) empregado(a) doméstico(a)",Pessoas,0,Classes de rendimento nominal mensal domiciliar per capita,Mais de 20 salários mínimos
Distribuição por faixas de renda,2022,Município,2513901,São Bento (PB),"Moradores em domicílios particulares permanentes ocupados, exclusive os cuja condição no domicílio era pensionista, empregado(a) doméstico(a) ou parente do(a) empregado(a) doméstico(a)",Pessoas,0,Classes de rendimento nominal mensal domiciliar per capita,Mais de 20 salários mínimos
Distribuição por faixas de renda,2022,Município,2513927,São Bentinho (PB),"Moradores em domicílios particulares permanentes ocupados, exclusive os cuja condição no domicílio era pensionista, empregado(a) doméstico(a) ou parente do(a) empregado(a) doméstico(a)",Pessoas,0,Classes de rendimento nominal mensal domiciliar per capita,Mais de 20 salários mínimos
Distribuição por faixas de renda,2022,Município,2513943,São Domingos do Cariri (PB),"Moradores em domicílios particulares permanentes ocupados, exclusive os cuja condição no domicílio era pensionista, empregado(a) doméstico(a) ou parente do(a) empregado(a) doméstico(a)",Pessoas,0,Classes de rendimento nominal mensal domiciliar per capita,Mais de 20 salários mínimos
Distribuição por faixas de renda,2022,Município,2513968,São Domingos (PB),"Moradores em domicílios particulares permanentes ocupados, exclusive os cuja condição no domicílio era pensionista, empregado(a) doméstico(a) ou parente do(a) empregado(a) doméstico(a)",Pessoas,0,Classes de rendimento nominal mensal domiciliar per capita,Mais de 20 salários mínimos
Distribuição por faixas de renda,2022,Município,2513984,São Francisco (PB),"Moradores em domicílios particulares permanentes ocupados, exclusive os cuja condição no domicílio era pensionista, empregado(a) doméstico(a) ou parente do(a) empregado(a) doméstico(a)",Pessoas,0,Classes de rendimento nominal mensal domiciliar per capita,Mais de 20 salários mínimos
Distribuição por faixas de renda,2022,Município,2514008,São João do Cariri (PB),"Moradores em domicílios particulares permanentes ocupados, exclusive os cuja condição no domicílio era pensionista, empregado(a) doméstico(a) ou parente do(a) empregado(a) doméstico(a)",Pessoas,0,Classes de rendimento nominal mensal domiciliar per capita,Mais de 20 salários mínimos
Distribuição por faixas de renda,2022,Município,2514107,São João do Tigre (PB),"Moradores em domicílios particulares permanentes ocupados, exclusive os cuja condição no domicílio era pensionista, empregado(a) doméstico(a) ou parente do(a) empregado(a) doméstico(a)",Pessoas,0,Classes de rendimento nominal mensal domiciliar per capita,Mais de 20 salários mínimos
Distribuição por faixas de renda,2022,Município,2514206,São José da Lagoa Tapada (PB),"Moradores em domicílios particulares permanentes ocupados, exclusive os cuja condição no domicílio era pensionista, empregado(a) doméstico(a) ou parente do(a) empregado(a) doméstico(a)",Pessoas,0,Classes de rendimento nominal mensal domiciliar per capita,Mais de 20 salários mínimos
Distribuição por faixas de renda,2022,Município,2514305,São José de Caiana (PB),"Moradores em domicílios particulares permanentes ocupados, exclusive os cuja condição no domicílio era pensionista, empregado(a) doméstico(a) ou parente do(a) empregado(a) doméstico(a)",Pessoas,0,Classes de rendimento nominal mensal domiciliar per capita,Mais de 20 salários mínimos
Distribuição por faixas de renda,2022,Município,2514404,São José de Espinharas (PB),"Moradores em domicílios particulares permanentes ocupados, exclusive os cuja condição no domicílio era pensionista, empregado(a) doméstico(a) ou parente do(a) empregado(a) doméstico(a)",Pessoas,0,Classes de rendimento nominal mensal domiciliar per capita,Mais de 20 salários mínimos
Distribuição por faixas de renda,2022,Município,2514453,São José dos Ramos (PB),"Moradores em domicílios particulares permanentes ocupados, exclusive os cuja condição no domicílio era pensionista, empregado(a) doméstico(a) ou parente do(a) empregado(a) doméstico(a)",Pessoas,0,Classes de rendimento nominal mensal domiciliar per capita,Mais de 20 salários mínimos
Distribuição por faixas de renda,2022,Município,2514503,São José de Piranhas (PB),"Moradores em domicílios particulares permanentes ocupados, exclusive os cuja condição no domicílio era pensionista, empregado(a) doméstico(a) ou parente do(a) empregado(a) doméstico(a)",Pessoas,0,Classes de rendimento nominal mensal domiciliar per capita,Mais de 20 salários mínimos
Distribuição por faixas de renda,2022,Município,2514552,São José de Princesa (PB),"Moradores em domicílios particulares permanentes ocupados, exclusive os cuja condição no domicílio era pensionista, empregado(a) doméstico(a) ou parente do(a) empregado(a) doméstico(a)",Pessoas,0,Classes de rendimento nominal mensal domiciliar per capita,Mais de 20 salários mínimos
Distribuição por faixas de renda,2022,Município,2514602,São José do Bonfim (PB),"Moradores em domicílios particulares permanentes ocupados, exclusive os cuja condição no domicílio era pensionista, empregado(a) doméstico(a) ou parente do(a) empregado(a) doméstico(a)",Pessoas,0,Classes de rendimento nominal mensal domiciliar per capita,Mais de 20 salários mínimos
Distribuição por faixas de renda,2022,Município,2514651,São José do Brejo do Cruz (PB),"Moradores em domicílios particulares permanentes ocupados, exclusive os cuja condição no domicílio era pensionista, empregado(a) doméstico(a) ou parente do(a) empregado(a) doméstico(a)",Pessoas,0,Classes de rendimento nominal mensal domiciliar per capita,Mais de 20 salários mínimos
Distribuição por faixas de renda,2022,Município,2514701,São José do Sabugi (PB),"Moradores em domicílios particulares permanentes ocupados, exclusive os cuja condição no domicílio era pensionista, empregado(a) doméstico(a) ou parente do(a) empregado(a) doméstico(a)",Pessoas,0,Classes de rendimento nominal mensal domiciliar per capita,Mais de 20 salários mínimos
Distribuição por faixas de renda,2022,Município,2514800,São José dos Cordeiros (PB),"Moradores em domicílios particulares permanentes ocupados, exclusive os cuja condição no domicílio era pensionista, empregado(a) doméstico(a) ou parente do(a) empregado(a) doméstico(a)",Pessoas,0,Classes de rendimento nominal mensal domiciliar per capita,Mais de 20 salários mínimos
Distribuição por faixas de renda,2022,Município,2514909,São Mamede (PB),"Moradores em domicílios particulares permanentes ocupados, exclusive os cuja condição no domicílio era pensionista, empregado(a) doméstico(a) ou parente do(a) empregado(a) doméstico(a)",Pessoas,0,Classes de rendimento nominal mensal domiciliar per capita,Mais de 20 salários mínimos
Distribuição por faixas de renda,2022,Município,2515005,São Miguel de Taipu (PB),"Moradores em domicílios particulares permanentes ocupados, exclusive os cuja condição no domicílio era pensionista, empregado(a) doméstico(a) ou parente do(a) empregado(a) doméstico(a)",Pessoas,0,Classes de rendimento nominal mensal domiciliar per capita,Mais de 20 salários mínimos
Distribuição por faixas de renda,2022,Município,2515104,São Sebastião de Lagoa de Roça (PB),"Moradores em domicílios particulares permanentes ocupados, exclusive os cuja condição no domicílio era pensionista, empregado(a) doméstico(a) ou parente do(a) empregado(a) doméstico(a)",Pessoas,0,Classes de rendimento nominal mensal domiciliar per capita,Mais de 20 salários mínimos
Distribuição por faixas de renda,2022,Município,2515203,São Sebastião do Umbuzeiro (PB),"Moradores em domicílios particulares permanentes ocupados, exclusive os cuja condição no domicílio era pensionista, empregado(a) doméstico(a) ou parente do(a) empregado(a) doméstico(a)",Pessoas,0,Classes de rendimento nominal mensal domiciliar per capita,Mais de 20 salários mínimos
Distribuição por faixas de renda,2022,Município,2515302,Sapé (PB),"Moradores em domicílios particulares permanentes ocupados, exclusive os cuja condição no domicílio era pensionista, empregado(a) doméstico(a) ou parente do(a) empregado(a) doméstico(a)",Pessoas,0,Classes de rendimento nominal mensal domiciliar per capita,Mais de 20 salários mínimos
Distribuição por faixas de renda,2022,Município,2515401,São Vicente do Seridó (PB),"Moradores em domicílios particulares permanentes ocupados, exclusive os cuja condição no domicílio era pensionista, empregado(a) doméstico(a) ou parente do(a) empregado(a) doméstico(a)",Pessoas,0,Classes de rendimento nominal mensal domiciliar per capita,Mais de 20 salários mínimos
Distribuição por faixas de renda,2022,Município,2515500,Serra Branca (PB),"Moradores em domicílios particulares permanentes ocupados, exclusive os cuja condição no domicílio era pensionista, empregado(a) doméstico(a) ou parente do(a) empregado(a) doméstico(a)",Pessoas,0,Classes de rendimento nominal mensal domiciliar per capita,Mais de 20 salários mínimos
Distribuição por faixas de renda,2022,Município,2515609,Serra da Raiz (PB),"Moradores em domicílios particulares permanentes ocupados, exclusive os cuja condição no domicílio era pensionista, empregado(a) doméstico(a) ou parente do(a) empregado(a) doméstico(a)",Pessoas,0,Classes de rendimento nominal mensal domiciliar per capita,Mais de 20 salários mínimos
Distribuição por faixas de renda,2022,Município,2515708,Serra Grande (PB),"Moradores em domicílios particulares permanentes ocupados, exclusive os cuja condição no domicílio era pensionista, empregado(a) doméstico(a) ou parente do(a) empregado(a) doméstico(a)",Pessoas,0,Classes de rendimento nominal mensal domiciliar per capita,Mais de 20 salários mínimos
Distribuição por faixas de renda,2022,Município,2515807,Serra Redonda (PB),"Moradores em domicílios particulares permanentes ocupados, exclusive os cuja condição no domicílio era pensionista, empregado(a) doméstico(a) ou parente do(a) empregado(a) doméstico(a)",Pessoas,0,Classes de rendimento nominal mensal domiciliar per capita,Mais de 20 salários mínimos
Distribuição por faixas de renda,2022,Município,2515906,Serraria (PB),"Moradores em domicílios particulares permanentes ocupados, exclusive os cuja condição no domicílio era pensionista, empregado(a) doméstico(a) ou parente do(a) empregado(a) doméstico(a)",Pessoas,0,Classes de rendimento nominal mensal domiciliar per capita,Mais de 20 salários mínimos
Distribuição por faixas de renda,2022,Município,2515930,Sertãozinho (PB),"Moradores em domicílios particulares permanentes ocupados, exclusive os cuja condição no domicílio era pensionista, empregado(a) doméstico(a) ou parente do(a) empregado(a) doméstico(a)",Pessoas,0,Classes de rendimento nominal mensal domiciliar per capita,Mais de 20 salários mínimos
Distribuição por faixas de renda,2022,Município,2515971,Sobrado (PB),"Moradores em domicílios particulares permanentes ocupados, exclusive os cuja condição no domicílio era pensionista, empregado(a) doméstico(a) ou parente do(a) empregado(a) doméstico(a)",Pessoas,0,Classes de rendimento nominal mensal domiciliar per capita,Mais de 20 salários mínimos
Distribuição por faixas de renda,2022,Município,2516003,Solânea (PB),"Moradores em domicílios particulares permanentes ocupados, exclusive os cuja condição no domicílio era pensionista, empregado(a) doméstico(a) ou parente do(a) empregado(a) doméstico(a)",Pessoas,0,Classes de rendimento nominal mensal domiciliar per capita,Mais de 20 salários mínimos
Distribuição por faixas de renda,2022,Município,2516102,Soledade (PB),"Moradores em domicílios particulares permanentes ocupados, exclusive os cuja condição no domicílio era pensionista, empregado(a) doméstico(a) ou parente do(a) empregado(a) doméstico(a)",Pessoas,0,Classes de rendimento nominal mensal domiciliar per capita,Mais de 20 salários mínimos
Distribuição por faixas de renda,2022,Município,2516151,Sossêgo (PB),"Moradores em domicílios particulares permanentes ocupados, exclusive os cuja condição no domicílio era pensionista, empregado(a) doméstico(a) ou parente do(a) empregado(a) doméstico(a)",Pessoas,0,Classes de rendimento nominal mensal domiciliar per capita,Mais de 20 salários mínimos
Distribuição por faixas de renda,2022,Município,2516201,Sousa (PB),"Moradores em domicílios particulares permanentes ocupados, exclusive os cuja condição no domicílio era pensionista, empregado(a) doméstico(a) ou parente do(a) empregado(a) doméstico(a)",Pessoas,46,Classes de rendimento nominal mensal domiciliar per capita,Mais de 20 salários mínimos
Distribuição por faixas de renda,2022,Município,2516300,Sumé (PB),"Moradores em domicílios particulares permanentes ocupados, exclusive os cuja condição no domicílio era pensionista, empregado(a) doméstico(a) ou parente do(a) empregado(a) doméstico(a)",Pessoas,0,Classes de rendimento nominal mensal domiciliar per capita,Mais de 20 salários mínimos
Distribuição por faixas de renda,2022,Município,2516409,Tacima (PB),"Moradores em domicílios particulares permanentes ocupados, exclusive os cuja condição no domicílio era pensionista, empregado(a) doméstico(a) ou parente do(a) empregado(a) doméstico(a)",Pessoas,0,Classes de rendimento nominal mensal domiciliar per capita,Mais de 20 salários mínimos
Distribuição por faixas de renda,2022,Município,2516508,Taperoá (PB),"Moradores em domicílios particulares permanentes ocupados, exclusive os cuja condição no domicílio era pensionista, empregado(a) doméstico(a) ou parente do(a) empregado(a) doméstico(a)",Pessoas,0,Classes de rendimento nominal mensal domiciliar per capita,Mais de 20 salários mínimos
Distribuição por faixas de renda,2022,Município,2516607,Tavares (PB),"Moradores em domicílios particulares permanentes ocupados, exclusive os cuja condição no domicílio era pensionista, empregado(a) doméstico(a) ou parente do(a) empregado(a) doméstico(a)",Pessoas,0,Classes de rendimento nominal mensal domiciliar per capita,Mais de 20 salários mínimos
Distribuição por faixas de renda,2022,Município,2516706,Teixeira (PB),"Moradores em domicílios particulares permanentes ocupados, exclusive os cuja condição no domicílio era pensionista, empregado(a) doméstico(a) ou parente do(a) empregado(a) doméstico(a)",Pessoas,0,Classes de rendimento nominal mensal domiciliar per capita,Mais de 20 salários mínimos
Distribuição por faixas de renda,2022,Município,2516755,Tenório (PB),"Moradores em domicílios particulares permanentes ocupados, exclusive os cuja condição no domicílio era pensionista, empregado(a) doméstico(a) ou parente do(a) empregado(a) doméstico(a)",Pessoas,0,Classes de rendimento nominal mensal domiciliar per capita,Mais de 20 salários mínimos
Distribuição por faixas de renda,2022,Município,2516805,Triunfo (PB),"Moradores em domicílios particulares permanentes ocupados, exclusive os cuja condição no domicílio era pensionista, empregado(a) doméstico(a) ou parente do(a) empregado(a) doméstico(a)",Pessoas,0,Classes de rendimento nominal mensal domiciliar per capita,Mais de 20 salários mínimos
Distribuição por faixas de renda,2022,Município,2516904,Uiraúna (PB),"Moradores em domicílios particulares permanentes ocupados, exclusive os cuja condição no domicílio era pensionista, empregado(a) doméstico(a) ou parente do(a) empregado(a) doméstico(a)",Pessoas,0,Classes de rendimento nominal mensal domiciliar per capita,Mais de 20 salários mínimos
Distribuição por faixas de renda,2022,Município,2517001,Umbuzeiro (PB),"Moradores em domicílios particulares permanentes ocupados, exclusive os cuja condição no domicílio era pensionista, empregado(a) doméstico(a) ou parente do(a) empregado(a) doméstico(a)",Pessoas,0,Classes de rendimento nominal mensal domiciliar per capita,Mais de 20 salários mínimos
Distribuição por faixas de renda,2022,Município,2517100,Várzea (PB),"Moradores em domicílios particulares permanentes ocupados, exclusive os cuja condição no domicílio era pensionista, empregado(a) doméstico(a) ou parente do(a) empregado(a) doméstico(a)",Pessoas,0,Classes de rendimento nominal mensal domiciliar per capita,Mais de 20 salários mínimos
Distribuição por faixas de renda,2022,Município,2517209,Vieirópolis (PB),"Moradores em domicílios particulares permanentes ocupados, exclusive os cuja condição no domicílio era pensionista, empregado(a) doméstico(a) ou parente do(a) empregado(a) doméstico(a)",Pessoas,0,Classes de rendimento nominal mensal domiciliar per capita,Mais de 20 salários mínimos
Distribuição por faixas de renda,2022,Município,2517407,Zabelê (PB),"Moradores em domicílios particulares permanentes ocupados, exclusive os cuja condição no domicílio era pensionista, empregado(a) doméstico(a) ou parente do(a) empregado(a) doméstico(a)",Pessoas,0,Classes de rendimento nominal mensal domiciliar per capita,Mais de 20 salários mínimos
Distribuição por faixas de renda,2022,Unidade da Federação,25,Paraíba,"Moradores em domicílios particulares permanentes ocupados, exclusive os cuja condição no domicílio era pensionista, empregado(a) doméstico(a) ou parente do(a) empregado(a) doméstico(a)",Pessoas,89316,Classes de rendimento nominal mensal domiciliar per capita,Sem rendimento
Distribuição por faixas de renda,2022,Município,2500106,Água Branca (PB),"Moradores em domicílios particulares permanentes ocupados, exclusive os cuja condição no domicílio era pensionista, empregado(a) doméstico(a) ou parente do(a) empregado(a) doméstico(a)",Pessoas,94,Classes de rendimento nominal mensal domiciliar per capita,Sem rendimento
Distribuição por faixas de renda,2022,Município,2500205,Aguiar (PB),"Moradores em domicílios particulares permanentes ocupados, exclusive os cuja condição no domicílio era pensionista, empregado(a) doméstico(a) ou parente do(a) empregado(a) doméstico(a)",Pessoas,23,Classes de rendimento nominal mensal domiciliar per capita,Sem rendimento
Distribuição por faixas de renda,2022,Município,2500304,Alagoa Grande (PB),"Moradores em domicílios particulares permanentes ocupados, exclusive os cuja condição no domicílio era pensionista, empregado(a) doméstico(a) ou parente do(a) empregado(a) doméstico(a)",Pessoas,871,Classes de rendimento nominal mensal domiciliar per capita,Sem rendimento
Distribuição por faixas de renda,2022,Município,2500403,Alagoa Nova (PB),"Moradores em domicílios particulares permanentes ocupados, exclusive os cuja condição no domicílio era pensionista, empregado(a) doméstico(a) ou parente do(a) empregado(a) doméstico(a)",Pessoas,560,Classes de rendimento nominal mensal domiciliar per capita,Sem rendimento
Distribuição por faixas de renda,2022,Município,2500502,Alagoinha (PB),"Moradores em domicílios particulares permanentes ocupados, exclusive os cuja condição no domicílio era pensionista, empregado(a) doméstico(a) ou parente do(a) empregado(a) doméstico(a)",Pessoas,150,Classes de rendimento nominal mensal domiciliar per capita,Sem rendimento
Distribuição por faixas de renda,2022,Município,2500536,Alcantil (PB),"Moradores em domicílios particulares permanentes ocupados, exclusive os cuja condição no domicílio era pensionista, empregado(a) doméstico(a) ou parente do(a) empregado(a) doméstico(a)",Pessoas,9,Classes de rendimento nominal mensal domiciliar per capita,Sem rendimento
Distribuição por faixas de renda,2022,Município,2500577,Algodão de Jandaíra (PB),"Moradores em domicílios particulares permanentes ocupados, exclusive os cuja condição no domicílio era pensionista, empregado(a) doméstico(a) ou parente do(a) empregado(a) doméstico(a)",Pessoas,0,Classes de rendimento nominal mensal domiciliar per capita,Sem rendimento
Distribuição por faixas de renda,2022,Município,2500601,Alhandra (PB),"Moradores em domicílios particulares permanentes ocupados, exclusive os cuja condição no domicílio era pensionista, empregado(a) doméstico(a) ou parente do(a) empregado(a) doméstico(a)",Pessoas,235,Classes de rendimento nominal mensal domiciliar per capita,Sem rendimento
Distribuição por faixas de renda,2022,Município,2500700,São João do Rio do Peixe (PB),"Moradores em domicílios particulares permanentes ocupados, exclusive os cuja condição no domicílio era pensionista, empregado(a) doméstico(a) ou parente do(a) empregado(a) doméstico(a)",Pessoas,164,Classes de rendimento nominal mensal domiciliar per capita,Sem rendimento
Distribuição por faixas de renda,2022,Município,2500734,Amparo (PB),"Moradores em domicílios particulares permanentes ocupados, exclusive os cuja condição no domicílio era pensionista, empregado(a) doméstico(a) ou parente do(a) empregado(a) doméstico(a)",Pessoas,37,Classes de rendimento nominal mensal domiciliar per capita,Sem rendimento
Distribuição por faixas de renda,2022,Município,2500775,Aparecida (PB),"Moradores em domicílios particulares permanentes ocupados, exclusive os cuja condição no domicílio era pensionista, empregado(a) doméstico(a) ou parente do(a) empregado(a) doméstico(a)",Pessoas,25,Classes de rendimento nominal mensal domiciliar per capita,Sem rendimento
Distribuição por faixas de renda,2022,Município,2500809,Araçagi (PB),"Moradores em domicílios particulares permanentes ocupados, exclusive os cuja condição no domicílio era pensionista, empregado(a) doméstico(a) ou parente do(a) empregado(a) doméstico(a)",Pessoas,164,Classes de rendimento nominal mensal domiciliar per capita,Sem rendimento
Distribuição por faixas de renda,2022,Município,2500908,Arara (PB),"Moradores em domicílios particulares permanentes ocupados, exclusive os cuja condição no domicílio era pensionista, empregado(a) doméstico(a) ou parente do(a) empregado(a) doméstico(a)",Pessoas,138,Classes de rendimento nominal mensal domiciliar per capita,Sem rendimento
Distribuição por faixas de renda,2022,Município,2501005,Araruna (PB),"Moradores em domicílios particulares permanentes ocupados, exclusive os cuja condição no domicílio era pensionista, empregado(a) doméstico(a) ou parente do(a) empregado(a) doméstico(a)",Pessoas,361,Classes de rendimento nominal mensal domiciliar per capita,Sem rendimento
Distribuição por faixas de renda,2022,Município,2501104,Areia (PB),"Moradores em domicílios particulares permanentes ocupados, exclusive os cuja condição no domicílio era pensionista, empregado(a) doméstico(a) ou parente do(a) empregado(a) doméstico(a)",Pessoas,308,Classes de rendimento nominal mensal domiciliar per capita,Sem rendimento
Distribuição por faixas de renda,2022,Município,2501153,Areia de Baraúnas (PB),"Moradores em domicílios particulares permanentes ocupados, exclusive os cuja condição no domicílio era pensionista, empregado(a) doméstico(a) ou parente do(a) empregado(a) doméstico(a)",Pessoas,19,Classes de rendimento nominal mensal domiciliar per capita,Sem rendimento
Distribuição por faixas de renda,2022,Município,2501203,Areial (PB),"Moradores em domicílios particulares permanentes ocupados, exclusive os cuja condição no domicílio era pensionista, empregado(a) doméstico(a) ou parente do(a) empregado(a) doméstico(a)",Pessoas,134,Classes de rendimento nominal mensal domiciliar per capita,Sem rendimento
Distribuição por faixas de renda,2022,Município,2501302,Aroeiras (PB),"Moradores em domicílios particulares permanentes ocupados, exclusive os cuja condição no domicílio era pensionista, empregado(a) doméstico(a) ou parente do(a) empregado(a) doméstico(a)",Pessoas,212,Classes de rendimento nominal mensal domiciliar per capita,Sem rendimento
Distribuição por faixas de renda,2022,Município,2501351,Assunção (PB),"Moradores em domicílios particulares permanentes ocupados, exclusive os cuja condição no domicílio era pensionista, empregado(a) doméstico(a) ou parente do(a) empregado(a) doméstico(a)",Pessoas,11,Classes de rendimento nominal mensal domiciliar per capita,Sem rendimento
Distribuição por faixas de renda,2022,Município,2501401,Baía da Traição (PB),"Moradores em domicílios particulares permanentes ocupados, exclusive os cuja condição no domicílio era pensionista, empregado(a) doméstico(a) ou parente do(a) empregado(a) doméstico(a)",Pessoas,216,Classes de rendimento nominal mensal domiciliar per capita,Sem rendimento
Distribuição por faixas de renda,2022,Município,2501500,Bananeiras (PB),"Moradores em domicílios particulares permanentes ocupados, exclusive os cuja condição no domicílio era pensionista, empregado(a) doméstico(a) ou parente do(a) empregado(a) doméstico(a)",Pessoas,422,Classes de rendimento nominal mensal domiciliar per capita,Sem rendimento
Distribuição por faixas de renda,2022,Município,2501534,Baraúna (PB),"Moradores em domicílios particulares permanentes ocupados, exclusive os cuja condição no domicílio era pensionista, empregado(a) doméstico(a) ou parente do(a) empregado(a) doméstico(a)",Pessoas,56,Classes de rendimento nominal mensal domiciliar per capita,Sem rendimento
Distribuição por faixas de renda,2022,Município,2501575,Barra de Santana (PB),"Moradores em domicílios particulares permanentes ocupados, exclusive os cuja condição no domicílio era pensionista, empregado(a) doméstico(a) ou parente do(a) empregado(a) doméstico(a)",Pessoas,261,Classes de rendimento nominal mensal domiciliar per capita,Sem rendimento
Distribuição por faixas de renda,2022,Município,2501609,Barra de Santa Rosa (PB),"Moradores em domicílios particulares permanentes ocupados, exclusive os cuja condição no domicílio era pensionista, empregado(a) doméstico(a) ou parente do(a) empregado(a) doméstico(a)",Pessoas,368,Classes de rendimento nominal mensal domiciliar per capita,Sem rendimento
Distribuição por faixas de renda,2022,Município,2501708,Barra de São Miguel (PB),"Moradores em domicílios particulares permanentes ocupados, exclusive os cuja condição no domicílio era pensionista, empregado(a) doméstico(a) ou parente do(a) empregado(a) doméstico(a)",Pessoas,21,Classes de rendimento nominal mensal domiciliar per capita,Sem rendimento
Distribuição por faixas de renda,2022,Município,2501807,Bayeux (PB),"Moradores em domicílios particulares permanentes ocupados, exclusive os cuja condição no domicílio era pensionista, empregado(a) doméstico(a) ou parente do(a) empregado(a) doméstico(a)",Pessoas,1609,Classes de rendimento nominal mensal domiciliar per capita,Sem rendimento
Distribuição por faixas de renda,2022,Município,2501906,Belém (PB),"Moradores em domicílios particulares permanentes ocupados, exclusive os cuja condição no domicílio era pensionista, empregado(a) doméstico(a) ou parente do(a) empregado(a) doméstico(a)",Pessoas,253,Classes de rendimento nominal mensal domiciliar per capita,Sem rendimento
Distribuição por faixas de renda,2022,Município,2502003,Belém do Brejo do Cruz (PB),"Moradores em domicílios particulares permanentes ocupados, exclusive os cuja condição no domicílio era pensionista, empregado(a) doméstico(a) ou parente do(a) empregado(a) doméstico(a)",Pessoas,47,Classes de rendimento nominal mensal domiciliar per capita,Sem rendimento
Distribuição por faixas de renda,2022,Município,2502052,Bernardino Batista (PB),"Moradores em domicílios particulares permanentes ocupados, exclusive os cuja condição no domicílio era pensionista, empregado(a) doméstico(a) ou parente do(a) empregado(a) doméstico(a)",Pessoas,21,Classes de rendimento nominal mensal domiciliar per capita,Sem rendimento
Distribuição por faixas de renda,2022,Município,2502102,Boa Ventura (PB),"Moradores em domicílios particulares permanentes ocupados, exclusive os cuja condição no domicílio era pensionista, empregado(a) doméstico(a) ou parente do(a) empregado(a) doméstico(a)",Pessoas,132,Classes de rendimento nominal mensal domiciliar per capita,Sem rendimento
Distribuição por faixas de renda,2022,Município,2502151,Boa Vista (PB),"Moradores em domicílios particulares permanentes ocupados, exclusive os cuja condição no domicílio era pensionista, empregado(a) doméstico(a) ou parente do(a) empregado(a) doméstico(a)",Pessoas,83,Classes de rendimento nominal mensal domiciliar per capita,Sem rendimento
Distribuição por faixas de renda,2022,Município,2502201,Bom Jesus (PB),"Moradores em domicílios particulares permanentes ocupados, exclusive os cuja condição no domicílio era pensionista, empregado(a) doméstico(a) ou parente do(a) empregado(a) doméstico(a)",Pessoas,19,Classes de rendimento nominal mensal domiciliar per capita,Sem rendimento
Distribuição por faixas de renda,2022,Município,2502300,Bom Sucesso (PB),"Moradores em domicílios particulares permanentes ocupados, exclusive os cuja condição no domicílio era pensionista, empregado(a) doméstico(a) ou parente do(a) empregado(a) doméstico(a)",Pessoas,27,Classes de rendimento nominal mensal domiciliar per capita,Sem rendimento
Distribuição por faixas de renda,2022,Município,2502409,Bonito de Santa Fé (PB),"Moradores em domicílios particulares permanentes ocupados, exclusive os cuja condição no domicílio era pensionista, empregado(a) doméstico(a) ou parente do(a) empregado(a) doméstico(a)",Pessoas,273,Classes de rendimento nominal mensal domiciliar per capita,Sem rendimento
Distribuição por faixas de renda,2022,Município,2502508,Boqueirão (PB),"Moradores em domicílios particulares permanentes ocupados, exclusive os cuja condição no domicílio era pensionista, empregado(a) doméstico(a) ou parente do(a) empregado(a) doméstico(a)",Pessoas,150,Classes de rendimento nominal mensal domiciliar per capita,Sem rendimento
Distribuição por faixas de renda,2022,Município,2502607,Igaracy (PB),"Moradores em domicílios particulares permanentes ocupados, exclusive os cuja condição no domicílio era pensionista, empregado(a) doméstico(a) ou parente do(a) empregado(a) doméstico(a)",Pessoas,71,Classes de rendimento nominal mensal domiciliar per capita,Sem rendimento
Distribuição por faixas de renda,2022,Município,2502706,Borborema (PB),"Moradores em domicílios particulares permanentes ocupados, exclusive os cuja condição no domicílio era pensionista, empregado(a) doméstico(a) ou parente do(a) empregado(a) doméstico(a)",Pessoas,229,Classes de rendimento nominal mensal domiciliar per capita,Sem rendimento
Distribuição por faixas de renda,2022,Município,2502805,Brejo do Cruz (PB),"Moradores em domicílios particulares permanentes ocupados, exclusive os cuja condição no domicílio era pensionista, empregado(a) doméstico(a) ou parente do(a) empregado(a) doméstico(a)",Pessoas,277,Classes de rendimento nominal mensal domiciliar per capita,Sem rendimento
Distribuição por faixas de renda,2022,Município,2502904,Brejo dos Santos (PB),"Moradores em domicílios particulares permanentes ocupados, exclusive os cuja condição no domicílio era pensionista, empregado(a) doméstico(a) ou parente do(a) empregado(a) doméstico(a)",Pessoas,56,Classes de rendimento nominal mensal domiciliar per capita,Sem rendimento
Distribuição por faixas de renda,2022,Município,2503001,Caaporã (PB),"Moradores em domicílios particulares permanentes ocupados, exclusive os cuja condição no domicílio era pensionista, empregado(a) doméstico(a) ou parente do(a) empregado(a) doméstico(a)",Pessoas,1064,Classes de rendimento nominal mensal domiciliar per capita,Sem rendimento
Distribuição por faixas de renda,2022,Município,2503100,Cabaceiras (PB),"Moradores em domicílios particulares permanentes ocupados, exclusive os cuja condição no domicílio era pensionista, empregado(a) doméstico(a) ou parente do(a) empregado(a) doméstico(a)",Pessoas,46,Classes de rendimento nominal mensal domiciliar per capita,Sem rendimento
Distribuição por faixas de renda,2022,Município,2503209,Cabedelo (PB),"Moradores em domicílios particulares permanentes ocupados, exclusive os cuja condição no domicílio era pensionista, empregado(a) doméstico(a) ou parente do(a) empregado(a) doméstico(a)",Pessoas,1499,Classes de rendimento nominal mensal domiciliar per capita,Sem rendimento
Distribuição por faixas de renda,2022,Município,2503308,Cachoeira dos Índios (PB),"Moradores em domicílios particulares permanentes ocupados, exclusive os cuja condição no domicílio era pensionista, empregado(a) doméstico(a) ou parente do(a) empregado(a) doméstico(a)",Pessoas,126,Classes de rendimento nominal mensal domiciliar per capita,Sem rendimento
Distribuição por faixas de renda,2022,Município,2503407,Cacimba de Areia (PB),"Moradores em domicílios particulares permanentes ocupados, exclusive os cuja condição no domicílio era pensionista, empregado(a) doméstico(a) ou parente do(a) empregado(a) doméstico(a)",Pessoas,51,Classes de rendimento nominal mensal domiciliar per capita,Sem rendimento
Distribuição por faixas de renda,2022,Município,2503506,Cacimba de Dentro (PB),"Moradores em domicílios particulares permanentes ocupados, exclusive os cuja condição no domicílio era pensionista, empregado(a) doméstico(a) ou parente do(a) empregado(a) doméstico(a)",Pessoas,317,Classes de rendimento nominal mensal domiciliar per capita,Sem rendimento
Distribuição por faixas de renda,2022,Município,2503555,Cacimbas (PB),"Moradores em domicílios particulares permanentes ocupados, exclusive os cuja condição no domicílio era pensionista, empregado(a) doméstico(a) ou parente do(a) empregado(a) doméstico(a)",Pessoas,27,Classes de rendimento nominal mensal domiciliar per capita,Sem rendimento
Distribuição por faixas de renda,2022,Município,2503605,Caiçara (PB),"Moradores em domicílios particulares permanentes ocupados, exclusive os cuja condição no domicílio era pensionista, empregado(a) doméstico(a) ou parente do(a) empregado(a) doméstico(a)",Pessoas,249,Classes de rendimento nominal mensal domiciliar per capita,Sem rendimento
Distribuição por faixas de renda,2022,Município,2503704,Cajazeiras (PB),"Moradores em domicílios particulares permanentes ocupados, exclusive os cuja condição no domicílio era pensionista, empregado(a) doméstico(a) ou parente do(a) empregado(a) doméstico(a)",Pessoas,1086,Classes de rendimento nominal mensal domiciliar per capita,Sem rendimento
Distribuição por faixas de renda,2022,Município,2503753,Cajazeirinhas (PB),"Moradores em domicílios particulares permanentes ocupados, exclusive os cuja condição no domicílio era pensionista, empregado(a) doméstico(a) ou parente do(a) empregado(a) doméstico(a)",Pessoas,23,Classes de rendimento nominal mensal domiciliar per capita,Sem rendimento
Distribuição por faixas de renda,2022,Município,2503803,Caldas Brandão (PB),"Moradores em domicílios particulares permanentes ocupados, exclusive os cuja condição no domicílio era pensionista, empregado(a) doméstico(a) ou parente do(a) empregado(a) doméstico(a)",Pessoas,116,Classes de rendimento nominal mensal domiciliar per capita,Sem rendimento
Distribuição por faixas de renda,2022,Município,2503902,Camalaú (PB),"Moradores em domicílios particulares permanentes ocupados, exclusive os cuja condição no domicílio era pensionista, empregado(a) doméstico(a) ou parente do(a) empregado(a) doméstico(a)",Pessoas,150,Classes de rendimento nominal mensal domiciliar per capita,Sem rendimento
Distribuição por faixas de renda,2022,Município,2504009,Campina Grande (PB),"Moradores em domicílios particulares permanentes ocupados, exclusive os cuja condição no domicílio era pensionista, empregado(a) doméstico(a) ou parente do(a) empregado(a) doméstico(a)",Pessoas,14617,Classes de rendimento nominal mensal domiciliar per capita,Sem rendimento
Distribuição por faixas de renda,2022,Município,2504033,Capim (PB),"Moradores em domicílios particulares permanentes ocupados, exclusive os cuja condição no domicílio era pensionista, empregado(a) doméstico(a) ou parente do(a) empregado(a) doméstico(a)",Pessoas,46,Classes de rendimento nominal mensal domiciliar per capita,Sem rendimento
Distribuição por faixas de renda,2022,Município,2504074,Caraúbas (PB),"Moradores em domicílios particulares permanentes ocupados, exclusive os cuja condição no domicílio era pensionista, empregado(a) doméstico(a) ou parente do(a) empregado(a) doméstico(a)",Pessoas,23,Classes de rendimento nominal mensal domiciliar per capita,Sem rendimento
Distribuição por faixas de renda,2022,Município,2504108,Carrapateira (PB),"Moradores em domicílios particulares permanentes ocupados, exclusive os cuja condição no domicílio era pensionista, empregado(a) doméstico(a) ou parente do(a) empregado(a) doméstico(a)",Pessoas,35,Classes de rendimento nominal mensal domiciliar per capita,Sem rendimento
Distribuição por faixas de renda,2022,Município,2504157,Casserengue (PB),"Moradores em domicílios particulares permanentes ocupados, exclusive os cuja condição no domicílio era pensionista, empregado(a) doméstico(a) ou parente do(a) empregado(a) doméstico(a)",Pessoas,160,Classes de rendimento nominal mensal domiciliar per capita,Sem rendimento
Distribuição por faixas de renda,2022,Município,2504207,Catingueira (PB),"Moradores em domicílios particulares permanentes ocupados, exclusive os cuja condição no domicílio era pensionista, empregado(a) doméstico(a) ou parente do(a) empregado(a) doméstico(a)",Pessoas,71,Classes de rendimento nominal mensal domiciliar per capita,Sem rendimento
Distribuição por faixas de renda,2022,Município,2504306,Catolé do Rocha (PB),"Moradores em domicílios particulares permanentes ocupados, exclusive os cuja condição no domicílio era pensionista, empregado(a) doméstico(a) ou parente do(a) empregado(a) doméstico(a)",Pessoas,418,Classes de rendimento nominal mensal domiciliar per capita,Sem rendimento
Distribuição por faixas de renda,2022,Município,2504355,Caturité (PB),"Moradores em domicílios particulares permanentes ocupados, exclusive os cuja condição no domicílio era pensionista, empregado(a) doméstico(a) ou parente do(a) empregado(a) doméstico(a)",Pessoas,44,Classes de rendimento nominal mensal domiciliar per capita,Sem rendimento
Distribuição por faixas de renda,2022,Município,2504405,Conceição (PB),"Moradores em domicílios particulares permanentes ocupados, exclusive os cuja condição no domicílio era pensionista, empregado(a) doméstico(a) ou parente do(a) empregado(a) doméstico(a)",Pessoas,321,Classes de rendimento nominal mensal domiciliar per capita,Sem rendimento
Distribuição por faixas de renda,2022,Município,2504504,Condado (PB),"Moradores em domicílios particulares permanentes ocupados, exclusive os cuja condição no domicílio era pensionista, empregado(a) doméstico(a) ou parente do(a) empregado(a) doméstico(a)",Pessoas,91,Classes de rendimento nominal mensal domiciliar per capita,Sem rendimento
Distribuição por faixas de renda,2022,Município,2504603,Conde (PB),"Moradores em domicílios particulares permanentes ocupados, exclusive os cuja condição no domicílio era pensionista, empregado(a) doméstico(a) ou parente do(a) empregado(a) doméstico(a)",Pessoas,364,Classes de rendimento nominal mensal domiciliar per capita,Sem rendimento
Distribuição por faixas de renda,2022,Município,2504702,Congo (PB),"Moradores em domicílios particulares permanentes ocupados, exclusive os cuja condição no domicílio era pensionista, empregado(a) doméstico(a) ou parente do(a) empregado(a) doméstico(a)",Pessoas,21,Classes de rendimento nominal mensal domiciliar per capita,Sem rendimento
Distribuição por faixas de renda,2022,Município,2504801,Coremas (PB),"Moradores em domicílios particulares permanentes ocupados, exclusive os cuja condição no domicílio era pensionista, empregado(a) doméstico(a) ou parente do(a) empregado(a) doméstico(a)",Pessoas,196,Classes de rendimento nominal mensal domiciliar per capita,Sem rendimento
Distribuição por faixas de renda,2022,Município,2504850,Coxixola (PB),"Moradores em domicílios particulares permanentes ocupados, exclusive os cuja condição no domicílio era pensionista, empregado(a) doméstico(a) ou parente do(a) empregado(a) doméstico(a)",Pessoas,24,Classes de rendimento nominal mensal domiciliar per capita,Sem rendimento
Distribuição por faixas de renda,2022,Município,2504900,Cruz do Espírito Santo (PB),"Moradores em domicílios particulares permanentes ocupados, exclusive os cuja condição no domicílio era pensionista, empregado(a) doméstico(a) ou parente do(a) empregado(a) doméstico(a)",Pessoas,227,Classes de rendimento nominal mensal domiciliar per capita,Sem rendimento
Distribuição por faixas de renda,2022,Município,2505006,Cubati (PB),"Moradores em domicílios particulares permanentes ocupados, exclusive os cuja condição no domicílio era pensionista, empregado(a) doméstico(a) ou parente do(a) empregado(a) doméstico(a)",Pessoas,123,Classes de rendimento nominal mensal domiciliar per capita,Sem rendimento
Distribuição por faixas de renda,2022,Município,2505105,Cuité (PB),"Moradores em domicílios particulares permanentes ocupados, exclusive os cuja condição no domicílio era pensionista, empregado(a) doméstico(a) ou parente do(a) empregado(a) doméstico(a)",Pessoas,314,Classes de rendimento nominal mensal domiciliar per capita,Sem rendimento
Distribuição por faixas de renda,2022,Município,2505204,Cuitegi (PB),"Moradores em domicílios particulares permanentes ocupados, exclusive os cuja condição no domicílio era pensionista, empregado(a) doméstico(a) ou parente do(a) empregado(a) doméstico(a)",Pessoas,118,Classes de rendimento nominal mensal domiciliar per capita,Sem rendimento
Distribuição por faixas de renda,2022,Município,2505238,Cuité de Mamanguape (PB),"Moradores em domicílios particulares permanentes ocupados, exclusive os cuja condição no domicílio era pensionista, empregado(a) doméstico(a) ou parente do(a) empregado(a) doméstico(a)",Pessoas,108,Classes de rendimento nominal mensal domiciliar per capita,Sem rendimento
Distribuição por faixas de renda,2022,Município,2505279,Curral de Cima (PB),"Moradores em domicílios particulares permanentes ocupados, exclusive os cuja condição no domicílio era pensionista, empregado(a) doméstico(a) ou parente do(a) empregado(a) doméstico(a)",Pessoas,38,Classes de rendimento nominal mensal domiciliar per capita,Sem rendimento
Distribuição por faixas de renda,2022,Município,2505303,Curral Velho (PB),"Moradores em domicílios particulares permanentes ocupados, exclusive os cuja condição no domicílio era pensionista, empregado(a) doméstico(a) ou parente do(a) empregado(a) doméstico(a)",Pessoas,34,Classes de rendimento nominal mensal domiciliar per capita,Sem rendimento
Distribuição por faixas de renda,2022,Município,2505352,Damião (PB),"Moradores em domicílios particulares permanentes ocupados, exclusive os cuja condição no domicílio era pensionista, empregado(a) doméstico(a) ou parente do(a) empregado(a) doméstico(a)",Pessoas,66,Classes de rendimento nominal mensal domiciliar per capita,Sem rendimento
Distribuição por faixas de renda,2022,Município,2505402,Desterro (PB),"Moradores em domicílios particulares permanentes ocupados, exclusive os cuja condição no domicílio era pensionista, empregado(a) doméstico(a) ou parente do(a) empregado(a) doméstico(a)",Pessoas,91,Classes de rendimento nominal mensal domiciliar per capita,Sem rendimento
Distribuição por faixas de renda,2022,Município,2505501,Vista Serrana (PB),"Moradores em domicílios particulares permanentes ocupados, exclusive os cuja condição no domicílio era pensionista, empregado(a) doméstico(a) ou parente do(a) empregado(a) doméstico(a)",Pessoas,80,Classes de rendimento nominal mensal domiciliar per capita,Sem rendimento
Distribuição por faixas de renda,2022,Município,2505600,Diamante (PB),"Moradores em domicílios particulares permanentes ocupados, exclusive os cuja condição no domicílio era pensionista, empregado(a) doméstico(a) ou parente do(a) empregado(a) doméstico(a)",Pessoas,69,Classes de rendimento nominal mensal domiciliar per capita,Sem rendimento
Distribuição por faixas de renda,2022,Município,2505709,Dona Inês (PB),"Moradores em domicílios particulares permanentes ocupados, exclusive os cuja condição no domicílio era pensionista, empregado(a) doméstico(a) ou parente do(a) empregado(a) doméstico(a)",Pessoas,207,Classes de rendimento nominal mensal domiciliar per capita,Sem rendimento
Distribuição por faixas de renda,2022,Município,2505808,Duas Estradas (PB),"Moradores em domicílios particulares permanentes ocupados, exclusive os cuja condição no domicílio era pensionista, empregado(a) doméstico(a) ou parente do(a) empregado(a) doméstico(a)",Pessoas,7,Classes de rendimento nominal mensal domiciliar per capita,Sem rendimento
Distribuição por faixas de renda,2022,Município,2505907,Emas (PB),"Moradores em domicílios particulares permanentes ocupados, exclusive os cuja condição no domicílio era pensionista, empregado(a) doméstico(a) ou parente do(a) empregado(a) doméstico(a)",Pessoas,32,Classes de rendimento nominal mensal domiciliar per capita,Sem rendimento
Distribuição por faixas de renda,2022,Município,2506004,Esperança (PB),"Moradores em domicílios particulares permanentes ocupados, exclusive os cuja condição no domicílio era pensionista, empregado(a) doméstico(a) ou parente do(a) empregado(a) doméstico(a)",Pessoas,384,Classes de rendimento nominal mensal domiciliar per capita,Sem rendimento
Distribuição por faixas de renda,2022,Município,2506103,Fagundes (PB),"Moradores em domicílios particulares permanentes ocupados, exclusive os cuja condição no domicílio era pensionista, empregado(a) doméstico(a) ou parente do(a) empregado(a) doméstico(a)",Pessoas,330,Classes de rendimento nominal mensal domiciliar per capita,Sem rendimento
Distribuição por faixas de renda,2022,Município,2506202,Frei Martinho (PB),"Moradores em domicílios particulares permanentes ocupados, exclusive os cuja condição no domicílio era pensionista, empregado(a) doméstico(a) ou parente do(a) empregado(a) doméstico(a)",Pessoas,22,Classes de rendimento nominal mensal domiciliar per capita,Sem rendimento
Distribuição por faixas de renda,2022,Município,2506251,Gado Bravo (PB),"Moradores em domicílios particulares permanentes ocupados, exclusive os cuja condição no domicílio era pensionista, empregado(a) doméstico(a) ou parente do(a) empregado(a) doméstico(a)",Pessoas,223,Classes de rendimento nominal mensal domiciliar per capita,Sem rendimento
Distribuição por faixas de renda,2022,Município,2506301,Guarabira (PB),"Moradores em domicílios particulares permanentes ocupados, exclusive os cuja condição no domicílio era pensionista, empregado(a) doméstico(a) ou parente do(a) empregado(a) doméstico(a)",Pessoas,1097,Classes de rendimento nominal mensal domiciliar per capita,Sem rendimento
Distribuição por faixas de renda,2022,Município,2506400,Gurinhém (PB),"Moradores em domicílios particulares permanentes ocupados, exclusive os cuja condição no domicílio era pensionista, empregado(a) doméstico(a) ou parente do(a) empregado(a) doméstico(a)",Pessoas,221,Classes de rendimento nominal mensal domiciliar per capita,Sem rendimento
Distribuição por faixas de renda,2022,Município,2506509,Gurjão (PB),"Moradores em domicílios particulares permanentes ocupados, exclusive os cuja condição no domicílio era pensionista, empregado(a) doméstico(a) ou parente do(a) empregado(a) doméstico(a)",Pessoas,34,Classes de rendimento nominal mensal domiciliar per capita,Sem rendimento
Distribuição por faixas de renda,2022,Município,2506608,Ibiara (PB),"Moradores em domicílios particulares permanentes ocupados, exclusive os cuja condição no domicílio era pensionista, empregado(a) doméstico(a) ou parente do(a) empregado(a) doméstico(a)",Pessoas,157,Classes de rendimento nominal mensal domiciliar per capita,Sem rendimento
Distribuição por faixas de renda,2022,Município,2506707,Imaculada (PB),"Moradores em domicílios particulares permanentes ocupados, exclusive os cuja condição no domicílio era pensionista, empregado(a) doméstico(a) ou parente do(a) empregado(a) doméstico(a)",Pessoas,176,Classes de rendimento nominal mensal domiciliar per capita,Sem rendimento
Distribuição por faixas de renda,2022,Município,2506806,Ingá (PB),"Moradores em domicílios particulares permanentes ocupados, exclusive os cuja condição no domicílio era pensionista, empregado(a) doméstico(a) ou parente do(a) empregado(a) doméstico(a)",Pessoas,121,Classes de rendimento nominal mensal domiciliar per capita,Sem rendimento
Distribuição por faixas de renda,2022,Município,2506905,Itabaiana (PB),"Moradores em domicílios particulares permanentes ocupados, exclusive os cuja condição no domicílio era pensionista, empregado(a) doméstico(a) ou parente do(a) empregado(a) doméstico(a)",Pessoas,341,Classes de rendimento nominal mensal domiciliar per capita,Sem rendimento
Distribuição por faixas de renda,2022,Município,2507002,Itaporanga (PB),"Moradores em domicílios particulares permanentes ocupados, exclusive os cuja condição no domicílio era pensionista, empregado(a) doméstico(a) ou parente do(a) empregado(a) doméstico(a)",Pessoas,454,Classes de rendimento nominal mensal domiciliar per capita,Sem rendimento
Distribuição por faixas de renda,2022,Município,2507101,Itapororoca (PB),"Moradores em domicílios particulares permanentes ocupados, exclusive os cuja condição no domicílio era pensionista, empregado(a) doméstico(a) ou parente do(a) empregado(a) doméstico(a)",Pessoas,261,Classes de rendimento nominal mensal domiciliar per capita,Sem rendimento
Distribuição por faixas de renda,2022,Município,2507200,Itatuba (PB),"Moradores em domicílios particulares permanentes ocupados, exclusive os cuja condição no domicílio era pensionista, empregado(a) doméstico(a) ou parente do(a) empregado(a) doméstico(a)",Pessoas,173,Classes de rendimento nominal mensal domiciliar per capita,Sem rendimento
Distribuição por faixas de renda,2022,Município,2507309,Jacaraú (PB),"Moradores em domicílios particulares permanentes ocupados, exclusive os cuja condição no domicílio era pensionista, empregado(a) doméstico(a) ou parente do(a) empregado(a) doméstico(a)",Pessoas,271,Classes de rendimento nominal mensal domiciliar per capita,Sem rendimento
Distribuição por faixas de renda,2022,Município,2507408,Jericó (PB),"Moradores em domicílios particulares permanentes ocupados, exclusive os cuja condição no domicílio era pensionista, empregado(a) doméstico(a) ou parente do(a) empregado(a) doméstico(a)",Pessoas,65,Classes de rendimento nominal mensal domiciliar per capita,Sem rendimento
Distribuição por faixas de renda,2022,Município,2507507,João Pessoa (PB),"Moradores em domicílios particulares permanentes ocupados, exclusive os cuja condição no domicílio era pensionista, empregado(a) doméstico(a) ou parente do(a) empregado(a) doméstico(a)",Pessoas,25955,Classes de rendimento nominal mensal domiciliar per capita,Sem rendimento
Distribuição por faixas de renda,2022,Município,2507606,Juarez Távora (PB),"Moradores em domicílios particulares permanentes ocupados, exclusive os cuja condição no domicílio era pensionista, empregado(a) doméstico(a) ou parente do(a) empregado(a) doméstico(a)",Pessoas,36,Classes de rendimento nominal mensal domiciliar per capita,Sem rendimento
Distribuição por faixas de renda,2022,Município,2507705,Juazeirinho (PB),"Moradores em domicílios particulares permanentes ocupados, exclusive os cuja condição no domicílio era pensionista, empregado(a) doméstico(a) ou parente do(a) empregado(a) doméstico(a)",Pessoas,335,Classes de rendimento nominal mensal domiciliar per capita,Sem rendimento
Distribuição por faixas de renda,2022,Município,2507804,Junco do Seridó (PB),"Moradores em domicílios particulares permanentes ocupados, exclusive os cuja condição no domicílio era pensionista, empregado(a) doméstico(a) ou parente do(a) empregado(a) doméstico(a)",Pessoas,56,Classes de rendimento nominal mensal domiciliar per capita,Sem rendimento
Distribuição por faixas de renda,2022,Município,2507903,Juripiranga (PB),"Moradores em domicílios particulares permanentes ocupados, exclusive os cuja condição no domicílio era pensionista, empregado(a) doméstico(a) ou parente do(a) empregado(a) doméstico(a)",Pessoas,193,Classes de rendimento nominal mensal domiciliar per capita,Sem rendimento
Distribuição por faixas de renda,2022,Município,2508000,Juru (PB),"Moradores em domicílios particulares permanentes ocupados, exclusive os cuja condição no domicílio era pensionista, empregado(a) doméstico(a) ou parente do(a) empregado(a) doméstico(a)",Pessoas,83,Classes de rendimento nominal mensal domiciliar per capita,Sem rendimento
Distribuição por faixas de renda,2022,Município,2508109,Lagoa (PB),"Moradores em domicílios particulares permanentes ocupados, exclusive os cuja condição no domicílio era pensionista, empregado(a) doméstico(a) ou parente do(a) empregado(a) doméstico(a)",Pessoas,64,Classes de rendimento nominal mensal domiciliar per capita,Sem rendimento
Distribuição por faixas de renda,2022,Município,2508208,Lagoa de Dentro (PB),"Moradores em domicílios particulares permanentes ocupados, exclusive os cuja condição no domicílio era pensionista, empregado(a) doméstico(a) ou parente do(a) empregado(a) doméstico(a)",Pessoas,73,Classes de rendimento nominal mensal domiciliar per capita,Sem rendimento
Distribuição por faixas de renda,2022,Município,2508307,Lagoa Seca (PB),"Moradores em domicílios particulares permanentes ocupados, exclusive os cuja condição no domicílio era pensionista, empregado(a) doméstico(a) ou parente do(a) empregado(a) doméstico(a)",Pessoas,587,Classes de rendimento nominal mensal domiciliar per capita,Sem rendimento
Distribuição por faixas de renda,2022,Município,2508406,Lastro (PB),"Moradores em domicílios particulares permanentes ocupados, exclusive os cuja condição no domicílio era pensionista, empregado(a) doméstico(a) ou parente do(a) empregado(a) doméstico(a)",Pessoas,50,Classes de rendimento nominal mensal domiciliar per capita,Sem rendimento
Distribuição por faixas de renda,2022,Município,2508505,Livramento (PB),"Moradores em domicílios particulares permanentes ocupados, exclusive os cuja condição no domicílio era pensionista, empregado(a) doméstico(a) ou parente do(a) empregado(a) doméstico(a)",Pessoas,63,Classes de rendimento nominal mensal domiciliar per capita,Sem rendimento
Distribuição por faixas de renda,2022,Município,2508554,Logradouro (PB),"Moradores em domicílios particulares permanentes ocupados, exclusive os cuja condição no domicílio era pensionista, empregado(a) doméstico(a) ou parente do(a) empregado(a) doméstico(a)",Pessoas,168,Classes de rendimento nominal mensal domiciliar per capita,Sem rendimento
Distribuição por faixas de renda,2022,Município,2508604,Lucena (PB),"Moradores em domicílios particulares permanentes ocupados, exclusive os cuja condição no domicílio era pensionista, empregado(a) doméstico(a) ou parente do(a) empregado(a) doméstico(a)",Pessoas,358,Classes de rendimento nominal mensal domiciliar per capita,Sem rendimento
Distribuição por faixas de renda,2022,Município,2508703,Mãe d'Água (PB),"Moradores em domicílios particulares permanentes ocupados, exclusive os cuja condição no domicílio era pensionista, empregado(a) doméstico(a) ou parente do(a) empregado(a) doméstico(a)",Pessoas,45,Classes de rendimento nominal mensal domiciliar per capita,Sem rendimento
Distribuição por faixas de renda,2022,Município,2508802,Malta (PB),"Moradores em domicílios particulares permanentes ocupados, exclusive os cuja condição no domicílio era pensionista, empregado(a) doméstico(a) ou parente do(a) empregado(a) doméstico(a)",Pessoas,29,Classes de rendimento nominal mensal domiciliar per capita,Sem rendimento
Distribuição por faixas de renda,2022,Município,2508901,Mamanguape (PB),"Moradores em domicílios particulares permanentes ocupados, exclusive os cuja condição no domicílio era pensionista, empregado(a) doméstico(a) ou parente do(a) empregado(a) doméstico(a)",Pessoas,813,Classes de rendimento nominal mensal domiciliar per capita,Sem rendimento
Distribuição por faixas de renda,2022,Município,2509008,Manaíra (PB),"Moradores em domicílios particulares permanentes ocupados, exclusive os cuja condição no domicílio era pensionista, empregado(a) doméstico(a) ou parente do(a) empregado(a) doméstico(a)",Pessoas,150,Classes de rendimento nominal mensal domiciliar per capita,Sem rendimento
Distribuição por faixas de renda,2022,Município,2509057,Marcação (PB),"Moradores em domicílios particulares permanentes ocupados, exclusive os cuja condição no domicílio era pensionista, empregado(a) doméstico(a) ou parente do(a) empregado(a) doméstico(a)",Pessoas,154,Classes de rendimento nominal mensal domiciliar per capita,Sem rendimento
Distribuição por faixas de renda,2022,Município,2509107,Mari (PB),"Moradores em domicílios particulares permanentes ocupados, exclusive os cuja condição no domicílio era pensionista, empregado(a) doméstico(a) ou parente do(a) empregado(a) doméstico(a)",Pessoas,531,Classes de rendimento nominal mensal domiciliar per capita,Sem rendimento
Distribuição por faixas de renda,2022,Município,2509156,Marizópolis (PB),"Moradores em domicílios particulares permanentes ocupados, exclusive os cuja condição no domicílio era pensionista, empregado(a) doméstico(a) ou parente do(a) empregado(a) doméstico(a)",Pessoas,280,Classes de rendimento nominal mensal domiciliar per capita,Sem rendimento
Distribuição por faixas de renda,2022,Município,2509206,Massaranduba (PB),"Moradores em domicílios particulares permanentes ocupados, exclusive os cuja condição no domicílio era pensionista, empregado(a) doméstico(a) ou parente do(a) empregado(a) doméstico(a)",Pessoas,310,Classes de rendimento nominal mensal domiciliar per capita,Sem rendimento
Distribuição por faixas de renda,2022,Município,2509305,Mataraca (PB),"Moradores em domicílios particulares permanentes ocupados, exclusive os cuja condição no domicílio era pensionista, empregado(a) doméstico(a) ou parente do(a) empregado(a) doméstico(a)",Pessoas,166,Classes de rendimento nominal mensal domiciliar per capita,Sem rendimento
Distribuição por faixas de renda,2022,Município,2509339,Matinhas (PB),"Moradores em domicílios particulares permanentes ocupados, exclusive os cuja condição no domicílio era pensionista, empregado(a) doméstico(a) ou parente do(a) empregado(a) doméstico(a)",Pessoas,57,Classes de rendimento nominal mensal domiciliar per capita,Sem rendimento
Distribuição por faixas de renda,2022,Município,2509370,Mato Grosso (PB),"Moradores em domicílios particulares permanentes ocupados, exclusive os cuja condição no domicílio era pensionista, empregado(a) doméstico(a) ou parente do(a) empregado(a) doméstico(a)",Pessoas,8,Classes de rendimento nominal mensal domiciliar per capita,Sem rendimento
Distribuição por faixas de renda,2022,Município,2509396,Maturéia (PB),"Moradores em domicílios particulares permanentes ocupados, exclusive os cuja condição no domicílio era pensionista, empregado(a) doméstico(a) ou parente do(a) empregado(a) doméstico(a)",Pessoas,80,Classes de rendimento nominal mensal domiciliar per capita,Sem rendimento
Distribuição por faixas de renda,2022,Município,2509404,Mogeiro (PB),"Moradores em domicílios particulares permanentes ocupados, exclusive os cuja condição no domicílio era pensionista, empregado(a) doméstico(a) ou parente do(a) empregado(a) doméstico(a)",Pessoas,159,Classes de rendimento nominal mensal domiciliar per capita,Sem rendimento
Distribuição por faixas de renda,2022,Município,2509503,Montadas (PB),"Moradores em domicílios particulares permanentes ocupados, exclusive os cuja condição no domicílio era pensionista, empregado(a) doméstico(a) ou parente do(a) empregado(a) doméstico(a)",Pessoas,51,Classes de rendimento nominal mensal domiciliar per capita,Sem rendimento
Distribuição por faixas de renda,2022,Município,2509602,Monte Horebe (PB),"Moradores em domicílios particulares permanentes ocupados, exclusive os cuja condição no domicílio era pensionista, empregado(a) doméstico(a) ou parente do(a) empregado(a) doméstico(a)",Pessoas,45,Classes de rendimento nominal mensal domiciliar per capita,Sem rendimento
Distribuição por faixas de renda,2022,Município,2509701,Monteiro (PB),"Moradores em domicílios particulares permanentes ocupados, exclusive os cuja condição no domicílio era pensionista, empregado(a) doméstico(a) ou parente do(a) empregado(a) doméstico(a)",Pessoas,760,Classes de rendimento nominal mensal domiciliar per capita,Sem rendimento
Distribuição por faixas de renda,2022,Município,2509800,Mulungu (PB),"Moradores em domicílios particulares permanentes ocupados, exclusive os cuja condição no domicílio era pensionista, empregado(a) doméstico(a) ou parente do(a) empregado(a) doméstico(a)",Pessoas,29,Classes de rendimento nominal mensal domiciliar per capita,Sem rendimento
Distribuição por faixas de renda,2022,Município,2509909,Natuba (PB),"Moradores em domicílios particulares permanentes ocupados, exclusive os cuja condição no domicílio era pensionista, empregado(a) doméstico(a) ou parente do(a) empregado(a) doméstico(a)",Pessoas,256,Classes de rendimento nominal mensal domiciliar per capita,Sem rendimento
Distribuição por faixas de renda,2022,Município,2510006,Nazarezinho (PB),"Moradores em domicílios particulares permanentes ocupados, exclusive os cuja condição no domicílio era pensionista, empregado(a) doméstico(a) ou parente do(a) empregado(a) doméstico(a)",Pessoas,126,Classes de rendimento nominal mensal domiciliar per capita,Sem rendimento
Distribuição por faixas de renda,2022,Município,2510105,Nova Floresta (PB),"Moradores em domicílios particulares permanentes ocupados, exclusive os cuja condição no domicílio era pensionista, empregado(a) doméstico(a) ou parente do(a) empregado(a) doméstico(a)",Pessoas,47,Classes de rendimento nominal mensal domiciliar per capita,Sem rendimento
Distribuição por faixas de renda,2022,Município,2510204,Nova Olinda (PB),"Moradores em domicílios particulares permanentes ocupados, exclusive os cuja condição no domicílio era pensionista, empregado(a) doméstico(a) ou parente do(a) empregado(a) doméstico(a)",Pessoas,112,Classes de rendimento nominal mensal domiciliar per capita,Sem rendimento
Distribuição por faixas de renda,2022,Município,2510303,Nova Palmeira (PB),"Moradores em domicílios particulares permanentes ocupados, exclusive os cuja condição no domicílio era pensionista, empregado(a) doméstico(a) ou parente do(a) empregado(a) doméstico(a)",Pessoas,37,Classes de rendimento nominal mensal domiciliar per capita,Sem rendimento
Distribuição por faixas de renda,2022,Município,2510402,Olho d'Água (PB),"Moradores em domicílios particulares permanentes ocupados, exclusive os cuja condição no domicílio era pensionista, empregado(a) doméstico(a) ou parente do(a) empregado(a) doméstico(a)",Pessoas,121,Classes de rendimento nominal mensal domiciliar per capita,Sem rendimento
Distribuição por faixas de renda,2022,Município,2510501,Olivedos (PB),"Moradores em domicílios particulares permanentes ocupados, exclusive os cuja condição no domicílio era pensionista, empregado(a) doméstico(a) ou parente do(a) empregado(a) doméstico(a)",Pessoas,47,Classes de rendimento nominal mensal domiciliar per capita,Sem rendimento
Distribuição por faixas de renda,2022,Município,2510600,Ouro Velho (PB),"Moradores em domicílios particulares permanentes ocupados, exclusive os cuja condição no domicílio era pensionista, empregado(a) doméstico(a) ou parente do(a) empregado(a) doméstico(a)",Pessoas,45,Classes de rendimento nominal mensal domiciliar per capita,Sem rendimento
Distribuição por faixas de renda,2022,Município,2510659,Parari (PB),"Moradores em domicílios particulares permanentes ocupados, exclusive os cuja condição no domicílio era pensionista, empregado(a) doméstico(a) ou parente do(a) empregado(a) doméstico(a)",Pessoas,16,Classes de rendimento nominal mensal domiciliar per capita,Sem rendimento
Distribuição por faixas de renda,2022,Município,2510709,Passagem (PB),"Moradores em domicílios particulares permanentes ocupados, exclusive os cuja condição no domicílio era pensionista, empregado(a) doméstico(a) ou parente do(a) empregado(a) doméstico(a)",Pessoas,26,Classes de rendimento nominal mensal domiciliar per capita,Sem rendimento
Distribuição por faixas de renda,2022,Município,2510808,Patos (PB),"Moradores em domicílios particulares permanentes ocupados, exclusive os cuja condição no domicílio era pensionista, empregado(a) doméstico(a) ou parente do(a) empregado(a) doméstico(a)",Pessoas,1465,Classes de rendimento nominal mensal domiciliar per capita,Sem rendimento
Distribuição por faixas de renda,2022,Município,2510907,Paulista (PB),"Moradores em domicílios particulares permanentes ocupados, exclusive os cuja condição no domicílio era pensionista, empregado(a) doméstico(a) ou parente do(a) empregado(a) doméstico(a)",Pessoas,125,Classes de rendimento nominal mensal domiciliar per capita,Sem rendimento
Distribuição por faixas de renda,2022,Município,2511004,Pedra Branca (PB),"Moradores em domicílios particulares permanentes ocupados, exclusive os cuja condição no domicílio era pensionista, empregado(a) doméstico(a) ou parente do(a) empregado(a) doméstico(a)",Pessoas,44,Classes de rendimento nominal mensal domiciliar per capita,Sem rendimento
Distribuição por faixas de renda,2022,Município,2511103,Pedra Lavrada (PB),"Moradores em domicílios particulares permanentes ocupados, exclusive os cuja condição no domicílio era pensionista, empregado(a) doméstico(a) ou parente do(a) empregado(a) doméstico(a)",Pessoas,57,Classes de rendimento nominal mensal domiciliar per capita,Sem rendimento
Distribuição por faixas de renda,2022,Município,2511202,Pedras de Fogo (PB),"Moradores em domicílios particulares permanentes ocupados, exclusive os cuja condição no domicílio era pensionista, empregado(a) doméstico(a) ou parente do(a) empregado(a) doméstico(a)",Pessoas,745,Classes de rendimento nominal mensal domiciliar per capita,Sem rendimento
Distribuição por faixas de renda,2022,Município,2511301,Piancó (PB),"Moradores em domicílios particulares permanentes ocupados, exclusive os cuja condição no domicílio era pensionista, empregado(a) doméstico(a) ou parente do(a) empregado(a) doméstico(a)",Pessoas,393,Classes de rendimento nominal mensal domiciliar per capita,Sem rendimento
Distribuição por faixas de renda,2022,Município,2511400,Picuí (PB),"Moradores em domicílios particulares permanentes ocupados, exclusive os cuja condição no domicílio era pensionista, empregado(a) doméstico(a) ou parente do(a) empregado(a) doméstico(a)",Pessoas,293,Classes de rendimento nominal mensal domiciliar per capita,Sem rendimento
Distribuição por faixas de renda,2022,Município,2511509,Pilar (PB),"Moradores em domicílios particulares permanentes ocupados, exclusive os cuja condição no domicílio era pensionista, empregado(a) doméstico(a) ou parente do(a) empregado(a) doméstico(a)",Pessoas,342,Classes de rendimento nominal mensal domiciliar per capita,Sem rendimento
Distribuição por faixas de renda,2022,Município,2511608,Pilões (PB),"Moradores em domicílios particulares permanentes ocupados, exclusive os cuja condição no domicílio era pensionista, empregado(a) doméstico(a) ou parente do(a) empregado(a) doméstico(a)",Pessoas,80,Classes de rendimento nominal mensal domiciliar per capita,Sem rendimento
Distribuição por faixas de renda,2022,Município,2511707,Pilõezinhos (PB),"Moradores em domicílios particulares permanentes ocupados, exclusive os cuja condição no domicílio era pensionista, empregado(a) doméstico(a) ou parente do(a) empregado(a) doméstico(a)",Pessoas,13,Classes de rendimento nominal mensal domiciliar per capita,Sem rendimento
Distribuição por faixas de renda,2022,Município,2511806,Pirpirituba (PB),"Moradores em domicílios particulares permanentes ocupados, exclusive os cuja condição no domicílio era pensionista, empregado(a) doméstico(a) ou parente do(a) empregado(a) doméstico(a)",Pessoas,212,Classes de rendimento nominal mensal domiciliar per capita,Sem rendimento
Distribuição por faixas de renda,2022,Município,2511905,Pitimbu (PB),"Moradores em domicílios particulares permanentes ocupados, exclusive os cuja condição no domicílio era pensionista, empregado(a) doméstico(a) ou parente do(a) empregado(a) doméstico(a)",Pessoas,226,Classes de rendimento nominal mensal domiciliar per capita,Sem rendimento
Distribuição por faixas de renda,2022,Município,2512002,Pocinhos (PB),"Moradores em domicílios particulares permanentes ocupados, exclusive os cuja condição no domicílio era pensionista, empregado(a) doméstico(a) ou parente do(a) empregado(a) doméstico(a)",Pessoas,281,Classes de rendimento nominal mensal domiciliar per capita,Sem rendimento
Distribuição por faixas de renda,2022,Município,2512036,Poço Dantas (PB),"Moradores em domicílios particulares permanentes ocupados, exclusive os cuja condição no domicílio era pensionista, empregado(a) doméstico(a) ou parente do(a) empregado(a) doméstico(a)",Pessoas,100,Classes de rendimento nominal mensal domiciliar per capita,Sem rendimento
Distribuição por faixas de renda,2022,Município,2512077,Poço de José de Moura (PB),"Moradores em domicílios particulares permanentes ocupados, exclusive os cuja condição no domicílio era pensionista, empregado(a) doméstico(a) ou parente do(a) empregado(a) doméstico(a)",Pessoas,61,Classes de rendimento nominal mensal domiciliar per capita,Sem rendimento
Distribuição por faixas de renda,2022,Município,2512101,Pombal (PB),"Moradores em domicílios particulares permanentes ocupados, exclusive os cuja condição no domicílio era pensionista, empregado(a) doméstico(a) ou parente do(a) empregado(a) doméstico(a)",Pessoas,545,Classes de rendimento nominal mensal domiciliar per capita,Sem rendimento
Distribuição por faixas de renda,2022,Município,2512200,Prata (PB),"Moradores em domicílios particulares permanentes ocupados, exclusive os cuja condição no domicílio era pensionista, empregado(a) doméstico(a) ou parente do(a) empregado(a) doméstico(a)",Pessoas,3,Classes de rendimento nominal mensal domiciliar per capita,Sem rendimento
Distribuição por faixas de renda,2022,Município,2512309,Princesa Isabel (PB),"Moradores em domicílios particulares permanentes ocupados, exclusive os cuja condição no domicílio era pensionista, empregado(a) doméstico(a) ou parente do(a) empregado(a) doméstico(a)",Pessoas,437,Classes de rendimento nominal mensal domiciliar per capita,Sem rendimento
Distribuição por faixas de renda,2022,Município,2512408,Puxinanã (PB),"Moradores em domicílios particulares permanentes ocupados, exclusive os cuja condição no domicílio era pensionista, empregado(a) doméstico(a) ou parente do(a) empregado(a) doméstico(a)",Pessoas,227,Classes de rendimento nominal mensal domiciliar per capita,Sem rendimento
Distribuição por faixas de renda,2022,Município,2512507,Queimadas (PB),"Moradores em domicílios particulares permanentes ocupados, exclusive os cuja condição no domicílio era pensionista, empregado(a) doméstico(a) ou parente do(a) empregado(a) doméstico(a)",Pessoas,962,Classes de rendimento nominal mensal domiciliar per capita,Sem rendimento
Distribuição por faixas de renda,2022,Município,2512606,Quixaba (PB),"Moradores em domicílios particulares permanentes ocupados, exclusive os cuja condição no domicílio era pensionista, empregado(a) doméstico(a) ou parente do(a) empregado(a) doméstico(a)",Pessoas,22,Classes de rendimento nominal mensal domiciliar per capita,Sem rendimento
Distribuição por faixas de renda,2022,Município,2512705,Remígio (PB),"Moradores em domicílios particulares permanentes ocupados, exclusive os cuja condição no domicílio era pensionista, empregado(a) doméstico(a) ou parente do(a) empregado(a) doméstico(a)",Pessoas,141,Classes de rendimento nominal mensal domiciliar per capita,Sem rendimento
Distribuição por faixas de renda,2022,Município,2512721,Pedro Régis (PB),"Moradores em domicílios particulares permanentes ocupados, exclusive os cuja condição no domicílio era pensionista, empregado(a) doméstico(a) ou parente do(a) empregado(a) doméstico(a)",Pessoas,467,Classes de rendimento nominal mensal domiciliar per capita,Sem rendimento
Distribuição por faixas de renda,2022,Município,2512747,Riachão (PB),"Moradores em domicílios particulares permanentes ocupados, exclusive os cuja condição no domicílio era pensionista, empregado(a) doméstico(a) ou parente do(a) empregado(a) doméstico(a)",Pessoas,74,Classes de rendimento nominal mensal domiciliar per capita,Sem rendimento
Distribuição por faixas de renda,2022,Município,2512754,Riachão do Bacamarte (PB),"Moradores em domicílios particulares permanentes ocupados, exclusive os cuja condição no domicílio era pensionista, empregado(a) doméstico(a) ou parente do(a) empregado(a) doméstico(a)",Pessoas,23,Classes de rendimento nominal mensal domiciliar per capita,Sem rendimento
Distribuição por faixas de renda,2022,Município,2512762,Riachão do Poço (PB),"Moradores em domicílios particulares permanentes ocupados, exclusive os cuja condição no domicílio era pensionista, empregado(a) doméstico(a) ou parente do(a) empregado(a) doméstico(a)",Pessoas,307,Classes de rendimento nominal mensal domiciliar per capita,Sem rendimento
Distribuição por faixas de renda,2022,Município,2512788,Riacho de Santo Antônio (PB),"Moradores em domicílios particulares permanentes ocupados, exclusive os cuja condição no domicílio era pensionista, empregado(a) doméstico(a) ou parente do(a) empregado(a) doméstico(a)",Pessoas,16,Classes de rendimento nominal mensal domiciliar per capita,Sem rendimento
Distribuição por faixas de renda,2022,Município,2512804,Riacho dos Cavalos (PB),"Moradores em domicílios particulares permanentes ocupados, exclusive os cuja condição no domicílio era pensionista, empregado(a) doméstico(a) ou parente do(a) empregado(a) doméstico(a)",Pessoas,101,Classes de rendimento nominal mensal domiciliar per capita,Sem rendimento
Distribuição por faixas de renda,2022,Município,2512903,Rio Tinto (PB),"Moradores em domicílios particulares permanentes ocupados, exclusive os cuja condição no domicílio era pensionista, empregado(a) doméstico(a) ou parente do(a) empregado(a) doméstico(a)",Pessoas,216,Classes de rendimento nominal mensal domiciliar per capita,Sem rendimento
Distribuição por faixas de renda,2022,Município,2513000,Salgadinho (PB),"Moradores em domicílios particulares permanentes ocupados, exclusive os cuja condição no domicílio era pensionista, empregado(a) doméstico(a) ou parente do(a) empregado(a) doméstico(a)",Pessoas,21,Classes de rendimento nominal mensal domiciliar per capita,Sem rendimento
Distribuição por faixas de renda,2022,Município,2513109,Salgado de São Félix (PB),"Moradores em domicílios particulares permanentes ocupados, exclusive os cuja condição no domicílio era pensionista, empregado(a) doméstico(a) ou parente do(a) empregado(a) doméstico(a)",Pessoas,187,Classes de rendimento nominal mensal domiciliar per capita,Sem rendimento
Distribuição por faixas de renda,2022,Município,2513158,Santa Cecília (PB),"Moradores em domicílios particulares permanentes ocupados, exclusive os cuja condição no domicílio era pensionista, empregado(a) doméstico(a) ou parente do(a) empregado(a) doméstico(a)",Pessoas,166,Classes de rendimento nominal mensal domiciliar per capita,Sem rendimento
Distribuição por faixas de renda,2022,Município,2513208,Santa Cruz (PB),"Moradores em domicílios particulares permanentes ocupados, exclusive os cuja condição no domicílio era pensionista, empregado(a) doméstico(a) ou parente do(a) empregado(a) doméstico(a)",Pessoas,109,Classes de rendimento nominal mensal domiciliar per capita,Sem rendimento
Distribuição por faixas de renda,2022,Município,2513307,Santa Helena (PB),"Moradores em domicílios particulares permanentes ocupados, exclusive os cuja condição no domicílio era pensionista, empregado(a) doméstico(a) ou parente do(a) empregado(a) doméstico(a)",Pessoas,26,Classes de rendimento nominal mensal domiciliar per capita,Sem rendimento
Distribuição por faixas de renda,2022,Município,2513356,Santa Inês (PB),"Moradores em domicílios particulares permanentes ocupados, exclusive os cuja condição no domicílio era pensionista, empregado(a) doméstico(a) ou parente do(a) empregado(a) doméstico(a)",Pessoas,52,Classes de rendimento nominal mensal domiciliar per capita,Sem rendimento
Distribuição por faixas de renda,2022,Município,2513406,Santa Luzia (PB),"Moradores em domicílios particulares permanentes ocupados, exclusive os cuja condição no domicílio era pensionista, empregado(a) doméstico(a) ou parente do(a) empregado(a) doméstico(a)",Pessoas,28,Classes de rendimento nominal mensal domiciliar per capita,Sem rendimento
Distribuição por faixas de renda,2022,Município,2513505,Santana de Mangueira (PB),"Moradores em domicílios particulares permanentes ocupados, exclusive os cuja condição no domicílio era pensionista, empregado(a) doméstico(a) ou parente do(a) empregado(a) doméstico(a)",Pessoas,168,Classes de rendimento nominal mensal domiciliar per capita,Sem rendimento
Distribuição por faixas de renda,2022,Município,2513604,Santana dos Garrotes (PB),"Moradores em domicílios particulares permanentes ocupados, exclusive os cuja condição no domicílio era pensionista, empregado(a) doméstico(a) ou parente do(a) empregado(a) doméstico(a)",Pessoas,100,Classes de rendimento nominal mensal domiciliar per capita,Sem rendimento
Distribuição por faixas de renda,2022,Município,2513653,Joca Claudino (PB),"Moradores em domicílios particulares permanentes ocupados, exclusive os cuja condição no domicílio era pensionista, empregado(a) doméstico(a) ou parente do(a) empregado(a) doméstico(a)",Pessoas,69,Classes de rendimento nominal mensal domiciliar per capita,Sem rendimento
Distribuição por faixas de renda,2022,Município,2513703,Santa Rita (PB),"Moradores em domicílios particulares permanentes ocupados, exclusive os cuja condição no domicílio era pensionista, empregado(a) doméstico(a) ou parente do(a) empregado(a) doméstico(a)",Pessoas,3995,Classes de rendimento nominal mensal domiciliar per capita,Sem rendimento
Distribuição por faixas de renda,2022,Município,2513802,Santa Teresinha (PB),"Moradores em domicílios particulares permanentes ocupados, exclusive os cuja condição no domicílio era pensionista, empregado(a) doméstico(a) ou parente do(a) empregado(a) doméstico(a)",Pessoas,42,Classes de rendimento nominal mensal domiciliar per capita,Sem rendimento
Distribuição por faixas de renda,2022,Município,2513851,Santo André (PB),"Moradores em domicílios particulares permanentes ocupados, exclusive os cuja condição no domicílio era pensionista, empregado(a) doméstico(a) ou parente do(a) empregado(a) doméstico(a)",Pessoas,36,Classes de rendimento nominal mensal domiciliar per capita,Sem rendimento
Distribuição por faixas de renda,2022,Município,2513901,São Bento (PB),"Moradores em domicílios particulares permanentes ocupados, exclusive os cuja condição no domicílio era pensionista, empregado(a) doméstico(a) ou parente do(a) empregado(a) doméstico(a)",Pessoas,1124,Classes de rendimento nominal mensal domiciliar per capita,Sem rendimento
Distribuição por faixas de renda,2022,Município,2513927,São Bentinho (PB),"Moradores em domicílios particulares permanentes ocupados, exclusive os cuja condição no domicílio era pensionista, empregado(a) doméstico(a) ou parente do(a) empregado(a) doméstico(a)",Pessoas,36,Classes de rendimento nominal mensal domiciliar per capita,Sem rendimento
Distribuição por faixas de renda,2022,Município,2513943,São Domingos do Cariri (PB),"Moradores em domicílios particulares permanentes ocupados, exclusive os cuja condição no domicílio era pensionista, empregado(a) doméstico(a) ou parente do(a) empregado(a) doméstico(a)",Pessoas,14,Classes de rendimento nominal mensal domiciliar per capita,Sem rendimento
Distribuição por faixas de renda,2022,Município,2513968,São Domingos (PB),"Moradores em domicílios particulares permanentes ocupados, exclusive os cuja condição no domicílio era pensionista, empregado(a) doméstico(a) ou parente do(a) empregado(a) doméstico(a)",Pessoas,71,Classes de rendimento nominal mensal domiciliar per capita,Sem rendimento
Distribuição por faixas de renda,2022,Município,2513984,São Francisco (PB),"Moradores em domicílios particulares permanentes ocupados, exclusive os cuja condição no domicílio era pensionista, empregado(a) doméstico(a) ou parente do(a) empregado(a) doméstico(a)",Pessoas,20,Classes de rendimento nominal mensal domiciliar per capita,Sem rendimento
Distribuição por faixas de renda,2022,Município,2514008,São João do Cariri (PB),"Moradores em domicílios particulares permanentes ocupados, exclusive os cuja condição no domicílio era pensionista, empregado(a) doméstico(a) ou parente do(a) empregado(a) doméstico(a)",Pessoas,12,Classes de rendimento nominal mensal domiciliar per capita,Sem rendimento
Distribuição por faixas de renda,2022,Município,2514107,São João do Tigre (PB),"Moradores em domicílios particulares permanentes ocupados, exclusive os cuja condição no domicílio era pensionista, empregado(a) doméstico(a) ou parente do(a) empregado(a) doméstico(a)",Pessoas,50,Classes de rendimento nominal mensal domiciliar per capita,Sem rendimento
Distribuição por faixas de renda,2022,Município,2514206,São José da Lagoa Tapada (PB),"Moradores em domicílios particulares permanentes ocupados, exclusive os cuja condição no domicílio era pensionista, empregado(a) doméstico(a) ou parente do(a) empregado(a) doméstico(a)",Pessoas,118,Classes de rendimento nominal mensal domiciliar per capita,Sem rendimento
Distribuição por faixas de renda,2022,Município,2514305,São José de Caiana (PB),"Moradores em domicílios particulares permanentes ocupados, exclusive os cuja condição no domicílio era pensionista, empregado(a) doméstico(a) ou parente do(a) empregado(a) doméstico(a)",Pessoas,108,Classes de rendimento nominal mensal domiciliar per capita,Sem rendimento
Distribuição por faixas de renda,2022,Município,2514404,São José de Espinharas (PB),"Moradores em domicílios particulares permanentes ocupados, exclusive os cuja condição no domicílio era pensionista, empregado(a) doméstico(a) ou parente do(a) empregado(a) doméstico(a)",Pessoas,60,Classes de rendimento nominal mensal domiciliar per capita,Sem rendimento
Distribuição por faixas de renda,2022,Município,2514453,São José dos Ramos (PB),"Moradores em domicílios particulares permanentes ocupados, exclusive os cuja condição no domicílio era pensionista, empregado(a) doméstico(a) ou parente do(a) empregado(a) doméstico(a)",Pessoas,83,Classes de rendimento nominal mensal domiciliar per capita,Sem rendimento
Distribuição por faixas de renda,2022,Município,2514503,São José de Piranhas (PB),"Moradores em domicílios particulares permanentes ocupados, exclusive os cuja condição no domicílio era pensionista, empregado(a) doméstico(a) ou parente do(a) empregado(a) doméstico(a)",Pessoas,805,Classes de rendimento nominal mensal domiciliar per capita,Sem rendimento
Distribuição por faixas de renda,2022,Município,2514552,São José de Princesa (PB),"Moradores em domicílios particulares permanentes ocupados, exclusive os cuja condição no domicílio era pensionista, empregado(a) doméstico(a) ou parente do(a) empregado(a) doméstico(a)",Pessoas,75,Classes de rendimento nominal mensal domiciliar per capita,Sem rendimento
Distribuição por faixas de renda,2022,Município,2514602,São José do Bonfim (PB),"Moradores em domicílios particulares permanentes ocupados, exclusive os cuja condição no domicílio era pensionista, empregado(a) doméstico(a) ou parente do(a) empregado(a) doméstico(a)",Pessoas,19,Classes de rendimento nominal mensal domiciliar per capita,Sem rendimento
Distribuição por faixas de renda,2022,Município,2514651,São José do Brejo do Cruz (PB),"Moradores em domicílios particulares permanentes ocupados, exclusive os cuja condição no domicílio era pensionista, empregado(a) doméstico(a) ou parente do(a) empregado(a) doméstico(a)",Pessoas,39,Classes de rendimento nominal mensal domiciliar per capita,Sem rendimento
Distribuição por faixas de renda,2022,Município,2514701,São José do Sabugi (PB),"Moradores em domicílios particulares permanentes ocupados, exclusive os cuja condição no domicílio era pensionista, empregado(a) doméstico(a) ou parente do(a) empregado(a) doméstico(a)",Pessoas,20,Classes de rendimento nominal mensal domiciliar per capita,Sem rendimento
Distribuição por faixas de renda,2022,Município,2514800,São José dos Cordeiros (PB),"Moradores em domicílios particulares permanentes ocupados, exclusive os cuja condição no domicílio era pensionista, empregado(a) doméstico(a) ou parente do(a) empregado(a) doméstico(a)",Pessoas,12,Classes de rendimento nominal mensal domiciliar per capita,Sem rendimento
Distribuição por faixas de renda,2022,Município,2514909,São Mamede (PB),"Moradores em domicílios particulares permanentes ocupados, exclusive os cuja condição no domicílio era pensionista, empregado(a) doméstico(a) ou parente do(a) empregado(a) doméstico(a)",Pessoas,19,Classes de rendimento nominal mensal domiciliar per capita,Sem rendimento
Distribuição por faixas de renda,2022,Município,2515005,São Miguel de Taipu (PB),"Moradores em domicílios particulares permanentes ocupados, exclusive os cuja condição no domicílio era pensionista, empregado(a) doméstico(a) ou parente do(a) empregado(a) doméstico(a)",Pessoas,115,Classes de rendimento nominal mensal domiciliar per capita,Sem rendimento
Distribuição por faixas de renda,2022,Município,2515104,São Sebastião de Lagoa de Roça (PB),"Moradores em domicílios particulares permanentes ocupados, exclusive os cuja condição no domicílio era pensionista, empregado(a) doméstico(a) ou parente do(a) empregado(a) doméstico(a)",Pessoas,129,Classes de rendimento nominal mensal domiciliar per capita,Sem rendimento
Distribuição por faixas de renda,2022,Município,2515203,São Sebastião do Umbuzeiro (PB),"Moradores em domicílios particulares permanentes ocupados, exclusive os cuja condição no domicílio era pensionista, empregado(a) doméstico(a) ou parente do(a) empregado(a) doméstico(a)",Pessoas,120,Classes de rendimento nominal mensal domiciliar per capita,Sem rendimento
Distribuição por faixas de renda,2022,Município,2515302,Sapé (PB),"Moradores em domicílios particulares permanentes ocupados, exclusive os cuja condição no domicílio era pensionista, empregado(a) doméstico(a) ou parente do(a) empregado(a) doméstico(a)",Pessoas,718,Classes de rendimento nominal mensal domiciliar per capita,Sem rendimento
Distribuição por faixas de renda,2022,Município,2515401,São Vicente do Seridó (PB),"Moradores em domicílios particulares permanentes ocupados, exclusive os cuja condição no domicílio era pensionista, empregado(a) doméstico(a) ou parente do(a) empregado(a) doméstico(a)",Pessoas,181,Classes de rendimento nominal mensal domiciliar per capita,Sem rendimento
Distribuição por faixas de renda,2022,Município,2515500,Serra Branca (PB),"Moradores em domicílios particulares permanentes ocupados, exclusive os cuja condição no domicílio era pensionista, empregado(a) doméstico(a) ou parente do(a) empregado(a) doméstico(a)",Pessoas,374,Classes de rendimento nominal mensal domiciliar per capita,Sem rendimento
Distribuição por faixas de renda,2022,Município,2515609,Serra da Raiz (PB),"Moradores em domicílios particulares permanentes ocupados, exclusive os cuja condição no domicílio era pensionista, empregado(a) doméstico(a) ou parente do(a) empregado(a) doméstico(a)",Pessoas,56,Classes de rendimento nominal mensal domiciliar per capita,Sem rendimento
Distribuição por faixas de renda,2022,Município,2515708,Serra Grande (PB),"Moradores em domicílios particulares permanentes ocupados, exclusive os cuja condição no domicílio era pensionista, empregado(a) doméstico(a) ou parente do(a) empregado(a) doméstico(a)",Pessoas,0,Classes de rendimento nominal mensal domiciliar per capita,Sem rendimento
Distribuição por faixas de renda,2022,Município,2515807,Serra Redonda (PB),"Moradores em domicílios particulares permanentes ocupados, exclusive os cuja condição no domicílio era pensionista, empregado(a) doméstico(a) ou parente do(a) empregado(a) doméstico(a)",Pessoas,46,Classes de rendimento nominal mensal domiciliar per capita,Sem rendimento
Distribuição por faixas de renda,2022,Município,2515906,Serraria (PB),"Moradores em domicílios particulares permanentes ocupados, exclusive os cuja condição no domicílio era pensionista, empregado(a) doméstico(a) ou parente do(a) empregado(a) doméstico(a)",Pessoas,36,Classes de rendimento nominal mensal domiciliar per capita,Sem rendimento
Distribuição por faixas de renda,2022,Município,2515930,Sertãozinho (PB),"Moradores em domicílios particulares permanentes ocupados, exclusive os cuja condição no domicílio era pensionista, empregado(a) doméstico(a) ou parente do(a) empregado(a) doméstico(a)",Pessoas,76,Classes de rendimento nominal mensal domiciliar per capita,Sem rendimento
Distribuição por faixas de renda,2022,Município,2515971,Sobrado (PB),"Moradores em domicílios particulares permanentes ocupados, exclusive os cuja condição no domicílio era pensionista, empregado(a) doméstico(a) ou parente do(a) empregado(a) doméstico(a)",Pessoas,216,Classes de rendimento nominal mensal domiciliar per capita,Sem rendimento
Distribuição por faixas de renda,2022,Município,2516003,Solânea (PB),"Moradores em domicílios particulares permanentes ocupados, exclusive os cuja condição no domicílio era pensionista, empregado(a) doméstico(a) ou parente do(a) empregado(a) doméstico(a)",Pessoas,381,Classes de rendimento nominal mensal domiciliar per capita,Sem rendimento
Distribuição por faixas de renda,2022,Município,2516102,Soledade (PB),"Moradores em domicílios particulares permanentes ocupados, exclusive os cuja condição no domicílio era pensionista, empregado(a) doméstico(a) ou parente do(a) empregado(a) doméstico(a)",Pessoas,242,Classes de rendimento nominal mensal domiciliar per capita,Sem rendimento
Distribuição por faixas de renda,2022,Município,2516151,Sossêgo (PB),"Moradores em domicílios particulares permanentes ocupados, exclusive os cuja condição no domicílio era pensionista, empregado(a) doméstico(a) ou parente do(a) empregado(a) doméstico(a)",Pessoas,94,Classes de rendimento nominal mensal domiciliar per capita,Sem rendimento
Distribuição por faixas de renda,2022,Município,2516201,Sousa (PB),"Moradores em domicílios particulares permanentes ocupados, exclusive os cuja condição no domicílio era pensionista, empregado(a) doméstico(a) ou parente do(a) empregado(a) doméstico(a)",Pessoas,1374,Classes de rendimento nominal mensal domiciliar per capita,Sem rendimento
Distribuição por faixas de renda,2022,Município,2516300,Sumé (PB),"Moradores em domicílios particulares permanentes ocupados, exclusive os cuja condição no domicílio era pensionista, empregado(a) doméstico(a) ou parente do(a) empregado(a) doméstico(a)",Pessoas,269,Classes de rendimento nominal mensal domiciliar per capita,Sem rendimento
Distribuição por faixas de renda,2022,Município,2516409,Tacima (PB),"Moradores em domicílios particulares permanentes ocupados, exclusive os cuja condição no domicílio era pensionista, empregado(a) doméstico(a) ou parente do(a) empregado(a) doméstico(a)",Pessoas,69,Classes de rendimento nominal mensal domiciliar per capita,Sem rendimento
Distribuição por faixas de renda,2022,Município,2516508,Taperoá (PB),"Moradores em domicílios particulares permanentes ocupados, exclusive os cuja condição no domicílio era pensionista, empregado(a) doméstico(a) ou parente do(a) empregado(a) doméstico(a)",Pessoas,344,Classes de rendimento nominal mensal domiciliar per capita,Sem rendimento
Distribuição por faixas de renda,2022,Município,2516607,Tavares (PB),"Moradores em domicílios particulares permanentes ocupados, exclusive os cuja condição no domicílio era pensionista, empregado(a) doméstico(a) ou parente do(a) empregado(a) doméstico(a)",Pessoas,153,Classes de rendimento nominal mensal domiciliar per capita,Sem rendimento
Distribuição por faixas de renda,2022,Município,2516706,Teixeira (PB),"Moradores em domicílios particulares permanentes ocupados, exclusive os cuja condição no domicílio era pensionista, empregado(a) doméstico(a) ou parente do(a) empregado(a) doméstico(a)",Pessoas,388,Classes de rendimento nominal mensal domiciliar per capita,Sem rendimento
Distribuição por faixas de renda,2022,Município,2516755,Tenório (PB),"Moradores em domicílios particulares permanentes ocupados, exclusive os cuja condição no domicílio era pensionista, empregado(a) doméstico(a) ou parente do(a) empregado(a) doméstico(a)",Pessoas,34,Classes de rendimento nominal mensal domiciliar per capita,Sem rendimento
Distribuição por faixas de renda,2022,Município,2516805,Triunfo (PB),"Moradores em domicílios particulares permanentes ocupados, exclusive os cuja condição no domicílio era pensionista, empregado(a) doméstico(a) ou parente do(a) empregado(a) doméstico(a)",Pessoas,252,Classes de rendimento nominal mensal domiciliar per capita,Sem rendimento
Distribuição por faixas de renda,2022,Município,2516904,Uiraúna (PB),"Moradores em domicílios particulares permanentes ocupados, exclusive os cuja condição no domicílio era pensionista, empregado(a) doméstico(a) ou parente do(a) empregado(a) doméstico(a)",Pessoas,163,Classes de rendimento nominal mensal domiciliar per capita,Sem rendimento
Distribuição por faixas de renda,2022,Município,2517001,Umbuzeiro (PB),"Moradores em domicílios particulares permanentes ocupados, exclusive os cuja condição no domicílio era pensionista, empregado(a) doméstico(a) ou parente do(a) empregado(a) doméstico(a)",Pessoas,67,Classes de rendimento nominal mensal domiciliar per capita,Sem rendimento
Distribuição por faixas de renda,2022,Município,2517100,Várzea (PB),"Moradores em domicílios particulares permanentes ocupados, exclusive os cuja condição no domicílio era pensionista, empregado(a) doméstico(a) ou parente do(a) empregado(a) doméstico(a)",Pessoas,5,Classes de rendimento nominal mensal domiciliar per capita,Sem rendimento
Distribuição por faixas de renda,2022,Município,2517209,Vieirópolis (PB),"Moradores em domicílios particulares permanentes ocupados, exclusive os cuja condição no domicílio era pensionista, empregado(a) doméstico(a) ou parente do(a) empregado(a) doméstico(a)",Pessoas,60,Classes de rendimento nominal mensal domiciliar per capita,Sem rendimento
Distribuição por faixas de renda,2022,Município,2517407,Zabelê (PB),"Moradores em domicílios particulares permanentes ocupados, exclusive os cuja condição no domicílio era pensionista, empregado(a) doméstico(a) ou parente do(a) empregado(a) doméstico(a)",Pessoas,37,Classes de rendimento nominal mensal domiciliar per capita,Sem rendimento
